shape_id,shape_pt_lat,shape_pt_lon,shape_pt_sequence,shape_dist_traveled
shape_J200CWLMYJB_1,1.48682,103.88541,0,0
shape_J200CWLMYJB_1,1.486788,103.885404,1,4
shape_J200CWLMYJB_1,1.486757,103.885405,2,7
shape_J200CWLMYJB_1,1.486735,103.885403,3,9
shape_J200CWLMYJB_1,1.486674659346924,103.88540235276126,4,16
shape_J200CWLMYJB_1,1.4865916703265576,103.88540138773152,5,25
shape_J200CWLMYJB_1,1.486538,103.885396,6,31
shape_J200CWLMYJB_1,1.486486,103.885407,7,37
shape_J200CWLMYJB_1,1.4864570000000072,103.88541002331354,8,40
shape_J200CWLMYJB_1,1.4864363571229724,103.88541137024642,9,42
shape_J200CWLMYJB_1,1.4864260274495982,103.88541132944778,10,43
shape_J200CWLMYJB_1,1.4864283241834753,103.88536964856623,11,48
shape_J200CWLMYJB_1,1.486433,103.885326,12,53
shape_J200CWLMYJB_1,1.486435,103.885270,13,59
shape_J200CWLMYJB_1,1.4864406538568702,103.88522865306712,14,64
shape_J200CWLMYJB_1,1.486445,103.885191,15,68
shape_J200CWLMYJB_1,1.486447,103.885147,16,73
shape_J200CWLMYJB_1,1.486450,103.885102,17,78
shape_J200CWLMYJB_1,1.486455,103.885050,18,84
shape_J200CWLMYJB_1,1.486457,103.884996,19,90
shape_J200CWLMYJB_1,1.486462,103.884944,20,96
shape_J200CWLMYJB_1,1.4864649780403951,103.88489999417162,21,101
shape_J200CWLMYJB_1,1.486468,103.884862,22,105
shape_J200CWLMYJB_1,1.486472,103.884833,23,108
shape_J200CWLMYJB_1,1.486473,103.884798,24,112
shape_J200CWLMYJB_1,1.486476,103.884768,25,115
shape_J200CWLMYJB_1,1.486478,103.884747,26,117
shape_J200CWLMYJB_1,1.4864856593468128,103.88469864723872,27,122
shape_J200CWLMYJB_1,1.486488,103.884640,28,129
shape_J200CWLMYJB_1,1.486490,103.884600,29,133
shape_J200CWLMYJB_1,1.486493664836698,103.884502,30,144
shape_J200CWLMYJB_1,1.486496,103.884442,31,151
shape_J200CWLMYJB_1,1.486497,103.884398,32,156
shape_J200CWLMYJB_1,1.486500,103.884354,33,161
shape_J200CWLMYJB_1,1.486499340653177,103.88429466472388,34,168
shape_J200CWLMYJB_1,1.486504,103.884223,35,176
shape_J200CWLMYJB_1,1.486506,103.884149,36,184
shape_J200CWLMYJB_1,1.486513,103.883996,37,201
shape_J200CWLMYJB_1,1.486519,103.883863,38,216
shape_J200CWLMYJB_1,1.486524,103.883763,39,227
shape_J200CWLMYJB_1,1.486529,103.883635,40,241
shape_J200CWLMYJB_1,1.486529,103.883586,41,246
shape_J200CWLMYJB_1,1.4865319835303865,103.88355865889552,42,249
shape_J200CWLMYJB_1,1.4865376538569866,103.88352033527613,43,253
shape_J200CWLMYJB_1,1.486546,103.883470,44,259
shape_J200CWLMYJB_1,1.4865503241835634,103.88342899999998,45,264
shape_J200CWLMYJB_1,1.486557,103.883368,46,271
shape_J200CWLMYJB_1,1.486563,103.883322,47,276
shape_J200CWLMYJB_1,1.486567,103.883272,48,282
shape_J200CWLMYJB_1,1.486576,103.883215,49,288
shape_J200CWLMYJB_1,1.486582,103.883170,50,293
shape_J200CWLMYJB_1,1.486587,103.883137,51,297
shape_J200CWLMYJB_1,1.486601,103.883042,52,308
shape_J200CWLMYJB_1,1.486619,103.882938,53,320
shape_J200CWLMYJB_1,1.486628,103.882887,54,326
shape_J200CWLMYJB_1,1.486637,103.882853,55,330
shape_J200CWLMYJB_1,1.486656,103.882785,56,338
shape_J200CWLMYJB_1,1.486666,103.882745,57,343
shape_J200CWLMYJB_1,1.486677,103.882694,58,349
shape_J200CWLMYJB_1,1.486683,103.882670,59,352
shape_J200CWLMYJB_1,1.486691,103.882651,60,354
shape_J200CWLMYJB_1,1.486700,103.882625,61,357
shape_J200CWLMYJB_1,1.486718,103.882575,62,363
shape_J200CWLMYJB_1,1.486735,103.882534,63,368
shape_J200CWLMYJB_1,1.486744,103.882512,64,371
shape_J200CWLMYJB_1,1.486760,103.882487,65,374
shape_J200CWLMYJB_1,1.486786,103.882447,66,379
shape_J200CWLMYJB_1,1.486815,103.882413,67,384
shape_J200CWLMYJB_1,1.486851,103.882368,68,390
shape_J200CWLMYJB_1,1.486886,103.882332,69,396
shape_J200CWLMYJB_1,1.486918,103.882300,70,401
shape_J200CWLMYJB_1,1.486939,103.882282,71,404
shape_J200CWLMYJB_1,1.486981,103.882247,72,410
shape_J200CWLMYJB_1,1.487037,103.882200,73,418
shape_J200CWLMYJB_1,1.487136,103.882116,74,432
shape_J200CWLMYJB_1,1.487249,103.882021,75,448
shape_J200CWLMYJB_1,1.487270,103.882005,76,451
shape_J200CWLMYJB_1,1.487320,103.881963,77,458
shape_J200CWLMYJB_1,1.487358,103.881935,78,463
shape_J200CWLMYJB_1,1.487453,103.881876,79,475
shape_J200CWLMYJB_1,1.487560,103.881813,80,489
shape_J200CWLMYJB_1,1.487636,103.881774,81,498
shape_J200CWLMYJB_1,1.487743,103.881724,82,511
shape_J200CWLMYJB_1,1.487967,103.881638,83,538
shape_J200CWLMYJB_1,1.4880586474063984,103.88160156869986,84,549
shape_J200CWLMYJB_1,1.48808,103.88153,85,557
shape_J200CWLMYJB_1,1.4881370753399323,103.88159220399334,86,566
shape_J200CWLMYJB_1,1.488229,103.881565,87,577
shape_J200CWLMYJB_1,1.488332,103.881533,88,589
shape_J200CWLMYJB_1,1.4884326703260127,103.88150135858965,89,601
shape_J200CWLMYJB_1,1.488624010977838,103.88144170552252,90,623
shape_J200CWLMYJB_1,1.488694,103.881421,91,631
shape_J200CWLMYJB_1,1.488734,103.881409,92,636
shape_J200CWLMYJB_1,1.4888538408246696,103.88137875797794,93,650
shape_J200CWLMYJB_1,1.4889153351629276,103.88136431779098,94,657
shape_J200CWLMYJB_1,1.488986,103.881350,95,665
shape_J200CWLMYJB_1,1.4890589670677132,103.88133303497028,96,673
shape_J200CWLMYJB_1,1.4891230000000146,103.88132265889548,97,680
shape_J200CWLMYJB_1,1.489195,103.881311,98,688
shape_J200CWLMYJB_1,1.4892709447574055,103.8813046647239,99,696
shape_J200CWLMYJB_1,1.489421994511445,103.8812873819032,100,713
shape_J200CWLMYJB_1,1.489562,103.881268,101,729
shape_J200CWLMYJB_1,1.4896936648372012,103.88125302914193,102,744
shape_J200CWLMYJB_1,1.489772,103.881245,103,753
shape_J200CWLMYJB_1,1.489852,103.881233,104,762
shape_J200CWLMYJB_1,1.4899330054883255,103.88122105245543,105,771
shape_J200CWLMYJB_1,1.490037,103.881202,106,783
shape_J200CWLMYJB_1,1.4900864943221706,103.88119065889552,107,789
shape_J200CWLMYJB_1,1.490140,103.881177,108,795
shape_J200CWLMYJB_1,1.490190697766482,103.88114934110449,109,801
shape_J200CWLMYJB_1,1.4902514504144768,103.88111427699232,110,809
shape_J200CWLMYJB_1,1.490325703254274,103.88104502331352,111,820
shape_J200CWLMYJB_1,1.490401,103.880974,112,832
shape_J200CWLMYJB_1,1.4904394766949094,103.88093398003343,113,838
shape_J200CWLMYJB_1,1.49044,103.88085,114,847
shape_J200CWLMYJB_1,1.4905460329282496,103.88082969969419,115,859
shape_J200CWLMYJB_1,1.4906403516266633,103.88073271135092,116,874
shape_J200CWLMYJB_1,1.490758351626481,103.88062937024644,117,891
shape_J200CWLMYJB_1,1.4909223571140953,103.88048004079867,118,916
shape_J200CWLMYJB_1,1.4911223461381429,103.88029369386578,119,946
shape_J200CWLMYJB_1,1.491251,103.880180,120,965
shape_J200CWLMYJB_1,1.4915140384131906,103.87995134110449,121,1004
shape_J200CWLMYJB_1,1.4916593516251073,103.87982435858966,122,1025
shape_J200CWLMYJB_1,1.491796686787387,103.87968834693288,123,1046
shape_J200CWLMYJB_1,1.491951021949594,103.8795360291419,124,1070
shape_J200CWLMYJB_1,1.492154675812174,103.87933302331352,125,1102
shape_J200CWLMYJB_1,1.492238,103.879250,126,1115
shape_J200CWLMYJB_1,1.492268,103.879220,127,1120
shape_J200CWLMYJB_1,1.492298,103.879178,128,1126
shape_J200CWLMYJB_1,1.4923179890255742,103.87914647238729,129,1130
shape_J200CWLMYJB_1,1.492349,103.879187,130,1136
shape_J200CWLMYJB_1,1.492381,103.879217,131,1141
shape_J200CWLMYJB_1,1.492439,103.879277,132,1150
shape_J200CWLMYJB_1,1.492478,103.879316,133,1156
shape_J200CWLMYJB_1,1.492545,103.879380,134,1166
shape_J200CWLMYJB_1,1.492590,103.879420,135,1173
shape_J200CWLMYJB_1,1.492617665740501,103.87944428587916,136,1177
shape_J200CWLMYJB_1,1.492656,103.879474,137,1182
shape_J200CWLMYJB_1,1.492679,103.879490,138,1185
shape_J200CWLMYJB_1,1.492717,103.879507,139,1190
shape_J200CWLMYJB_1,1.492757,103.879523,140,1195
shape_J200CWLMYJB_1,1.492803,103.879534,141,1200
shape_J200CWLMYJB_1,1.4928629556482658,103.87954508742571,142,1207
shape_J200CWLMYJB_1,1.492910,103.879550,143,1212
shape_J200CWLMYJB_1,1.492995,103.879550,144,1221
shape_J200CWLMYJB_1,1.493100,103.879555,145,1233
shape_J200CWLMYJB_1,1.493216,103.879558,146,1246
shape_J200CWLMYJB_1,1.49459,103.87961,147,1399
shape_J200CWLMYJB_1,1.4952617743960064,103.87963794932037,148,1474
shape_J200CWLMYJB_1,1.4958231750032338,103.87966702752588,149,1537
shape_J200CWLMYJB_1,1.496135,103.879682,150,1572
shape_J200CWLMYJB_1,1.496221,103.879684,151,1582
shape_J200CWLMYJB_1,1.496256,103.879685,152,1586
shape_J200CWLMYJB_1,1.4962175568046185,103.88051103603888,153,1678
shape_J200CWLMYJB_1,1.49621,103.88088,154,1719
shape_J200CWLMYJB_1,1.496201,103.880950,155,1727
shape_J200CWLMYJB_1,1.496200,103.881035,156,1736
shape_J200CWLMYJB_1,1.496198,103.881129,157,1746
shape_J200CWLMYJB_1,1.4961991229047285,103.88119816088678,158,1754
shape_J200CWLMYJB_1,1.496197,103.881281,159,1763
shape_J200CWLMYJB_1,1.496194,103.881407,160,1777
shape_J200CWLMYJB_1,1.496188,103.881512,161,1789
shape_J200CWLMYJB_1,1.496185,103.881623,162,1801
shape_J200CWLMYJB_1,1.496180,103.881715,163,1811
shape_J200CWLMYJB_1,1.496177,103.881790,164,1819
shape_J200CWLMYJB_1,1.496171,103.881884,165,1829
shape_J200CWLMYJB_1,1.496167,103.881956,166,1837
shape_J200CWLMYJB_1,1.496161,103.882072,167,1850
shape_J200CWLMYJB_1,1.496156,103.882148,168,1858
shape_J200CWLMYJB_1,1.496152,103.882215,169,1865
shape_J200CWLMYJB_1,1.496151,103.882278,170,1872
shape_J200CWLMYJB_1,1.496145,103.882362,171,1881
shape_J200CWLMYJB_1,1.496138,103.882469,172,1893
shape_J200CWLMYJB_1,1.496135,103.882563,173,1903
shape_J200CWLMYJB_1,1.496128,103.882666,174,1914
shape_J200CWLMYJB_1,1.496124,103.882737,175,1922
shape_J200CWLMYJB_1,1.496119,103.882847,176,1934
shape_J200CWLMYJB_1,1.496115,103.882941,177,1944
shape_J200CWLMYJB_1,1.4961073022488713,103.88317245628068,178,1970
shape_J200CWLMYJB_1,1.49608,103.88322,179,1976
shape_J200CWLMYJB_1,1.496102614378552,103.88330058157248,180,1985
shape_J200CWLMYJB_1,1.496100,103.883385,181,1994
shape_J200CWLMYJB_1,1.496097,103.883448,182,2001
shape_J200CWLMYJB_1,1.496089,103.883503,183,2007
shape_J200CWLMYJB_1,1.496072,103.883606,184,2019
shape_J200CWLMYJB_1,1.496064,103.883656,185,2025
shape_J200CWLMYJB_1,1.496052,103.883728,186,2033
shape_J200CWLMYJB_1,1.496048,103.883749,187,2035
shape_J200CWLMYJB_1,1.496038,103.883771,188,2038
shape_J200CWLMYJB_1,1.496004,103.883839,189,2046
shape_J200CWLMYJB_1,1.495977,103.883908,190,2054
shape_J200CWLMYJB_1,1.495928,103.884003,191,2066
shape_J200CWLMYJB_1,1.4958948080045806,103.88405941600801,192,2073
shape_J200CWLMYJB_1,1.4958240888501282,103.88417475099565,193,2088
shape_J200CWLMYJB_1,1.495784,103.884238,194,2096
shape_J200CWLMYJB_1,1.495747,103.884292,195,2103
shape_J200CWLMYJB_1,1.495704,103.884353,196,2111
shape_J200CWLMYJB_1,1.495680,103.884386,197,2116
shape_J200CWLMYJB_1,1.495651,103.884423,198,2121
shape_J200CWLMYJB_1,1.495617,103.884458,199,2126
shape_J200CWLMYJB_1,1.495568,103.884495,200,2133
shape_J200CWLMYJB_1,1.495536,103.884520,201,2138
shape_J200CWLMYJB_1,1.495506,103.884543,202,2142
shape_J200CWLMYJB_1,1.495480,103.884565,203,2146
shape_J200CWLMYJB_1,1.495466,103.884577,204,2148
shape_J200CWLMYJB_1,1.4954463411768195,103.88458993865775,205,2151
shape_J200CWLMYJB_1,1.49544,103.88458,206,2152
shape_J200CWLMYJB_1,1.495467,103.884561,207,2156
shape_J200CWLMYJB_1,1.495487,103.884545,208,2159
shape_J200CWLMYJB_1,1.495508,103.884527,209,2162
shape_J200CWLMYJB_1,1.495547,103.884497,210,2167
shape_J200CWLMYJB_1,1.495578,103.884473,211,2171
shape_J200CWLMYJB_1,1.495610,103.884448,212,2176
shape_J200CWLMYJB_1,1.495628,103.884434,213,2179
shape_J200CWLMYJB_1,1.495651,103.884407,214,2183
shape_J200CWLMYJB_1,1.495675,103.884375,215,2187
shape_J200CWLMYJB_1,1.495698,103.884343,216,2191
shape_J200CWLMYJB_1,1.495725,103.884307,217,2196
shape_J200CWLMYJB_1,1.495750,103.884271,218,2201
shape_J200CWLMYJB_1,1.495783,103.884220,219,2208
shape_J200CWLMYJB_1,1.495806,103.884185,220,2213
shape_J200CWLMYJB_1,1.495831,103.884144,221,2218
shape_J200CWLMYJB_1,1.495870,103.884078,222,2227
shape_J200CWLMYJB_1,1.495907,103.884017,223,2235
shape_J200CWLMYJB_1,1.495923,103.883992,224,2238
shape_J200CWLMYJB_1,1.495938,103.883965,225,2241
shape_J200CWLMYJB_1,1.495960,103.883915,226,2247
shape_J200CWLMYJB_1,1.495987,103.883853,227,2255
shape_J200CWLMYJB_1,1.496016,103.883794,228,2262
shape_J200CWLMYJB_1,1.496036,103.883750,229,2267
shape_J200CWLMYJB_1,1.496044,103.883726,230,2270
shape_J200CWLMYJB_1,1.496056,103.883639,231,2280
shape_J200CWLMYJB_1,1.496063,103.883602,232,2284
shape_J200CWLMYJB_1,1.496070,103.883555,233,2289
shape_J200CWLMYJB_1,1.496079,103.883507,234,2294
shape_J200CWLMYJB_1,1.496085,103.883463,235,2299
shape_J200CWLMYJB_1,1.496084,103.883432,236,2302
shape_J200CWLMYJB_1,1.496087,103.883394,237,2306
shape_J200CWLMYJB_1,1.496090,103.883336,238,2312
shape_J200CWLMYJB_1,1.496091,103.883279,239,2318
shape_J200CWLMYJB_1,1.496097,103.883160,240,2331
shape_J200CWLMYJB_1,1.496100,103.883079,241,2340
shape_J200CWLMYJB_1,1.496102,103.882980,242,2351
shape_J200CWLMYJB_1,1.496108,103.882868,243,2363
shape_J200CWLMYJB_1,1.496110,103.882794,244,2371
shape_J200CWLMYJB_1,1.496113,103.882714,245,2380
shape_J200CWLMYJB_1,1.496120,103.882615,246,2391
shape_J200CWLMYJB_1,1.496130,103.882436,247,2411
shape_J200CWLMYJB_1,1.496137,103.882323,248,2424
shape_J200CWLMYJB_1,1.496146,103.882150,249,2443
shape_J200CWLMYJB_1,1.496158,103.881927,250,2468
shape_J200CWLMYJB_1,1.496164,103.881842,251,2477
shape_J200CWLMYJB_1,1.496169,103.881711,252,2492
shape_J200CWLMYJB_1,1.496173,103.881618,253,2502
shape_J200CWLMYJB_1,1.496178,103.881545,254,2510
shape_J200CWLMYJB_1,1.496181,103.881428,255,2523
shape_J200CWLMYJB_1,1.496186,103.881358,256,2531
shape_J200CWLMYJB_1,1.4961853406472914,103.88130100000001,257,2537
shape_J200CWLMYJB_1,1.496186,103.881222,258,2546
shape_J200CWLMYJB_1,1.496185,103.881141,259,2555
shape_J200CWLMYJB_1,1.496188,103.881063,260,2564
shape_J200CWLMYJB_1,1.496188,103.880988,261,2572
shape_J200CWLMYJB_1,1.496192,103.880894,262,2582
shape_J200CWLMYJB_1,1.496193,103.880824,263,2590
shape_J200CWLMYJB_1,1.496202,103.880701,264,2604
shape_J200CWLMYJB_1,1.496206,103.880596,265,2616
shape_J200CWLMYJB_1,1.496209,103.880504,266,2626
shape_J200CWLMYJB_1,1.496216,103.880392,267,2638
shape_J200CWLMYJB_1,1.496222,103.880212,268,2658
shape_J200CWLMYJB_1,1.496228,103.880058,269,2675
shape_J200CWLMYJB_1,1.496237,103.879904,270,2692
shape_J200CWLMYJB_1,1.496244,103.879735,271,2711
shape_J200CWLMYJB_1,1.496255,103.879580,272,2728
shape_J200CWLMYJB_1,1.496256,103.879492,273,2738
shape_J200CWLMYJB_1,1.496262,103.879424,274,2746
shape_J200CWLMYJB_1,1.496267,103.879343,275,2755
shape_J200CWLMYJB_1,1.496280,103.879162,276,2775
shape_J200CWLMYJB_1,1.496285,103.879043,277,2788
shape_J200CWLMYJB_1,1.496299,103.878804,278,2815
shape_J200CWLMYJB_1,1.496311,103.878588,279,2839
shape_J200CWLMYJB_1,1.496330,103.878275,280,2874
shape_J200CWLMYJB_1,1.496341,103.878006,281,2904
shape_J200CWLMYJB_1,1.496349,103.877825,282,2924
shape_J200CWLMYJB_1,1.496361,103.877633,283,2945
shape_J200CWLMYJB_1,1.4963630164561301,103.87753899417163,284,2955
shape_J200CWLMYJB_1,1.496371,103.877365,285,2974
shape_J200CWLMYJB_1,1.496382,103.877124,286,3001
shape_J200CWLMYJB_1,1.496395,103.876847,287,3032
shape_J200CWLMYJB_1,1.496411,103.876510,288,3070
shape_J200CWLMYJB_1,1.496418,103.876384,289,3084
shape_J200CWLMYJB_1,1.496420,103.876338,290,3089
shape_J200CWLMYJB_1,1.496421,103.876317,291,3091
shape_J200CWLMYJB_1,1.496421,103.876302,292,3093
shape_J200CWLMYJB_1,1.496422,103.876288,293,3095
shape_J200CWLMYJB_1,1.496422,103.876278,294,3096
shape_J200CWLMYJB_1,1.496424,103.876267,295,3097
shape_J200CWLMYJB_1,1.496429,103.876257,296,3098
shape_J200CWLMYJB_1,1.49643,103.87625,297,3099
shape_J200CWLMYJB_1,1.496436,103.876226,298,3102
shape_J200CWLMYJB_1,1.496441,103.876205,299,3104
shape_J200CWLMYJB_1,1.496449,103.876193,300,3106
shape_J200CWLMYJB_1,1.496456,103.876181,301,3108
shape_J200CWLMYJB_1,1.496464,103.876170,302,3110
shape_J200CWLMYJB_1,1.4964743296764618,103.8761596530671,303,3112
shape_J200CWLMYJB_1,1.4964886703235543,103.8761506588955,304,3114
shape_J200CWLMYJB_1,1.496507,103.876143,305,3116
shape_J200CWLMYJB_1,1.496529,103.876136,306,3119
shape_J200CWLMYJB_1,1.496546,103.876131,307,3121
shape_J200CWLMYJB_1,1.496583,103.876131,308,3125
shape_J200CWLMYJB_1,1.4966290054852607,103.8761386588955,309,3130
shape_J200CWLMYJB_1,1.496720,103.876151,310,3140
shape_J200CWLMYJB_1,1.496865,103.876171,311,3156
shape_J200CWLMYJB_1,1.496926,103.876178,312,3163
shape_J200CWLMYJB_1,1.497038,103.876193,313,3176
shape_J200CWLMYJB_1,1.497145,103.876208,314,3188
shape_J200CWLMYJB_1,1.497220,103.876219,315,3196
shape_J200CWLMYJB_1,1.497276,103.876225,316,3202
shape_J200CWLMYJB_1,1.497374,103.876238,317,3213
shape_J200CWLMYJB_1,1.49743,103.87618,318,3222
shape_J200CWLMYJB_1,1.497496,103.876256,319,3233
shape_J200CWLMYJB_1,1.497560,103.876266,320,3240
shape_J200CWLMYJB_1,1.497646,103.876277,321,3250
shape_J200CWLMYJB_1,1.497745,103.876291,322,3261
shape_J200CWLMYJB_1,1.497844,103.876304,323,3272
shape_J200CWLMYJB_1,1.4979080712843278,103.87631413930418,324,3279
shape_J200CWLMYJB_1,1.498024,103.876331,325,3292
shape_J200CWLMYJB_1,1.498113,103.876344,326,3302
shape_J200CWLMYJB_1,1.498251,103.876362,327,3317
shape_J200CWLMYJB_1,1.498354,103.876378,328,3329
shape_J200CWLMYJB_1,1.498451,103.876392,329,3340
shape_J200CWLMYJB_1,1.498681,103.876425,330,3366
shape_J200CWLMYJB_1,1.498820,103.876444,331,3382
shape_J200CWLMYJB_1,1.498966,103.876465,332,3398
shape_J200CWLMYJB_1,1.499111,103.876485,333,3414
shape_J200CWLMYJB_1,1.499248,103.876505,334,3429
shape_J200CWLMYJB_1,1.499341,103.876517,335,3439
shape_J200CWLMYJB_1,1.499458,103.876532,336,3452
shape_J200CWLMYJB_1,1.499603,103.876548,337,3468
shape_J200CWLMYJB_1,1.499733,103.876566,338,3483
shape_J200CWLMYJB_1,1.499884,103.876585,339,3500
shape_J200CWLMYJB_1,1.500088,103.876609,340,3523
shape_J200CWLMYJB_1,1.500171,103.876620,341,3532
shape_J200CWLMYJB_1,1.500302,103.876634,342,3547
shape_J200CWLMYJB_1,1.500443,103.876653,343,3563
shape_J200CWLMYJB_1,1.500586,103.876670,344,3579
shape_J200CWLMYJB_1,1.500678,103.876679,345,3589
shape_J200CWLMYJB_1,1.500759,103.876689,346,3598
shape_J200CWLMYJB_1,1.500886,103.876705,347,3612
shape_J200CWLMYJB_1,1.501074,103.876728,348,3633
shape_J200CWLMYJB_1,1.501157,103.876744,349,3642
shape_J200CWLMYJB_1,1.501146,103.876790,350,3647
shape_J200CWLMYJB_1,1.501136,103.876836,351,3652
shape_J200CWLMYJB_1,1.501128,103.876877,352,3657
shape_J200CWLMYJB_1,1.501110,103.876948,353,3665
shape_J200CWLMYJB_1,1.501096,103.877021,354,3673
shape_J200CWLMYJB_1,1.501074,103.877127,355,3685
shape_J200CWLMYJB_1,1.501061,103.877195,356,3693
shape_J200CWLMYJB_1,1.501044,103.877276,357,3702
shape_J200CWLMYJB_1,1.501028,103.877351,358,3711
shape_J200CWLMYJB_1,1.501009,103.877445,359,3722
shape_J200CWLMYJB_1,1.500978,103.877597,360,3739
shape_J200CWLMYJB_1,1.500945,103.877757,361,3757
shape_J200CWLMYJB_1,1.500919,103.877907,362,3774
shape_J200CWLMYJB_1,1.500899,103.878048,363,3790
shape_J200CWLMYJB_1,1.500874,103.878213,364,3809
shape_J200CWLMYJB_1,1.500851,103.878372,365,3827
shape_J200CWLMYJB_1,1.500816,103.878598,366,3852
shape_J200CWLMYJB_1,1.500793,103.878763,367,3871
shape_J200CWLMYJB_1,1.500769,103.878927,368,3889
shape_J200CWLMYJB_1,1.500751,103.879050,369,3903
shape_J200CWLMYJB_1,1.500740,103.879098,370,3908
shape_J200CWLMYJB_1,1.500717,103.879181,371,3918
shape_J200CWLMYJB_1,1.500666,103.879353,372,3938
shape_J200CWLMYJB_1,1.500615,103.879542,373,3960
shape_J200CWLMYJB_1,1.500567,103.879730,374,3982
shape_J200CWLMYJB_1,1.500539,103.879831,375,3994
shape_J200CWLMYJB_1,1.500524,103.879878,376,3999
shape_J200CWLMYJB_1,1.50048,103.8799,377,4004
shape_J200CWLMYJB_1,1.500499,103.879983,378,4013
shape_J200CWLMYJB_1,1.500467,103.880099,379,4026
shape_J200CWLMYJB_1,1.500454,103.880152,380,4032
shape_J200CWLMYJB_1,1.500440,103.880219,381,4040
shape_J200CWLMYJB_1,1.500425,103.880311,382,4050
shape_J200CWLMYJB_1,1.500405,103.880476,383,4068
shape_J200CWLMYJB_1,1.500393,103.880578,384,4079
shape_J200CWLMYJB_1,1.500387,103.880681,385,4090
shape_J200CWLMYJB_1,1.500381,103.880850,386,4109
shape_J200CWLMYJB_1,1.500371,103.881084,387,4135
shape_J200CWLMYJB_1,1.500367,103.881246,388,4153
shape_J200CWLMYJB_1,1.500364,103.881407,389,4171
shape_J200CWLMYJB_1,1.500364,103.881470,390,4178
shape_J200CWLMYJB_1,1.500369,103.881545,391,4186
shape_J200CWLMYJB_1,1.500384,103.881718,392,4205
shape_J200CWLMYJB_1,1.500395,103.881872,393,4222
shape_J200CWLMYJB_1,1.500407,103.882038,394,4241
shape_J200CWLMYJB_1,1.500421,103.882196,395,4259
shape_J200CWLMYJB_1,1.500435,103.882356,396,4277
shape_J200CWLMYJB_1,1.5004427909596,103.8824709322524,397,4290
shape_J200CWLMYJB_1,1.50046,103.88249,398,4293
shape_J200CWLMYJB_1,1.500448,103.882535,399,4298
shape_J200CWLMYJB_1,1.500453,103.882586,400,4304
shape_J200CWLMYJB_1,1.500454,103.882606,401,4306
shape_J200CWLMYJB_1,1.500474,103.882693,402,4316
shape_J200CWLMYJB_1,1.500508,103.882830,403,4332
shape_J200CWLMYJB_1,1.500547,103.882986,404,4350
shape_J200CWLMYJB_1,1.500581,103.883128,405,4366
shape_J200CWLMYJB_1,1.500610,103.883237,406,4379
shape_J200CWLMYJB_1,1.500643,103.883379,407,4395
shape_J200CWLMYJB_1,1.500677,103.883520,408,4411
shape_J200CWLMYJB_1,1.500688,103.883564,409,4416
shape_J200CWLMYJB_1,1.500695,103.883587,410,4419
shape_J200CWLMYJB_1,1.500718,103.883628,411,4424
shape_J200CWLMYJB_1,1.500742,103.883683,412,4431
shape_J200CWLMYJB_1,1.500794,103.883801,413,4445
shape_J200CWLMYJB_1,1.500851,103.883904,414,4458
shape_J200CWLMYJB_1,1.500965,103.884103,415,4483
shape_J200CWLMYJB_1,1.501087,103.884321,416,4511
shape_J200CWLMYJB_1,1.501182,103.884494,417,4533
shape_J200CWLMYJB_1,1.50120999522031,103.8845620553644,418,4541
shape_J200CWLMYJB_1,1.5012,103.88461,419,4546
shape_J200CWLMYJB_1,1.501257,103.884638,420,4553
shape_J200CWLMYJB_1,1.501317,103.884738,421,4566
shape_J200CWLMYJB_1,1.501379,103.884840,422,4579
shape_J200CWLMYJB_1,1.501460,103.884990,423,4598
shape_J200CWLMYJB_1,1.501523,103.885097,424,4612
shape_J200CWLMYJB_1,1.501567,103.885174,425,4622
shape_J200CWLMYJB_1,1.501592,103.885209,426,4627
shape_J200CWLMYJB_1,1.501658,103.885272,427,4637
shape_J200CWLMYJB_1,1.501718,103.885325,428,4646
shape_J200CWLMYJB_1,1.501824,103.885416,429,4662
shape_J200CWLMYJB_1,1.501973,103.885539,430,4683
shape_J200CWLMYJB_1,1.50216667843927,103.88570890830917,431,4712
shape_J200CWLMYJB_1,1.50219,103.88573,432,4715
shape_J200CWLMYJB_1,1.502288,103.885806,433,4729
shape_J200CWLMYJB_1,1.502375,103.885881,434,4742
shape_J200CWLMYJB_1,1.502457,103.885961,435,4755
shape_J200CWLMYJB_1,1.502538,103.886039,436,4768
shape_J200CWLMYJB_1,1.502624,103.886116,437,4781
shape_J200CWLMYJB_1,1.502693,103.886184,438,4792
shape_J200CWLMYJB_1,1.502753,103.886233,439,4801
shape_J200CWLMYJB_1,1.502796,103.886267,440,4807
shape_J200CWLMYJB_1,1.502835,103.886290,441,4812
shape_J200CWLMYJB_1,1.502855,103.886299,442,4814
shape_J200CWLMYJB_1,1.502868,103.886304,443,4816
shape_J200CWLMYJB_1,1.502879,103.886308,444,4817
shape_J200CWLMYJB_1,1.502889,103.886311,445,4818
shape_J200CWLMYJB_1,1.502905,103.886314,446,4820
shape_J200CWLMYJB_1,1.502925,103.886314,447,4822
shape_J200CWLMYJB_1,1.502940,103.886314,448,4824
shape_J200CWLMYJB_1,1.502953,103.886309,449,4826
shape_J200CWLMYJB_1,1.502964,103.886304,450,4827
shape_J200CWLMYJB_1,1.502976,103.886297,451,4829
shape_J200CWLMYJB_1,1.502987,103.886286,452,4831
shape_J200CWLMYJB_1,1.502996,103.886276,453,4832
shape_J200CWLMYJB_1,1.503003,103.886265,454,4833
shape_J200CWLMYJB_1,1.503015,103.886248,455,4835
shape_J200CWLMYJB_1,1.503055,103.886194,456,4842
shape_J200CWLMYJB_1,1.503088,103.886145,457,4849
shape_J200CWLMYJB_1,1.503145,103.886062,458,4860
shape_J200CWLMYJB_1,1.503206,103.885966,459,4873
shape_J200CWLMYJB_1,1.503271,103.885870,460,4886
shape_J200CWLMYJB_1,1.503329,103.885782,461,4898
shape_J200CWLMYJB_1,1.503350,103.885750,462,4902
shape_J200CWLMYJB_1,1.503366,103.885733,463,4905
shape_J200CWLMYJB_1,1.503457,103.885651,464,4919
shape_J200CWLMYJB_1,1.503544,103.885582,465,4931
shape_J200CWLMYJB_1,1.503692,103.885465,466,4952
shape_J200CWLMYJB_1,1.503758,103.885416,467,4961
shape_J200CWLMYJB_1,1.503990525498989,103.88523495948982,468,4994
shape_J200CWLMYJB_1,1.50403,103.88519,469,5001
shape_J200CWLMYJB_1,1.504129,103.885122,470,5014
shape_J200CWLMYJB_1,1.504207,103.885057,471,5025
shape_J200CWLMYJB_1,1.504243,103.885022,472,5031
shape_J200CWLMYJB_1,1.504311,103.884948,473,5042
shape_J200CWLMYJB_1,1.50435,103.8849,474,5049
shape_J200CWLMYJB_1,1.504461,103.884781,475,5067
shape_J200CWLMYJB_1,1.504534,103.884708,476,5078
shape_J200CWLMYJB_1,1.504595,103.884634,477,5089
shape_J200CWLMYJB_1,1.5047179342216002,103.88444145767212,478,5114
shape_J200CWLMYJB_1,1.504879,103.884519,479,5134
shape_J200CWLMYJB_1,1.505086,103.884608,480,5159
shape_J200CWLMYJB_1,1.505367,103.884743,481,5194
shape_J200CWLMYJB_1,1.505910,103.885002,482,5261
shape_J200CWLMYJB_1,1.506420,103.885245,483,5324
shape_J200CWLMYJB_1,1.507078,103.885555,484,5405
shape_J200CWLMYJB_1,1.50727,103.88563,485,5428
shape_J200CWLMYJB_1,1.507561,103.885744,486,5463
shape_J200CWLMYJB_1,1.507682,103.885786,487,5477
shape_J200CWLMYJB_1,1.5078654046555864,103.88584034970286,488,5498
shape_J200CWLMYJB_1,1.508119,103.885901,489,5527
shape_J200CWLMYJB_1,1.5083846757997343,103.88597664141038,490,5558
shape_J200CWLMYJB_1,1.508449,103.885993,491,5565
shape_J200CWLMYJB_1,1.508433,103.886059,492,5573
shape_J200CWLMYJB_1,1.508393,103.886233,493,5593
shape_J200CWLMYJB_1,1.508381,103.886291,494,5600
shape_J200CWLMYJB_1,1.508366,103.886351,495,5607
shape_J200CWLMYJB_1,1.508351,103.886424,496,5615
shape_J200CWLMYJB_1,1.508330,103.886516,497,5625
shape_J200CWLMYJB_1,1.508293,103.886670,498,5643
shape_J200CWLMYJB_1,1.508265,103.886798,499,5658
shape_J200CWLMYJB_1,1.508219,103.886973,500,5678
shape_J200CWLMYJB_1,1.508182,103.887106,501,5693
shape_J200CWLMYJB_1,1.508133,103.887293,502,5714
shape_J200CWLMYJB_1,1.508097,103.887424,503,5729
shape_J200CWLMYJB_1,1.508048,103.887610,504,5750
shape_J200CWLMYJB_1,1.507998,103.887800,505,5772
shape_J200CWLMYJB_1,1.507951,103.887972,506,5792
shape_J200CWLMYJB_1,1.507929,103.888060,507,5802
shape_J200CWLMYJB_1,1.507902,103.888155,508,5813
shape_J200CWLMYJB_1,1.507871,103.888271,509,5826
shape_J200CWLMYJB_1,1.507849,103.888356,510,5836
shape_J200CWLMYJB_1,1.507809,103.888499,511,5853
shape_J200CWLMYJB_1,1.507764,103.888667,512,5872
shape_J200CWLMYJB_1,1.507739,103.888759,513,5883
shape_J200CWLMYJB_1,1.507693,103.888929,514,5903
shape_J200CWLMYJB_1,1.507651,103.889090,515,5921
shape_J200CWLMYJB_1,1.507603,103.889265,516,5941
shape_J200CWLMYJB_1,1.507556,103.889439,517,5961
shape_J200CWLMYJB_1,1.507487,103.889691,518,5990
shape_J200CWLMYJB_1,1.507473,103.889752,519,5997
shape_J200CWLMYJB_1,1.507460,103.889794,520,6002
shape_J200CWLMYJB_1,1.507436,103.889890,521,6013
shape_J200CWLMYJB_1,1.507410,103.889992,522,6025
shape_J200CWLMYJB_1,1.507391,103.890069,523,6034
shape_J200CWLMYJB_1,1.507355,103.890203,524,6049
shape_J200CWLMYJB_1,1.507312,103.890372,525,6068
shape_J200CWLMYJB_1,1.507290,103.890454,526,6077
shape_J200CWLMYJB_1,1.507249,103.890620,527,6096
shape_J200CWLMYJB_1,1.507202,103.890796,528,6116
shape_J200CWLMYJB_1,1.507184,103.890863,529,6124
shape_J200CWLMYJB_1,1.507178,103.890889,530,6127
shape_J200CWLMYJB_1,1.507167994519592,103.89088559784173,531,6128
shape_J200CWLMYJB_1,1.507186,103.890812,532,6136
shape_J200CWLMYJB_1,1.507212,103.890718,533,6147
shape_J200CWLMYJB_1,1.507235,103.890626,534,6158
shape_J200CWLMYJB_1,1.507262,103.890518,535,6170
shape_J200CWLMYJB_1,1.507294,103.890389,536,6185
shape_J200CWLMYJB_1,1.507335,103.890241,537,6202
shape_J200CWLMYJB_1,1.507367,103.890114,538,6217
shape_J200CWLMYJB_1,1.507403,103.889973,539,6233
shape_J200CWLMYJB_1,1.507432,103.889856,540,6246
shape_J200CWLMYJB_1,1.507480,103.889682,541,6266
shape_J200CWLMYJB_1,1.507521,103.889521,542,6284
shape_J200CWLMYJB_1,1.507579,103.889316,543,6308
shape_J200CWLMYJB_1,1.507623,103.889142,544,6328
shape_J200CWLMYJB_1,1.507683,103.888928,545,6353
shape_J200CWLMYJB_1,1.507730,103.888754,546,6373
shape_J200CWLMYJB_1,1.507802,103.888491,547,6403
shape_J200CWLMYJB_1,1.507842,103.888349,548,6419
shape_J200CWLMYJB_1,1.5078464903533564,103.88830536384107,549,6424
shape_J200CWLMYJB_1,1.50785,103.88826,550,6429
shape_J200CWLMYJB_1,1.507870,103.888226,551,6433
shape_J200CWLMYJB_1,1.507891,103.888160,552,6441
shape_J200CWLMYJB_1,1.507913,103.888075,553,6451
shape_J200CWLMYJB_1,1.507954,103.887917,554,6469
shape_J200CWLMYJB_1,1.507971,103.887855,555,6476
shape_J200CWLMYJB_1,1.508019,103.887674,556,6497
shape_J200CWLMYJB_1,1.508056,103.887540,557,6512
shape_J200CWLMYJB_1,1.508090,103.887410,558,6527
shape_J200CWLMYJB_1,1.508155,103.887165,559,6555
shape_J200CWLMYJB_1,1.508204,103.886982,560,6576
shape_J200CWLMYJB_1,1.508233,103.886880,561,6588
shape_J200CWLMYJB_1,1.508243,103.886845,562,6592
shape_J200CWLMYJB_1,1.508254,103.886788,563,6598
shape_J200CWLMYJB_1,1.508289,103.886636,564,6615
shape_J200CWLMYJB_1,1.508299,103.886594,565,6620
shape_J200CWLMYJB_1,1.508341,103.886415,566,6640
shape_J200CWLMYJB_1,1.508371,103.886284,567,6655
shape_J200CWLMYJB_1,1.508409593602265,103.88611832638932,568,6674
shape_J200CWLMYJB_1,1.508416,103.886100,569,6676
shape_J200CWLMYJB_1,1.508347,103.886083,570,6684
shape_J200CWLMYJB_1,1.508247,103.886055,571,6696
shape_J200CWLMYJB_1,1.508146,103.886028,572,6708
shape_J200CWLMYJB_1,1.508041,103.886001,573,6720
shape_J200CWLMYJB_1,1.507977,103.885991,574,6727
shape_J200CWLMYJB_1,1.50793,103.88601,575,6733
shape_J200CWLMYJB_1,1.507850151698838,103.88595571412087,576,6744
shape_J200CWLMYJB_1,1.507628,103.885880,577,6770
shape_J200CWLMYJB_1,1.507357,103.885778,578,6802
shape_J200CWLMYJB_1,1.50723,103.88573,579,6817
shape_J200CWLMYJB_1,1.507059,103.885657,580,6838
shape_J200CWLMYJB_1,1.506663,103.885473,581,6887
shape_J200CWLMYJB_1,1.506313,103.885303,582,6930
shape_J200CWLMYJB_1,1.505966,103.885144,583,6972
shape_J200CWLMYJB_1,1.505626,103.884981,584,7014
shape_J200CWLMYJB_1,1.505282,103.884817,585,7056
shape_J200CWLMYJB_1,1.504934,103.884655,586,7099
shape_J200CWLMYJB_1,1.504751,103.884547,587,7123
shape_J200CWLMYJB_1,1.50468,103.88449,588,7133
shape_J200CWLMYJB_1,1.504567,103.884415,589,7148
shape_J200CWLMYJB_1,1.5044638026607553,103.88433402331356,590,7163
shape_J200CWLMYJB_1,1.504315,103.884218,591,7184
shape_J200CWLMYJB_1,1.504169,103.884090,592,7206
shape_J200CWLMYJB_1,1.504028,103.883964,593,7227
shape_J200CWLMYJB_1,1.503888,103.883829,594,7249
shape_J200CWLMYJB_1,1.503757,103.883693,595,7270
shape_J200CWLMYJB_1,1.503652,103.883531,596,7291
shape_J200CWLMYJB_1,1.503543,103.883347,597,7315
shape_J200CWLMYJB_1,1.503425,103.883115,598,7344
shape_J200CWLMYJB_1,1.503299,103.882852,599,7376
shape_J200CWLMYJB_1,1.503242803387913,103.8826773472214,600,7396
shape_J200CWLMYJB_1,1.503188,103.882493,601,7417
shape_J200CWLMYJB_1,1.503120,103.882202,602,7450
shape_J200CWLMYJB_1,1.5031018464963137,103.88205612268447,603,7466
shape_J200CWLMYJB_1,1.50309,103.88191,604,7482
shape_J200CWLMYJB_1,1.503069,103.881361,605,7543
shape_J200CWLMYJB_1,1.5030579890354077,103.8807892711639,606,7607
shape_J200CWLMYJB_1,1.503060,103.880410,607,7649
shape_J200CWLMYJB_1,1.503097428359664,103.88008530613419,608,7685
shape_J200CWLMYJB_1,1.50316,103.87965,609,7734
shape_J200CWLMYJB_1,1.503239,103.879274,610,7777
shape_J200CWLMYJB_1,1.503324,103.878882,611,7822
shape_J200CWLMYJB_1,1.503435,103.878341,612,7883
shape_J200CWLMYJB_1,1.503535,103.877784,613,7946
shape_J200CWLMYJB_1,1.503574856711823,103.87759606440066,614,7967
shape_J200CWLMYJB_1,1.50361,103.87749,615,7979
shape_J200CWLMYJB_1,1.503655252930324,103.87737122453689,616,7993
shape_J200CWLMYJB_1,1.503726,103.877192,617,8014
shape_J200CWLMYJB_1,1.503861,103.876891,618,8051
shape_J200CWLMYJB_1,1.503975,103.876593,619,8086
shape_J200CWLMYJB_1,1.504143,103.876181,620,8135
shape_J200CWLMYJB_1,1.504282,103.875834,621,8177
shape_J200CWLMYJB_1,1.50437,103.8756,622,8205
shape_J200CWLMYJB_1,1.504387,103.875517,623,8214
shape_J200CWLMYJB_1,1.504386,103.875492,624,8217
shape_J200CWLMYJB_1,1.504385,103.875470,625,8219
shape_J200CWLMYJB_1,1.504378,103.875455,626,8221
shape_J200CWLMYJB_1,1.504368,103.875440,627,8223
shape_J200CWLMYJB_1,1.504357,103.875413,628,8226
shape_J200CWLMYJB_1,1.504351,103.875396,629,8228
shape_J200CWLMYJB_1,1.504326,103.875344,630,8234
shape_J200CWLMYJB_1,1.504285,103.875290,631,8242
shape_J200CWLMYJB_1,1.504264,103.875270,632,8245
shape_J200CWLMYJB_1,1.504231,103.875237,633,8250
shape_J200CWLMYJB_1,1.504146,103.875162,634,8263
shape_J200CWLMYJB_1,1.504020,103.875054,635,8281
shape_J200CWLMYJB_1,1.503904,103.874948,636,8298
shape_J200CWLMYJB_1,1.503846,103.874886,637,8307
shape_J200CWLMYJB_1,1.503791,103.874856,638,8314
shape_J200CWLMYJB_1,1.503691,103.874806,639,8326
shape_J200CWLMYJB_1,1.503564,103.874741,640,8342
shape_J200CWLMYJB_1,1.503441,103.874684,641,8357
shape_J200CWLMYJB_1,1.503229,103.874578,642,8383
shape_J200CWLMYJB_1,1.502957,103.874439,643,8417
shape_J200CWLMYJB_1,1.502713,103.874322,644,8447
shape_J200CWLMYJB_1,1.502443,103.874198,645,8480
shape_J200CWLMYJB_1,1.502206,103.874088,646,8509
shape_J200CWLMYJB_1,1.501929,103.873960,647,8543
shape_J200CWLMYJB_1,1.501744,103.873858,648,8566
shape_J200CWLMYJB_1,1.501599,103.873782,649,8584
shape_J200CWLMYJB_1,1.501502,103.873730,650,8596
shape_J200CWLMYJB_1,1.501329,103.873640,651,8618
shape_J200CWLMYJB_1,1.501088,103.873511,652,8648
shape_J200CWLMYJB_1,1.500284,103.873050,653,8751
shape_J200CWLMYJB_1,1.499002285177292,103.87222536441803,654,8920
shape_J200CWLMYJB_1,1.497538549656889,103.8712214576721,655,9117
shape_J200CWLMYJB_1,1.497518263273216,103.87122078711985,656,9119
shape_J200CWLMYJB_1,1.497497,103.871218,657,9121
shape_J200CWLMYJB_1,1.497471,103.871217,658,9124
shape_J200CWLMYJB_1,1.497442,103.871215,659,9127
shape_J200CWLMYJB_1,1.497413,103.871217,660,9130
shape_J200CWLMYJB_1,1.497395,103.871217,661,9132
shape_J200CWLMYJB_1,1.497373,103.871220,662,9134
shape_J200CWLMYJB_1,1.497348,103.871221,663,9137
shape_J200CWLMYJB_1,1.497325,103.871224,664,9140
shape_J200CWLMYJB_1,1.4973076538684782,103.87122832361935,665,9142
shape_J200CWLMYJB_1,1.497286,103.871229,666,9144
shape_J200CWLMYJB_1,1.497263,103.871232,667,9147
shape_J200CWLMYJB_1,1.497231,103.871237,668,9151
shape_J200CWLMYJB_1,1.497222,103.871243,669,9152
shape_J200CWLMYJB_1,1.497218,103.871248,670,9153
shape_J200CWLMYJB_1,1.497211,103.871257,671,9154
shape_J200CWLMYJB_1,1.497196,103.871280,672,9157
shape_J200CWLMYJB_1,1.497180,103.871306,673,9160
shape_J200CWLMYJB_1,1.497131,103.871385,674,9170
shape_J200CWLMYJB_1,1.497066,103.871488,675,9184
shape_J200CWLMYJB_1,1.496999,103.871597,676,9198
shape_J200CWLMYJB_1,1.496965,103.871672,677,9207
shape_J200CWLMYJB_1,1.4969640724102775,103.87169421259838,678,9209
shape_J200CWLMYJB_1,1.49699,103.87177,679,9218
shape_J200CWLMYJB_1,1.496950,103.871784,680,9223
shape_J200CWLMYJB_1,1.496941,103.871784,681,9224
shape_J200CWLMYJB_1,1.496932,103.871787,682,9225
shape_J200CWLMYJB_1,1.496923,103.871789,683,9226
shape_J200CWLMYJB_1,1.496912,103.871793,684,9227
shape_J200CWLMYJB_1,1.496899,103.871796,685,9228
shape_J200CWLMYJB_1,1.496884,103.871803,686,9230
shape_J200CWLMYJB_1,1.496866,103.871816,687,9232
shape_J200CWLMYJB_1,1.496827,103.871886,688,9241
shape_J200CWLMYJB_1,1.496782,103.871962,689,9251
shape_J200CWLMYJB_1,1.4967517920262037,103.87201435685873,690,9258
shape_J200CWLMYJB_1,1.496713,103.872098,691,9268
shape_J200CWLMYJB_1,1.496666,103.872220,692,9283
shape_J200CWLMYJB_1,1.496651,103.872265,693,9288
shape_J200CWLMYJB_1,1.4966405677665588,103.87229540827511,694,9292
shape_J200CWLMYJB_1,1.496641,103.872319,695,9295
shape_J200CWLMYJB_1,1.496653,103.872412,696,9305
shape_J200CWLMYJB_1,1.496664,103.872499,697,9315
shape_J200CWLMYJB_1,1.496667332608386,103.87256712908983,698,9323
shape_J200CWLMYJB_1,1.496661,103.872657,699,9333
shape_J200CWLMYJB_1,1.496655,103.872745,700,9343
shape_J200CWLMYJB_1,1.496642,103.872910,701,9361
shape_J200CWLMYJB_1,1.496633,103.873067,702,9378
shape_J200CWLMYJB_1,1.496627,103.873159,703,9388
shape_J200CWLMYJB_1,1.496619,103.873283,704,9402
shape_J200CWLMYJB_1,1.496612,103.873399,705,9415
shape_J200CWLMYJB_1,1.496609,103.873464,706,9422
shape_J200CWLMYJB_1,1.496608,103.873492,707,9425
shape_J200CWLMYJB_1,1.496609,103.873573,708,9434
shape_J200CWLMYJB_1,1.496613,103.873655,709,9443
shape_J200CWLMYJB_1,1.4966187770064752,103.87369364418029,710,9447
shape_J200CWLMYJB_1,1.496622,103.873717,711,9450
shape_J200CWLMYJB_1,1.496625,103.873728,712,9451
shape_J200CWLMYJB_1,1.496630,103.873733,713,9452
shape_J200CWLMYJB_1,1.496635,103.873738,714,9453
shape_J200CWLMYJB_1,1.496643,103.873741,715,9454
shape_J200CWLMYJB_1,1.496650,103.873749,716,9455
shape_J200CWLMYJB_1,1.496656,103.873755,717,9456
shape_J200CWLMYJB_1,1.496661,103.873765,718,9457
shape_J200CWLMYJB_1,1.496666,103.873774,719,9458
shape_J200CWLMYJB_1,1.496670,103.873783,720,9459
shape_J200CWLMYJB_1,1.496673,103.873794,721,9460
shape_J200CWLMYJB_1,1.496675,103.873807,722,9461
shape_J200CWLMYJB_1,1.496677,103.873814,723,9462
shape_J200CWLMYJB_1,1.496679,103.873823,724,9463
shape_J200CWLMYJB_1,1.496679,103.873832,725,9464
shape_J200CWLMYJB_1,1.496677,103.873842,726,9465
shape_J200CWLMYJB_1,1.496670,103.873863,727,9467
shape_J200CWLMYJB_1,1.496663,103.873874,728,9468
shape_J200CWLMYJB_1,1.496660,103.873879,729,9469
shape_J200CWLMYJB_1,1.496655,103.873886,730,9470
shape_J200CWLMYJB_1,1.496646,103.873894,731,9471
shape_J200CWLMYJB_1,1.496641,103.873900,732,9472
shape_J200CWLMYJB_1,1.496634,103.873905,733,9473
shape_J200CWLMYJB_1,1.496626,103.873911,734,9474
shape_J200CWLMYJB_1,1.496619,103.873914,735,9475
shape_J200CWLMYJB_1,1.496606,103.873918,736,9477
shape_J200CWLMYJB_1,1.496597,103.873920,737,9478
shape_J200CWLMYJB_1,1.496586,103.873921,738,9479
shape_J200CWLMYJB_1,1.496574,103.873921,739,9480
shape_J200CWLMYJB_1,1.496566,103.873920,740,9481
shape_J200CWLMYJB_1,1.496558,103.873920,741,9482
shape_J200CWLMYJB_1,1.496548,103.873918,742,9483
shape_J200CWLMYJB_1,1.496540,103.873915,743,9484
shape_J200CWLMYJB_1,1.496534,103.873911,744,9485
shape_J200CWLMYJB_1,1.496528,103.873906,745,9486
shape_J200CWLMYJB_1,1.496517,103.873901,746,9487
shape_J200CWLMYJB_1,1.496513,103.873898,747,9488
shape_J200CWLMYJB_1,1.496507,103.873892,748,9489
shape_J200CWLMYJB_1,1.496501,103.873888,749,9490
shape_J200CWLMYJB_1,1.496491,103.873888,750,9491
shape_J200CWLMYJB_1,1.496480,103.873887,751,9492
shape_J200CWLMYJB_1,1.496458,103.873884,752,9494
shape_J200CWLMYJB_1,1.496409,103.873879,753,9499
shape_J200CWLMYJB_1,1.496327,103.873872,754,9508
shape_J200CWLMYJB_1,1.496233,103.873860,755,9519
shape_J200CWLMYJB_1,1.496133,103.873848,756,9530
shape_J200CWLMYJB_1,1.495951,103.873821,757,9550
shape_J200CWLMYJB_1,1.495850,103.873808,758,9561
shape_J200CWLMYJB_1,1.495767514846476,103.87379607882741,759,9570
shape_J200CWLMYJB_1,1.495591,103.873771,760,9590
shape_J200CWLMYJB_1,1.495494,103.873756,761,9601
shape_J200CWLMYJB_1,1.495398,103.873742,762,9612
shape_J200CWLMYJB_1,1.495311,103.873730,763,9622
shape_J200CWLMYJB_1,1.495232,103.873720,764,9631
shape_J200CWLMYJB_1,1.495188,103.873713,765,9636
shape_J200CWLMYJB_1,1.495157,103.873708,766,9639
shape_J200CWLMYJB_1,1.495115,103.873703,767,9644
shape_J200CWLMYJB_1,1.495059,103.873693,768,9650
shape_J200CWLMYJB_1,1.495021,103.873690,769,9654
shape_J200CWLMYJB_1,1.494943,103.873681,770,9663
shape_J200CWLMYJB_1,1.494818,103.873662,771,9677
shape_J200CWLMYJB_1,1.494713,103.873647,772,9689
shape_J200CWLMYJB_1,1.494604,103.873630,773,9701
shape_J200CWLMYJB_1,1.494509,103.873616,774,9712
shape_J200CWLMYJB_1,1.494399,103.873600,775,9724
shape_J200CWLMYJB_1,1.49374,103.8735,776,9798
shape_J200CWLMYJB_1,1.493466374043102,103.87345492757797,777,9829
shape_J200CWLMYJB_1,1.493453,103.873452,778,9831
shape_J200CWLMYJB_1,1.493441,103.873449,779,9832
shape_J200CWLMYJB_1,1.493427,103.873447,780,9834
shape_J200CWLMYJB_1,1.493418,103.873447,781,9835
shape_J200CWLMYJB_1,1.493395,103.873444,782,9838
shape_J200CWLMYJB_1,1.493372,103.873439,783,9841
shape_J200CWLMYJB_1,1.493357,103.873437,784,9843
shape_J200CWLMYJB_1,1.493344,103.873434,785,9844
shape_J200CWLMYJB_1,1.493338,103.873433,786,9845
shape_J200CWLMYJB_1,1.493330,103.873432,787,9846
shape_J200CWLMYJB_1,1.493324,103.873433,788,9847
shape_J200CWLMYJB_1,1.493319,103.873435,789,9848
shape_J200CWLMYJB_1,1.4933172208829533,103.87344185180902,790,9849
shape_J200CWLMYJB_1,1.4932530343300006,103.87377655952452,791,9887
shape_J200CWLMYJB_1,1.4932139789888819,103.87406860118865,792,9920
shape_J200CWLMYJB_1,1.49317,103.87432,793,9948
shape_J200CWLMYJB_1,1.4931215720261652,103.87460948582844,794,9981
shape_J200CWLMYJB_1,1.493101,103.874759,795,9998
shape_J200CWLMYJB_1,1.493093,103.874822,796,10005
shape_J200CWLMYJB_1,1.493082,103.874903,797,10014
shape_J200CWLMYJB_1,1.493067,103.875015,798,10027
shape_J200CWLMYJB_1,1.493050,103.875137,799,10041
shape_J200CWLMYJB_1,1.493032,103.875243,800,10053
shape_J200CWLMYJB_1,1.492998,103.875476,801,10079
shape_J200CWLMYJB_1,1.492976,103.875628,802,10096
shape_J200CWLMYJB_1,1.492964,103.875672,803,10101
shape_J200CWLMYJB_1,1.492951,103.875712,804,10106
shape_J200CWLMYJB_1,1.492933,103.875749,805,10111
shape_J200CWLMYJB_1,1.492916,103.875785,806,10115
shape_J200CWLMYJB_1,1.492885,103.875952,807,10134
shape_J200CWLMYJB_1,1.492847,103.876162,808,10158
shape_J200CWLMYJB_1,1.492812,103.876372,809,10182
shape_J200CWLMYJB_1,1.492783,103.876554,810,10202
shape_J200CWLMYJB_1,1.492753,103.876741,811,10223
shape_J200CWLMYJB_1,1.492733,103.876848,812,10235
shape_J200CWLMYJB_1,1.492700,103.877039,813,10257
shape_J200CWLMYJB_1,1.492674,103.877188,814,10274
shape_J200CWLMYJB_1,1.492648,103.877308,815,10288
shape_J200CWLMYJB_1,1.492615,103.877517,816,10312
shape_J200CWLMYJB_1,1.492577,103.877710,817,10334
shape_J200CWLMYJB_1,1.492568,103.877765,818,10340
shape_J200CWLMYJB_1,1.492566,103.877787,819,10342
shape_J200CWLMYJB_1,1.492557,103.877842,820,10348
shape_J200CWLMYJB_1,1.492552,103.877976,821,10363
shape_J200CWLMYJB_1,1.49259,103.87802,822,10369
shape_J200CWLMYJB_1,1.492555,103.878081,823,10377
shape_J200CWLMYJB_1,1.492543,103.878102,824,10380
shape_J200CWLMYJB_1,1.492538,103.878129,825,10383
shape_J200CWLMYJB_1,1.492539,103.878184,826,10389
shape_J200CWLMYJB_1,1.492528,103.878307,827,10403
shape_J200CWLMYJB_1,1.492492,103.878499,828,10425
shape_J200CWLMYJB_1,1.492452,103.878712,829,10449
shape_J200CWLMYJB_1,1.492435,103.878794,830,10458
shape_J200CWLMYJB_1,1.492389,103.878982,831,10480
shape_J200CWLMYJB_1,1.492371,103.879040,832,10487
shape_J200CWLMYJB_1,1.492341,103.879120,833,10496
shape_J200CWLMYJB_1,1.4923256758120613,103.87915318373821,834,10500
shape_J200CWLMYJB_1,1.492301,103.879197,835,10506
shape_J200CWLMYJB_1,1.492269,103.879232,836,10511
shape_J200CWLMYJB_1,1.492235,103.879269,837,10517
shape_J200CWLMYJB_1,1.492215,103.879290,838,10520
shape_J200CWLMYJB_1,1.492187,103.879315,839,10524
shape_J200CWLMYJB_1,1.4921551000883853,103.87934763806341,840,10529
shape_J200CWLMYJB_1,1.492107,103.879399,841,10537
shape_J200CWLMYJB_1,1.492021,103.879484,842,10550
shape_J200CWLMYJB_1,1.491904,103.879599,843,10568
shape_J200CWLMYJB_1,1.4918053077251754,103.87969295337295,844,10583
shape_J200CWLMYJB_1,1.491744,103.879758,845,10593
shape_J200CWLMYJB_1,1.491670,103.879830,846,10604
shape_J200CWLMYJB_1,1.491629,103.879871,847,10610
shape_J200CWLMYJB_1,1.491586,103.879907,848,10616
shape_J200CWLMYJB_1,1.491513,103.879970,849,10627
shape_J200CWLMYJB_1,1.491440,103.880034,850,10638
shape_J200CWLMYJB_1,1.491242,103.880211,851,10668
shape_J200CWLMYJB_1,1.491078,103.880357,852,10692
shape_J200CWLMYJB_1,1.490903,103.880516,853,10718
shape_J200CWLMYJB_1,1.4907363461385505,103.88066260644007,854,10743
shape_J200CWLMYJB_1,1.490656,103.880738,855,10755
shape_J200CWLMYJB_1,1.490593,103.880798,856,10765
shape_J200CWLMYJB_1,1.4905469780478589,103.88084360644007,857,10772
shape_J200CWLMYJB_1,1.490486,103.880908,858,10782
shape_J200CWLMYJB_1,1.490448,103.880946,859,10788
shape_J200CWLMYJB_1,1.4904219237078933,103.8809753966124,860,10792
shape_J200CWLMYJB_1,1.49044,103.88103,861,10798
shape_J200CWLMYJB_1,1.4903802912578041,103.88101164723874,862,10805
shape_J200CWLMYJB_1,1.490327,103.881062,863,10813
shape_J200CWLMYJB_1,1.490301,103.881084,864,10817
shape_J200CWLMYJB_1,1.490283,103.881100,865,10820
shape_J200CWLMYJB_1,1.490272,103.881109,866,10822
shape_J200CWLMYJB_1,1.490251,103.881128,867,10825
shape_J200CWLMYJB_1,1.490226,103.881145,868,10828
shape_J200CWLMYJB_1,1.490195,103.881161,869,10832
shape_J200CWLMYJB_1,1.490171,103.881176,870,10835
shape_J200CWLMYJB_1,1.490156,103.881181,871,10837
shape_J200CWLMYJB_1,1.490144,103.881186,872,10838
shape_J200CWLMYJB_1,1.490131,103.881189,873,10839
shape_J200CWLMYJB_1,1.490064,103.881210,874,10847
shape_J200CWLMYJB_1,1.490035,103.881217,875,10850
shape_J200CWLMYJB_1,1.489999,103.881224,876,10854
shape_J200CWLMYJB_1,1.489961,103.881228,877,10858
shape_J200CWLMYJB_1,1.489909,103.881236,878,10864
shape_J200CWLMYJB_1,1.489841,103.881247,879,10872
shape_J200CWLMYJB_1,1.489769,103.881257,880,10880
shape_J200CWLMYJB_1,1.489689,103.881267,881,10889
shape_J200CWLMYJB_1,1.489595,103.881277,882,10900
shape_J200CWLMYJB_1,1.489483,103.881289,883,10913
shape_J200CWLMYJB_1,1.489395,103.881301,884,10923
shape_J200CWLMYJB_1,1.489317,103.881309,885,10932
shape_J200CWLMYJB_1,1.489255,103.881315,886,10939
shape_J200CWLMYJB_1,1.489181,103.881324,887,10947
shape_J200CWLMYJB_1,1.489127,103.881333,888,10953
shape_J200CWLMYJB_1,1.489075,103.881344,889,10959
shape_J200CWLMYJB_1,1.4890072089219872,103.88138250429915,890,10968
shape_J200CWLMYJB_1,1.4889155715278335,103.88140318650818,891,10978
shape_J200CWLMYJB_1,1.4888164939964217,103.88144311656761,892,10990
shape_J200CWLMYJB_1,1.488730626073602,103.88148058589648,893,11000
shape_J200CWLMYJB_1,1.4886484158210311,103.88152354232786,894,11010
shape_J200CWLMYJB_1,1.488477998673323,103.88157734110449,895,11030
shape_J200CWLMYJB_1,1.4883249002107857,103.88162784540367,896,11048
shape_J200CWLMYJB_1,1.4882308782611389,103.88165718650818,897,11059
shape_J200CWLMYJB_1,1.4881306254436553,103.88169382209014,898,11071
shape_J200CWLMYJB_1,1.4880605156642563,103.88172959755326,899,11080
shape_J200CWLMYJB_1,1.4879664098125185,103.88177238409617,900,11091
shape_J200CWLMYJB_1,1.48789,103.88181,901,11100
shape_J200CWLMYJB_1,1.4876915605394825,103.88178667055226,902,11122
shape_J200CWLMYJB_1,1.487584576696735,103.88181840244674,903,11134
shape_J200CWLMYJB_1,1.487495,103.881868,904,11145
shape_J200CWLMYJB_1,1.487444,103.881896,905,11151
shape_J200CWLMYJB_1,1.487382,103.881936,906,11159
shape_J200CWLMYJB_1,1.487329,103.881969,907,11166
shape_J200CWLMYJB_1,1.487316,103.881980,908,11168
shape_J200CWLMYJB_1,1.487278,103.882012,909,11174
shape_J200CWLMYJB_1,1.487238,103.882048,910,11180
shape_J200CWLMYJB_1,1.487157,103.882116,911,11192
shape_J200CWLMYJB_1,1.487048,103.882207,912,11208
shape_J200CWLMYJB_1,1.486928,103.882310,913,11226
shape_J200CWLMYJB_1,1.486867,103.882370,914,11236
shape_J200CWLMYJB_1,1.486822,103.882422,915,11244
shape_J200CWLMYJB_1,1.486800,103.882459,916,11249
shape_J200CWLMYJB_1,1.486785,103.882478,917,11252
shape_J200CWLMYJB_1,1.486764,103.882502,918,11256
shape_J200CWLMYJB_1,1.486753,103.882521,919,11258
shape_J200CWLMYJB_1,1.486741,103.882552,920,11262
shape_J200CWLMYJB_1,1.486726,103.882594,921,11267
shape_J200CWLMYJB_1,1.486711,103.882633,922,11272
shape_J200CWLMYJB_1,1.486699,103.882664,923,11276
shape_J200CWLMYJB_1,1.486692,103.882685,924,11278
shape_J200CWLMYJB_1,1.486682,103.882725,925,11283
shape_J200CWLMYJB_1,1.486667,103.882786,926,11290
shape_J200CWLMYJB_1,1.486655,103.882841,927,11296
shape_J200CWLMYJB_1,1.486633,103.882930,928,11306
shape_J200CWLMYJB_1,1.486620,103.882996,929,11313
shape_J200CWLMYJB_1,1.486602,103.883125,930,11327
shape_J200CWLMYJB_1,1.486583,103.883253,931,11341
shape_J200CWLMYJB_1,1.486562,103.883429,932,11361
shape_J200CWLMYJB_1,1.486546,103.883549,933,11374
shape_J200CWLMYJB_1,1.486542,103.883590,934,11379
shape_J200CWLMYJB_1,1.486537,103.883730,935,11395
shape_J200CWLMYJB_1,1.486528,103.883917,936,11416
shape_J200CWLMYJB_1,1.486521,103.884073,937,11433
shape_J200CWLMYJB_1,1.486513,103.884231,938,11451
shape_J200CWLMYJB_1,1.486510,103.884332,939,11462
shape_J200CWLMYJB_1,1.486508,103.884433,940,11473
shape_J200CWLMYJB_1,1.486502,103.884548,941,11486
shape_J200CWLMYJB_1,1.486501,103.884597,942,11491
shape_J200CWLMYJB_1,1.486500,103.884640,943,11496
shape_J200CWLMYJB_1,1.486495,103.884707,944,11503
shape_J200CWLMYJB_1,1.486490,103.884744,945,11507
shape_J200CWLMYJB_1,1.486485,103.884789,946,11512
shape_J200CWLMYJB_1,1.486482,103.884833,947,11517
shape_J200CWLMYJB_1,1.486478,103.884859,948,11520
shape_J200CWLMYJB_1,1.486477,103.884885,949,11523
shape_J200CWLMYJB_1,1.486475,103.884912,950,11526
shape_J200CWLMYJB_1,1.4865352195950854,103.88492561169149,951,11533
shape_J200CWLMYJB_1,1.48661,103.88494,952,11541
shape_J13CWLMYJB_1,1.46352,103.76496,0,0
shape_J13CWLMYJB_1,1.46263,103.76562,1,123
shape_J13CWLMYJB_1,1.46113,103.76643,2,313
shape_J13CWLMYJB_1,1.4603,103.76695,3,422
shape_J13CWLMYJB_1,1.46023,103.76696,4,430
shape_J13CWLMYJB_1,1.46015,103.76699,5,440
shape_J13CWLMYJB_1,1.46003,103.76717,6,464
shape_J13CWLMYJB_1,1.4599,103.76732,7,486
shape_J13CWLMYJB_1,1.45942,103.76761,8,548
shape_J13CWLMYJB_1,1.45919,103.76726,9,595
shape_J13CWLMYJB_1,1.45906,103.76713,10,615
shape_J13CWLMYJB_1,1.4589,103.76703,11,636
shape_J13CWLMYJB_1,1.45867,103.76695,12,663
shape_J13CWLMYJB_1,1.45804,103.76685,13,734
shape_J13CWLMYJB_1,1.45784,103.76676,14,758
shape_J13CWLMYJB_1,1.45738,103.76642,15,822
shape_J13CWLMYJB_1,1.45714,103.76628,16,853
shape_J13CWLMYJB_1,1.4569,103.76616,17,883
shape_J13CWLMYJB_1,1.45636,103.76583,18,953
shape_J13CWLMYJB_1,1.4561,103.76554,19,996
shape_J13CWLMYJB_1,1.45602,103.7654,20,1014
shape_J13CWLMYJB_1,1.4549,103.76127,21,1490
shape_J13CWLMYJB_1,1.45457,103.7597,22,1668
shape_J13CWLMYJB_1,1.4572193795692854,103.75916874603271,23,1968
shape_J13CWLMYJB_1,1.4577984443376042,103.75906416931151,24,2033
shape_J13CWLMYJB_1,1.45949,103.75871,25,2225
shape_J13CWLMYJB_1,1.45961,103.75867,26,2239
shape_J13CWLMYJB_1,1.45974,103.7586,27,2255
shape_J13CWLMYJB_1,1.45996,103.75839,28,2289
shape_J13CWLMYJB_1,1.4632,103.75553,29,2769
shape_J13CWLMYJB_1,1.46319,103.7555,30,2773
shape_J13CWLMYJB_1,1.46338,103.75535,31,2800
shape_J13CWLMYJB_1,1.46386,103.75489,32,2874
shape_J13CWLMYJB_1,1.4652806778303338,103.7536415436554,33,3084
shape_J13CWLMYJB_1,1.4653268966976,103.75290364418028,34,3166
shape_J13CWLMYJB_1,1.464805,103.752230,35,3261
shape_J13CWLMYJB_1,1.464323,103.751157,36,3392
shape_J13CWLMYJB_1,1.464044,103.750588,37,3462
shape_J13CWLMYJB_1,1.463772,103.750013,38,3533
shape_J13CWLMYJB_1,1.463258,103.749036,39,3656
shape_J13CWLMYJB_1,1.4629355705974516,103.74834991534424,40,3740
shape_J13CWLMYJB_1,1.462775,103.747534,41,3832
shape_J13CWLMYJB_1,1.46262,103.74703,42,3907
shape_J13CWLMYJB_1,1.462228,103.746204,43,3992
shape_J13CWLMYJB_1,1.461756,103.745722,44,4067
shape_J13CWLMYJB_1,1.461295,103.745217,45,4143
shape_J13CWLMYJB_1,1.461173846791787,103.7450561018524,46,4165
shape_J13CWLMYJB_1,1.4610455721456388,103.74494105522537,47,4184
shape_J13CWLMYJB_1,1.461017,103.744808,48,4199
shape_J13CWLMYJB_1,1.461062,103.744695,49,4213
shape_J13CWLMYJB_1,1.461132,103.744561,50,4230
shape_J13CWLMYJB_1,1.461325,103.744094,51,4286
shape_J13CWLMYJB_1,1.461397,103.743869,52,4312
shape_J13CWLMYJB_1,1.462295,103.744322,53,4424
shape_J13CWLMYJB_1,1.462781,103.744660,54,4490
shape_J13CWLMYJB_1,1.463153,103.745165,55,4560
shape_J13CWLMYJB_1,1.463397,103.745610,56,4616
shape_J13CWLMYJB_1,1.463808,103.746383,57,4713
shape_J13CWLMYJB_1,1.464073,103.746764,58,4765
shape_J13CWLMYJB_1,1.464355,103.747147,59,4818
shape_J13CWLMYJB_1,1.464808,103.747643,60,4893
shape_J13CWLMYJB_1,1.465130,103.747818,61,4934
shape_J13CWLMYJB_1,1.465457,103.747928,62,4972
shape_J13CWLMYJB_1,1.466116,103.748107,63,5048
shape_J13CWLMYJB_1,1.466425,103.748180,64,5083
shape_J13CWLMYJB_1,1.467125,103.748330,65,5163
shape_J13CWLMYJB_1,1.467493,103.748513,66,5209
shape_J13CWLMYJB_1,1.467817,103.748674,67,5249
shape_J13CWLMYJB_1,1.468163,103.748902,68,5295
shape_J13CWLMYJB_1,1.468415,103.749119,69,5332
shape_J13CWLMYJB_1,1.469032,103.749899,70,5443
shape_J13CWLMYJB_1,1.46962,103.75087,71,5569
shape_J13CWLMYJB_1,1.46977,103.75111,72,5600
shape_J13CWLMYJB_1,1.47067,103.75232,73,5768
shape_J13CWLMYJB_1,1.47086,103.75264,74,5809
shape_J13CWLMYJB_1,1.47113,103.75298,75,5857
shape_J13CWLMYJB_1,1.47165,103.75372,76,5958
shape_J13CWLMYJB_1,1.47203,103.75416,77,6023
shape_J13CWLMYJB_1,1.47265,103.7553,78,6167
shape_J13CWLMYJB_1,1.47275,103.75534,79,6179
shape_J13CWLMYJB_1,1.47293,103.75536,80,6199
shape_J13CWLMYJB_1,1.47662,103.75371,81,6648
shape_J13CWLMYJB_1,1.47694,103.75351,82,6690
shape_J13CWLMYJB_1,1.47737,103.75335,83,6741
shape_J13CWLMYJB_1,1.47746,103.75336,84,6751
shape_J13CWLMYJB_1,1.47791,103.75384,85,6824
shape_J13CWLMYJB_1,1.47854,103.75424,86,6907
shape_J13CWLMYJB_1,1.47885,103.75438,87,6945
shape_J13CWLMYJB_1,1.47934,103.75447,88,7000
shape_J13CWLMYJB_1,1.48004,103.7545,89,7078
shape_J13CWLMYJB_1,1.48161,103.75434,90,7253
shape_J13CWLMYJB_1,1.4819,103.75429,91,7286
shape_J13CWLMYJB_1,1.48258,103.75401,92,7368
shape_J13CWLMYJB_1,1.48269,103.75399,93,7380
shape_J13CWLMYJB_1,1.48294,103.75398,94,7408
shape_J13CWLMYJB_1,1.4833945048204202,103.7540997374344,95,7460
shape_J13CWLMYJB_1,1.48358,103.75419,96,7483
shape_J13CWLMYJB_1,1.48376,103.75421,97,7503
shape_J13CWLMYJB_1,1.48396,103.75428,98,7527
shape_J13CWLMYJB_1,1.48405,103.75427,99,7537
shape_J13CWLMYJB_1,1.48411,103.75422,100,7546
shape_J13CWLMYJB_1,1.48444,103.7536,101,7624
shape_J13CWLMYJB_1,1.4845,103.75353,102,7634
shape_J13CWLMYJB_1,1.48462,103.75323,103,7670
shape_J13CWLMYJB_1,1.48465,103.7532,104,7675
shape_J13CWLMYJB_1,1.4847,103.75279,105,7721
shape_J13CWLMYJB_1,1.4848,103.75219,106,7789
shape_J13CWLMYJB_1,1.48498,103.7516,107,7858
shape_J13CWLMYJB_1,1.48505,103.75146,108,7875
shape_J13CWLMYJB_1,1.48516,103.75131,109,7896
shape_J13CWLMYJB_1,1.48525,103.75124,110,7909
shape_J13CWLMYJB_1,1.48729,103.75137,111,8136
shape_J13CWLMYJB_1,1.49054,103.75143,112,8497
shape_J13CWLMYJB_1,1.49207,103.75142,113,8667
shape_J13CWLMYJB_1,1.49322,103.75139,114,8795
shape_J13CWLMYJB_1,1.49341,103.75142,115,8816
shape_J13CWLMYJB_1,1.4944,103.75119,116,8929
shape_J13CWLMYJB_1,1.49467,103.75111,117,8960
shape_J13CWLMYJB_1,1.49482,103.75097,118,8983
shape_J13CWLMYJB_1,1.49488,103.75095,119,8990
shape_J13CWLMYJB_1,1.49492,103.75096,120,8995
shape_J13CWLMYJB_1,1.49499,103.75101,121,9005
shape_J13CWLMYJB_1,1.49553,103.75097,122,9065
shape_J13CWLMYJB_1,1.49565,103.75094,123,9079
shape_J13CWLMYJB_1,1.49591,103.75087,124,9109
shape_J13CWLMYJB_1,1.49658,103.75061,125,9189
shape_J13CWLMYJB_1,1.49711,103.75029,126,9258
shape_J13CWLMYJB_1,1.4974,103.75006,127,9299
shape_J13CWLMYJB_1,1.49753,103.74992,128,9320
shape_J13CWLMYJB_1,1.49763,103.74976,129,9341
shape_J13CWLMYJB_1,1.4978,103.74936,130,9389
shape_J13CWLMYJB_1,1.49788,103.74912,131,9417
shape_J13CWLMYJB_1,1.49792,103.74894,132,9437
shape_J13CWLMYJB_1,1.49795,103.74876,133,9457
shape_J13CWLMYJB_1,1.49795,103.74836,134,9501
shape_J13CWLMYJB_1,1.49792,103.74814,135,9526
shape_J13CWLMYJB_1,1.49795,103.74806,136,9535
shape_J13CWLMYJB_1,1.49784,103.74775,137,9572
shape_J13CWLMYJB_1,1.49759,103.7468,138,9681
shape_J13CWLMYJB_1,1.49747,103.74644,139,9723
shape_J13CWLMYJB_1,1.49738,103.74632,140,9740
shape_J13CWLMYJB_1,1.49731,103.74628,141,9749
shape_J13CWLMYJB_1,1.49729,103.7462,142,9758
shape_J13CWLMYJB_1,1.4973,103.74606,143,9774
shape_J13CWLMYJB_1,1.49719,103.74571,144,9815
shape_J13CWLMYJB_1,1.49715,103.74551,145,9838
shape_J13CWLMYJB_1,1.49713,103.74549,146,9841
shape_J13CWLMYJB_1,1.4971,103.74455,147,9946
shape_J13CWLMYJB_1,1.49705,103.74422,148,9983
shape_J13CWLMYJB_1,1.4967333209762261,103.74168472618105,149,10267
shape_J13CWLMYJB_1,1.496526965420377,103.74141875064848,150,10304
shape_J13CWLMYJB_1,1.4941265662416694,103.74191009059905,151,10576
shape_J13CWLMYJB_1,1.4939671387702425,103.74211076057432,152,10604
shape_J13CWLMYJB_1,1.4943273102623271,103.74294180622103,153,10705
shape_J13CWLMYJB_1,1.494498913252572,103.74285488306938,154,10726
shape_J13CWLMYJB_1,1.49487,103.74263,155,10774
shape_J32CWLMYJB_1,1.46352,103.76496,0,0
shape_J32CWLMYJB_1,1.46263,103.76562,1,123
shape_J32CWLMYJB_1,1.46113,103.76643,2,313
shape_J32CWLMYJB_1,1.4603,103.76695,3,422
shape_J32CWLMYJB_1,1.46023,103.76696,4,430
shape_J32CWLMYJB_1,1.46015,103.76699,5,440
shape_J32CWLMYJB_1,1.46003,103.76717,6,464
shape_J32CWLMYJB_1,1.4599,103.76732,7,486
shape_J32CWLMYJB_1,1.45942,103.76761,8,548
shape_J32CWLMYJB_1,1.45919,103.76726,9,595
shape_J32CWLMYJB_1,1.45906,103.76713,10,615
shape_J32CWLMYJB_1,1.4589,103.76703,11,636
shape_J32CWLMYJB_1,1.45867,103.76695,12,663
shape_J32CWLMYJB_1,1.45804,103.76685,13,734
shape_J32CWLMYJB_1,1.45784,103.76676,14,758
shape_J32CWLMYJB_1,1.45738,103.76642,15,822
shape_J32CWLMYJB_1,1.45714,103.76628,16,853
shape_J32CWLMYJB_1,1.4569,103.76616,17,883
shape_J32CWLMYJB_1,1.45636,103.76583,18,953
shape_J32CWLMYJB_1,1.4561,103.76554,19,996
shape_J32CWLMYJB_1,1.45602,103.7654,20,1014
shape_J32CWLMYJB_1,1.4549,103.76127,21,1490
shape_J32CWLMYJB_1,1.45487,103.76126,22,1494
shape_J32CWLMYJB_1,1.45426,103.75828,23,1832
shape_J32CWLMYJB_1,1.45411,103.75733,24,1939
shape_J32CWLMYJB_1,1.45407,103.75688,25,1989
shape_J32CWLMYJB_1,1.45413,103.7564,26,2043
shape_J32CWLMYJB_1,1.45444,103.75561,27,2137
shape_J32CWLMYJB_1,1.45466,103.75439,28,2275
shape_J32CWLMYJB_1,1.45514,103.75266,29,2475
shape_J32CWLMYJB_1,1.45523,103.75243,30,2502
shape_J32CWLMYJB_1,1.45527,103.75219,31,2529
shape_J32CWLMYJB_1,1.45526,103.75187,32,2565
shape_J32CWLMYJB_1,1.45528,103.75165,33,2590
shape_J32CWLMYJB_1,1.45537,103.75131,34,2629
shape_J32CWLMYJB_1,1.45671,103.74825,35,3000
shape_J32CWLMYJB_1,1.45708,103.74722,36,3122
shape_J32CWLMYJB_1,1.45724,103.74661,37,3192
shape_J32CWLMYJB_1,1.45935,103.73832,38,4143
shape_J32CWLMYJB_1,1.45938,103.73828,39,4149
shape_J32CWLMYJB_1,1.45981,103.73641,40,4362
shape_J32CWLMYJB_1,1.46008,103.73554,41,4463
shape_J32CWLMYJB_1,1.4604,103.73475,42,4558
shape_J32CWLMYJB_1,1.46055,103.73444,43,4596
shape_J32CWLMYJB_1,1.46096,103.73372,44,4688
shape_J32CWLMYJB_1,1.46118,103.7334,45,4731
shape_J32CWLMYJB_1,1.46132,103.73316,46,4762
shape_J32CWLMYJB_1,1.46202,103.73232,47,4884
shape_J32CWLMYJB_1,1.4628,103.73158,48,5004
shape_J32CWLMYJB_1,1.46453,103.72975,49,5284
shape_J32CWLMYJB_1,1.46769,103.72694,50,5754
shape_J32CWLMYJB_1,1.46797,103.72673,51,5793
shape_J32CWLMYJB_1,1.46826,103.72658,52,5829
shape_J32CWLMYJB_1,1.47321,103.72495,53,6408
shape_J32CWLMYJB_1,1.47961,103.72352,54,7137
shape_J32CWLMYJB_1,1.48015,103.72335,55,7200
shape_J32CWLMYJB_1,1.48048,103.72321,56,7240
shape_J32CWLMYJB_1,1.48078,103.72306,57,7277
shape_J32CWLMYJB_1,1.48153,103.7225,58,7381
shape_J32CWLMYJB_1,1.48195,103.7221,59,7445
shape_J32CWLMYJB_1,1.48236,103.72158,60,7519
shape_J32CWLMYJB_1,1.48345,103.72001,61,7731
shape_J32CWLMYJB_1,1.48363,103.7198,62,7762
shape_J32CWLMYJB_1,1.48411,103.71892,63,7873
shape_J32CWLMYJB_1,1.48493,103.71795,64,8014
shape_J32CWLMYJB_1,1.48509,103.7178,65,8038
shape_J32CWLMYJB_1,1.48526,103.71769,66,8061
shape_J32CWLMYJB_1,1.48551,103.71759,67,8091
shape_J32CWLMYJB_1,1.48695,103.71725,68,8256
shape_J32CWLMYJB_1,1.4871,103.71719,69,8274
shape_J32CWLMYJB_1,1.48724,103.7171,70,8293
shape_J32CWLMYJB_1,1.4874,103.71692,71,8320
shape_J32CWLMYJB_1,1.48747,103.71672,72,8344
shape_J32CWLMYJB_1,1.48749,103.71655,73,8363
shape_J32CWLMYJB_1,1.48745,103.71636,74,8385
shape_J32CWLMYJB_1,1.48724,103.71574,75,8458
shape_J32CWLMYJB_1,1.48719,103.71542,76,8494
shape_J32CWLMYJB_1,1.48726,103.71505,77,8536
shape_J32CWLMYJB_1,1.48734,103.71485,78,8560
shape_J32CWLMYJB_1,1.488,103.7139,79,8689
shape_J32CWLMYJB_1,1.48806,103.71375,80,8707
shape_J32CWLMYJB_1,1.48883,103.71243,81,8877
shape_J32CWLMYJB_1,1.49244,103.70725,82,9579
shape_J32CWLMYJB_1,1.49382,103.70509,83,9864
shape_J32CWLMYJB_1,1.49493,103.70351,84,10079
shape_J32CWLMYJB_1,1.49665,103.7014,85,10382
shape_J32CWLMYJB_1,1.49839,103.69891,86,10720
shape_J32CWLMYJB_1,1.49887,103.6983,87,10806
shape_J32CWLMYJB_1,1.50074,103.69568,88,11164
shape_J32CWLMYJB_1,1.50249,103.69358,89,11468
shape_J32CWLMYJB_1,1.50474,103.69154,90,11806
shape_J32CWLMYJB_1,1.50587,103.69069,91,11963
shape_J32CWLMYJB_1,1.50892,103.68889,92,12357
shape_J32CWLMYJB_1,1.50824,103.68931,93,12446
shape_J32CWLMYJB_1,1.50993,103.68826,94,12667
shape_J32CWLMYJB_1,1.51163,103.68694,95,12906
shape_J32CWLMYJB_1,1.51364,103.68566,96,13171
shape_J32CWLMYJB_1,1.51525,103.68457,97,13387
shape_J32CWLMYJB_1,1.52272,103.67928,98,14405
shape_J32CWLMYJB_1,1.52311,103.67908,99,14454
shape_J32CWLMYJB_1,1.52421,103.67813,100,14616
shape_J32CWLMYJB_1,1.52503,103.67717,101,14756
shape_J32CWLMYJB_1,1.52532,103.67678,102,14810
shape_J32CWLMYJB_1,1.52573,103.67613,103,14895
shape_J32CWLMYJB_1,1.52601,103.67562,104,14960
shape_J32CWLMYJB_1,1.52777,103.6711,105,15499
shape_J32CWLMYJB_1,1.52795,103.67072,106,15546
shape_J32CWLMYJB_1,1.52796,103.67062,107,15557
shape_J32CWLMYJB_1,1.52808,103.67058,108,15571
shape_J32CWLMYJB_1,1.52826,103.67008,109,15630
shape_J32CWLMYJB_1,1.52859,103.66961,110,15694
shape_J32CWLMYJB_1,1.52861,103.66944,111,15713
shape_J32CWLMYJB_1,1.52859,103.66933,112,15725
shape_J32CWLMYJB_1,1.52854,103.66925,113,15735
shape_J32CWLMYJB_1,1.52655,103.66744,114,16034
shape_J32CWLMYJB_1,1.52532,103.66624,115,16225
shape_J32CWLMYJB_1,1.52431,103.66539,116,16372
shape_J32CWLMYJB_1,1.52239,103.66358,117,16665
shape_J32CWLMYJB_1,1.51934,103.66074,118,17128
shape_J32CWLMYJB_1,1.51757,103.65909,119,17397
shape_J32CWLMYJB_1,1.51676,103.65825,120,17527
shape_J32CWLMYJB_1,1.5155,103.65717,121,17712
shape_J32CWLMYJB_1,1.51451,103.65623,122,17864
shape_J32CWLMYJB_1,1.51406,103.65691,123,17955
shape_J32CWLMYJB_1,1.51284,103.65662,124,18094
shape_J32CWLMYJB_1,1.5115525498352096,103.65551889087675,125,18282
shape_J32CWLMYJB_1,1.51234,103.65465,126,18412
shape_J32CWLMYJB_1,1.51362,103.65335,127,18615
shape_J32CWLMYJB_1,1.51412,103.6528,128,18698
shape_J32CWLMYJB_1,1.51371,103.65247,129,18757
shape_J32CWLMYJB_1,1.51167,103.65059,130,19065
shape_J32CWLMYJB_1,1.51144,103.65042,131,19097
shape_J32CWLMYJB_1,1.51114,103.65033,132,19132
shape_J32CWLMYJB_1,1.51075,103.6503,133,19175
shape_J32CWLMYJB_1,1.51049,103.65035,134,19204
shape_J32CWLMYJB_1,1.51027,103.65044,135,19230
shape_J32CWLMYJB_1,1.50988,103.65072,136,19283
shape_J32CWLMYJB_1,1.50965,103.65105,137,19328
shape_J32CWLMYJB_1,1.50876,103.652,138,19473
shape_J32CWLMYJB_1,1.50757,103.65316,139,19658
shape_J32CWLMYJB_1,1.50664,103.6523,140,19799
shape_J32CWLMYJB_1,1.50476,103.65054,141,20085
shape_J32CWLMYJB_1,1.50313,103.64899,142,20335
shape_J32CWLMYJB_1,1.50287,103.6487,143,20378
shape_J32CWLMYJB_1,1.50247,103.64838,144,20435
shape_J32CWLMYJB_1,1.50069,103.64669,145,20708
shape_J32CWLMYJB_1,1.5003585856904418,103.64638679496768,146,20758
shape_J32CWLMYJB_1,1.49916,103.64761,147,20948
shape_J32CWLMYJB_1,1.498739902543111,103.64788547752381,148,21004
shape_J32CWLMYJB_1,1.49789,103.64678,149,21159
shape_J32CWLMYJB_1,1.49592,103.64397,150,21541
shape_J32CWLMYJB_1,1.4954,103.64337,151,21629
shape_J32CWLMYJB_1,1.49474,103.64298,152,21714
shape_J32CWLMYJB_1,1.49339,103.64148,153,21938
shape_J32CWLMYJB_1,1.49215,103.6403,154,22128
shape_J32CWLMYJB_1,1.49203,103.64021,155,22145
shape_J32CWLMYJB_1,1.49184,103.64016,156,22167
shape_J32CWLMYJB_1,1.48906,103.63948,157,22485
shape_J32CWLMYJB_1,1.48795,103.63917,158,22613
shape_J32CWLMYJB_1,1.48552,103.63862,159,22890
shape_J32CWLMYJB_1,1.485,103.63806,160,22975
shape_J32CWLMYJB_1,1.48445,103.63706,161,23102
shape_J32CWLMYJB_1,1.4843346787840408,103.63687449073791,162,23126
shape_J32CWLMYJB_1,1.482851736406431,103.63764979629514,163,23312
shape_J32CWLMYJB_1,1.48241,103.63789,164,23368
shape_J15CWLMYJB_0,1.50061,103.77667,0,0
shape_J15CWLMYJB_0,1.5002542077166143,103.77702541104507,1,56
shape_J15CWLMYJB_0,1.499945,103.7772,2,95
shape_J15CWLMYJB_0,1.499693,103.777275,3,124
shape_J15CWLMYJB_0,1.4995455051629742,103.77729174632118,4,141
shape_J15CWLMYJB_0,1.49939,103.7773,5,158
shape_J15CWLMYJB_0,1.499165,103.777308,6,183
shape_J15CWLMYJB_0,1.4987,103.777331,7,235
shape_J15CWLMYJB_0,1.49839,103.777347,8,270
shape_J15CWLMYJB_0,1.498188,103.777351,9,292
shape_J15CWLMYJB_0,1.498132,103.77741,10,301
shape_J15CWLMYJB_0,1.498038,103.77751,11,316
shape_J15CWLMYJB_0,1.498059,103.777848,12,354
shape_J15CWLMYJB_0,1.498118,103.778271,13,401
shape_J15CWLMYJB_0,1.4981572549860087,103.77893014749907,14,474
shape_J15CWLMYJB_0,1.49817,103.77907,15,490
shape_J15CWLMYJB_0,1.4982,103.77928,16,514
shape_J15CWLMYJB_0,1.498253,103.779417,17,530
shape_J15CWLMYJB_0,1.498374,103.779572,18,552
shape_J15CWLMYJB_0,1.498656,103.77983,19,594
shape_J15CWLMYJB_0,1.498747,103.77994,20,610
shape_J15CWLMYJB_0,1.49891,103.780117,21,637
shape_J15CWLMYJB_0,1.499041,103.780214,22,655
shape_J15CWLMYJB_0,1.499213,103.780267,23,675
shape_J15CWLMYJB_0,1.499347,103.780316,24,691
shape_J15CWLMYJB_0,1.499513,103.780326,25,709
shape_J15CWLMYJB_0,1.499631,103.780359,26,723
shape_J15CWLMYJB_0,1.49988,103.78045,27,752
shape_J15CWLMYJB_0,1.499537,103.780804,28,807
shape_J15CWLMYJB_0,1.499374,103.780949,29,831
shape_J15CWLMYJB_0,1.499213,103.78104,30,852
shape_J15CWLMYJB_0,1.499122,103.781099,31,864
shape_J15CWLMYJB_0,1.499065,103.780764,32,902
shape_J15CWLMYJB_0,1.49902,103.780616,33,919
shape_J15CWLMYJB_0,1.498985,103.780404,34,943
shape_J15CWLMYJB_0,1.498864,103.780171,35,972
shape_J15CWLMYJB_0,1.498722,103.780042,36,993
shape_J15CWLMYJB_0,1.498567,103.779895,37,1017
shape_J15CWLMYJB_0,1.498416,103.779734,38,1042
shape_J15CWLMYJB_0,1.498266,103.7796,39,1064
shape_J15CWLMYJB_0,1.498146,103.779415,40,1089
shape_J15CWLMYJB_0,1.498092,103.779213,41,1112
shape_J15CWLMYJB_0,1.498081,103.778945,42,1142
shape_J15CWLMYJB_0,1.498041,103.778513,43,1190
shape_J15CWLMYJB_0,1.498014,103.778055,44,1241
shape_J15CWLMYJB_0,1.497974,103.777698,45,1281
shape_J15CWLMYJB_0,1.497953,103.777502,46,1303
shape_J15CWLMYJB_0,1.497918,103.777398,47,1315
shape_J15CWLMYJB_0,1.497904,103.777363,48,1319
shape_J15CWLMYJB_0,1.497729598328273,103.77736549648412,49,1338
shape_J15CWLMYJB_0,1.4976,103.77735,50,1353
shape_J15CWLMYJB_0,1.497377,103.777361,51,1378
shape_J15CWLMYJB_0,1.497163,103.777388,52,1402
shape_J15CWLMYJB_0,1.496784,103.777399,53,1444
shape_J15CWLMYJB_0,1.496495,103.777444,54,1477
shape_J15CWLMYJB_0,1.496299,103.777468,55,1499
shape_J15CWLMYJB_0,1.496069,103.777471,56,1525
shape_J15CWLMYJB_0,1.495996,103.777476,57,1533
shape_J15CWLMYJB_0,1.495961,103.777358,58,1547
shape_J15CWLMYJB_0,1.495921,103.777316,59,1553
shape_J15CWLMYJB_0,1.495873,103.777187,60,1568
shape_J15CWLMYJB_0,1.4958392767071944,103.77688474470517,61,1602
shape_J15CWLMYJB_0,1.49582,103.77659,62,1635
shape_J15CWLMYJB_0,1.49549,103.7722,63,2124
shape_J15CWLMYJB_0,1.49506,103.7668,64,2726
shape_J15CWLMYJB_0,1.495069,103.76652,65,2757
shape_J15CWLMYJB_0,1.494898,103.766308,66,2787
shape_J15CWLMYJB_0,1.494713,103.766316,67,2808
shape_J15CWLMYJB_0,1.494497,103.766365,68,2833
shape_J15CWLMYJB_0,1.49432,103.76647,69,2856
shape_J15CWLMYJB_0,1.49166,103.76699,70,3157
shape_J15CWLMYJB_0,1.491041,103.767044,71,3226
shape_J15CWLMYJB_0,1.49051,103.767119,72,3286
shape_J15CWLMYJB_0,1.48969,103.767033,73,3378
shape_J15CWLMYJB_0,1.488471,103.766706,74,3518
shape_J15CWLMYJB_0,1.487214,103.766414,75,3661
shape_J15CWLMYJB_0,1.48677,103.76628,76,3713
shape_J15CWLMYJB_0,1.48106,103.76468,77,4372
shape_J15CWLMYJB_0,1.47738,103.7637,78,4795
shape_J15CWLMYJB_0,1.475783,103.763257,79,4979
shape_J15CWLMYJB_0,1.474346,103.762935,80,5143
shape_J15CWLMYJB_0,1.473134,103.762688,81,5281
shape_J15CWLMYJB_0,1.472898,103.762516,82,5313
shape_J15CWLMYJB_0,1.473209,103.761411,83,5441
shape_J15CWLMYJB_0,1.473402,103.760746,84,5518
shape_J15CWLMYJB_0,1.473606,103.760221,85,5581
shape_J15CWLMYJB_0,1.473745,103.759727,86,5638
shape_J15CWLMYJB_0,1.473863,103.758901,87,5731
shape_J15CWLMYJB_0,1.473884,103.758257,88,5803
shape_J15CWLMYJB_0,1.473681,103.757656,89,5874
shape_J15CWLMYJB_0,1.473209,103.756712,90,5991
shape_J15CWLMYJB_0,1.472595,103.755554,91,6137
shape_J15CWLMYJB_0,1.471984,103.754384,92,6284
shape_J15CWLMYJB_0,1.4713297470151205,103.7533752883606,93,6418
shape_J15CWLMYJB_0,1.470847,103.752678,94,6512
shape_J15CWLMYJB_0,1.470364,103.752206,95,6587
shape_J15CWLMYJB_0,1.469892,103.751498,96,6682
shape_J15CWLMYJB_0,1.469678,103.751348,97,6711
shape_J15CWLMYJB_0,1.469485,103.75123,98,6736
shape_J15CWLMYJB_0,1.469335,103.751176,99,6754
shape_J15CWLMYJB_0,1.469099,103.751187,100,6780
shape_J15CWLMYJB_0,1.468616,103.75153,101,6846
shape_J15CWLMYJB_0,1.467682,103.752077,102,6966
shape_J15CWLMYJB_0,1.46692,103.75249,103,7062
shape_J15CWLMYJB_0,1.46453,103.75429,104,7395
shape_J15CWLMYJB_0,1.46062,103.75777,105,7977
shape_J15CWLMYJB_0,1.460266,103.758157,106,8035
shape_J15CWLMYJB_0,1.460095,103.758312,107,8061
shape_J15CWLMYJB_0,1.459966,103.758419,108,8080
shape_J15CWLMYJB_0,1.459821,103.758543,109,8101
shape_J15CWLMYJB_0,1.45965,103.758677,110,8125
shape_J15CWLMYJB_0,1.459387,103.758768,111,8156
shape_J15CWLMYJB_0,1.458674,103.758869,112,8236
shape_J15CWLMYJB_0,1.45822,103.75896,113,8287
shape_J15CWLMYJB_0,1.4568,103.75929,114,8449
shape_J15CWLMYJB_0,1.45634,103.759345,115,8501
shape_J15CWLMYJB_0,1.456013,103.759425,116,8538
shape_J15CWLMYJB_0,1.455782,103.75949,117,8565
shape_J15CWLMYJB_0,1.455251,103.759581,118,8625
shape_J15CWLMYJB_0,1.455085,103.759613,119,8644
shape_J15CWLMYJB_0,1.454887,103.759667,120,8667
shape_J15CWLMYJB_0,1.45508,103.760697,121,8783
shape_J15CWLMYJB_0,1.455198,103.761324,122,8854
shape_J15CWLMYJB_0,1.455357,103.76166,123,8895
shape_J15CWLMYJB_0,1.45546,103.76188,124,8922
shape_J15CWLMYJB_0,1.45652,103.76484,125,9272
shape_J15CWLMYJB_0,1.456758,103.765280,126,9328
shape_J15CWLMYJB_0,1.456935,103.765463,127,9356
shape_J15CWLMYJB_0,1.457144,103.765838,128,9404
shape_J15CWLMYJB_0,1.457305,103.766165,129,9445
shape_J15CWLMYJB_0,1.457487,103.766337,130,9473
shape_J15CWLMYJB_0,1.457718,103.766546,131,9508
shape_J15CWLMYJB_0,1.458029,103.766659,132,9545
shape_J15CWLMYJB_0,1.458468,103.766766,133,9595
shape_J15CWLMYJB_0,1.458838,103.766820,134,9637
shape_J15CWLMYJB_0,1.459139,103.766916,135,9672
shape_J15CWLMYJB_0,1.459364,103.767104,136,9705
shape_J15CWLMYJB_0,1.459460,103.767195,137,9720
shape_J15CWLMYJB_0,1.460399,103.766621,138,9842
shape_J15CWLMYJB_0,1.461118,103.766198,139,9935
shape_J15CWLMYJB_0,1.461815,103.765763,140,10026
shape_J15CWLMYJB_0,1.462474,103.765350,141,10112
shape_J15CWLMYJB_0,1.463000,103.765130,142,10175
shape_J15CWLMYJB_0,1.4632923626686634,103.76511418650817,143,10208
shape_J15CWLMYJB_0,1.46352,103.76496,144,10239
shape_J32CWLMYJB_0,1.48241,103.63789,0,0
shape_J32CWLMYJB_0,1.482843692474072,103.63766320734021,1,54
shape_J32CWLMYJB_0,1.4836,103.63725,2,150
shape_J32CWLMYJB_0,1.48435,103.63685,3,245
shape_J32CWLMYJB_0,1.48445,103.63706,4,271
shape_J32CWLMYJB_0,1.485,103.63806,5,398
shape_J32CWLMYJB_0,1.48522,103.6383,6,434
shape_J32CWLMYJB_0,1.4854,103.63841,7,457
shape_J32CWLMYJB_0,1.48552,103.63862,8,484
shape_J32CWLMYJB_0,1.48595,103.63858,9,532
shape_J32CWLMYJB_0,1.48741,103.63897,10,700
shape_J32CWLMYJB_0,1.48795,103.63917,11,764
shape_J32CWLMYJB_0,1.48866,103.63933,12,845
shape_J32CWLMYJB_0,1.48906,103.63948,13,893
shape_J32CWLMYJB_0,1.49184,103.64016,14,1211
shape_J32CWLMYJB_0,1.49203,103.64021,15,1233
shape_J32CWLMYJB_0,1.49215,103.6403,16,1250
shape_J32CWLMYJB_0,1.49339,103.64148,17,1440
shape_J32CWLMYJB_0,1.4954,103.64337,18,1747
shape_J32CWLMYJB_0,1.49546,103.64333,19,1755
shape_J32CWLMYJB_0,1.49773,103.64641,20,2180
shape_J32CWLMYJB_0,1.49789,103.64678,21,2225
shape_J32CWLMYJB_0,1.4986763741704545,103.64779839286805,22,2368
shape_J32CWLMYJB_0,1.49904,103.64754,23,2418
shape_J32CWLMYJB_0,1.50031,103.64633,24,2613
shape_J32CWLMYJB_0,1.50069,103.64669,25,2671
shape_J32CWLMYJB_0,1.50244,103.64829,26,2935
shape_J32CWLMYJB_0,1.50287,103.6487,27,3001
shape_J32CWLMYJB_0,1.50476,103.65054,28,3294
shape_J32CWLMYJB_0,1.50664,103.6523,29,3580
shape_J32CWLMYJB_0,1.50757,103.65316,30,3721
shape_J32CWLMYJB_0,1.50828,103.65239,31,3837
shape_J32CWLMYJB_0,1.50876,103.652,32,3906
shape_J32CWLMYJB_0,1.5097,103.65098,33,4060
shape_J32CWLMYJB_0,1.51027,103.65044,34,4147
shape_J32CWLMYJB_0,1.51049,103.65035,35,4173
shape_J32CWLMYJB_0,1.51075,103.6503,36,4202
shape_J32CWLMYJB_0,1.51114,103.65033,37,4245
shape_J32CWLMYJB_0,1.51146,103.65047,38,4284
shape_J32CWLMYJB_0,1.51167,103.65059,39,4311
shape_J32CWLMYJB_0,1.51371,103.65247,40,4619
shape_J32CWLMYJB_0,1.5140319355598852,103.65283134456637,41,4673
shape_J32CWLMYJB_0,1.5127663745170983,103.65427437301638,42,4886
shape_J32CWLMYJB_0,1.51234,103.65465,43,4949
shape_J32CWLMYJB_0,1.51154717150503,103.65549903572084,44,5078
shape_J32CWLMYJB_0,1.5122657690482695,103.65620017196653,45,5190
shape_J32CWLMYJB_0,1.51284,103.65662,46,5269
shape_J32CWLMYJB_0,1.5134984663246043,103.65724381845472,47,5370
shape_J32CWLMYJB_0,1.51378,103.65693,48,5417
shape_J32CWLMYJB_0,1.5146,103.65614,49,5544
shape_J32CWLMYJB_0,1.51587,103.65726,50,5732
shape_J32CWLMYJB_0,1.5179,103.65916,51,6041
shape_J32CWLMYJB_0,1.51975,103.66089,52,6323
shape_J32CWLMYJB_0,1.52075,103.66191,53,6482
shape_J32CWLMYJB_0,1.5216,103.66266,54,6608
shape_J32CWLMYJB_0,1.52264,103.66364,55,6767
shape_J32CWLMYJB_0,1.52507,103.66592,56,7137
shape_J32CWLMYJB_0,1.52406,103.66498,57,7290
shape_J32CWLMYJB_0,1.52526,103.66603,58,7467
shape_J32CWLMYJB_0,1.52533,103.66605,59,7475
shape_J32CWLMYJB_0,1.5254,103.66603,60,7483
shape_J32CWLMYJB_0,1.5256,103.66592,61,7508
shape_J32CWLMYJB_0,1.52581,103.66571,62,7541
shape_J32CWLMYJB_0,1.52598,103.66557,63,7565
shape_J32CWLMYJB_0,1.52626,103.66542,64,7600
shape_J32CWLMYJB_0,1.52715,103.66508,65,7706
shape_J32CWLMYJB_0,1.52719,103.66507,66,7711
shape_J32CWLMYJB_0,1.52891,103.66445,67,7914
shape_J32CWLMYJB_0,1.52922,103.66436,68,7950
shape_J32CWLMYJB_0,1.52948,103.665,69,8027
shape_J32CWLMYJB_0,1.52988,103.66649,70,8198
shape_J32CWLMYJB_0,1.52996,103.66687,71,8241
shape_J32CWLMYJB_0,1.53003,103.66713,72,8271
shape_J32CWLMYJB_0,1.5301,103.6673,73,8291
shape_J32CWLMYJB_0,1.53064,103.6681,74,8398
shape_J32CWLMYJB_0,1.52949,103.6691,75,8567
shape_J32CWLMYJB_0,1.52915,103.66943,76,8620
shape_J32CWLMYJB_0,1.52858,103.67012,77,8719
shape_J32CWLMYJB_0,1.52811,103.67087,78,8817
shape_J32CWLMYJB_0,1.52718,103.67294,79,9069
shape_J32CWLMYJB_0,1.52612,103.67567,80,9395
shape_J32CWLMYJB_0,1.52552,103.67675,81,9532
shape_J32CWLMYJB_0,1.52538,103.67694,82,9558
shape_J32CWLMYJB_0,1.52433,103.67818,83,9739
shape_J32CWLMYJB_0,1.52407,103.67841,84,9778
shape_J32CWLMYJB_0,1.52261,103.67966,85,9992
shape_J32CWLMYJB_0,1.51513,103.68491,86,11008
shape_J32CWLMYJB_0,1.51153,103.68748,87,11500
shape_J32CWLMYJB_0,1.50915,103.68898,88,11813
shape_J32CWLMYJB_0,1.50589,103.69083,89,12230
shape_J32CWLMYJB_0,1.50489,103.69156,90,12368
shape_J32CWLMYJB_0,1.50398,103.69232,91,12500
shape_J32CWLMYJB_0,1.50265,103.69356,92,12702
shape_J32CWLMYJB_0,1.50119,103.69526,93,12951
shape_J32CWLMYJB_0,1.50081,103.69585,94,13029
shape_J32CWLMYJB_0,1.4989,103.69848,95,13390
shape_J32CWLMYJB_0,1.49892,103.69862,96,13406
shape_J32CWLMYJB_0,1.49698,103.70152,97,13794
shape_J32CWLMYJB_0,1.49582,103.70333,98,14033
shape_J32CWLMYJB_0,1.494447,103.70527,99,14297
shape_J32CWLMYJB_0,1.49263,103.70768,100,14633
shape_J32CWLMYJB_0,1.48961,103.71202,101,15221
shape_J32CWLMYJB_0,1.4875,103.71473,102,15603
shape_J32CWLMYJB_0,1.48741,103.71492,103,15626
shape_J32CWLMYJB_0,1.48732,103.71532,104,15672
shape_J32CWLMYJB_0,1.48732,103.71545,105,15686
shape_J32CWLMYJB_0,1.48739,103.71574,106,15719
shape_J32CWLMYJB_0,1.48761,103.7164,107,15796
shape_J32CWLMYJB_0,1.48758,103.71666,108,15825
shape_J32CWLMYJB_0,1.48752,103.71689,109,15851
shape_J32CWLMYJB_0,1.48744,103.71705,110,15871
shape_J32CWLMYJB_0,1.48734,103.71717,111,15888
shape_J32CWLMYJB_0,1.48716,103.71729,112,15912
shape_J32CWLMYJB_0,1.48702,103.71735,113,15929
shape_J32CWLMYJB_0,1.48657,103.71748,114,15981
shape_J32CWLMYJB_0,1.48535,103.71777,115,16120
shape_J32CWLMYJB_0,1.48508,103.71792,116,16154
shape_J32CWLMYJB_0,1.48492,103.71809,117,16180
shape_J32CWLMYJB_0,1.48452,103.71864,118,16256
shape_J32CWLMYJB_0,1.48383,103.7197,119,16397
shape_J32CWLMYJB_0,1.48224,103.72198,120,16706
shape_J32CWLMYJB_0,1.48205,103.72219,121,16737
shape_J32CWLMYJB_0,1.48143,103.72274,122,16829
shape_J32CWLMYJB_0,1.48079,103.72321,123,16917
shape_J32CWLMYJB_0,1.48017,103.72354,124,16995
shape_J32CWLMYJB_0,1.47975,103.7237,125,17045
shape_J32CWLMYJB_0,1.47919,103.72387,126,17110
shape_J32CWLMYJB_0,1.47581,103.72452,127,17493
shape_J32CWLMYJB_0,1.47516,103.72474,128,17569
shape_J32CWLMYJB_0,1.47297,103.72518,129,17817
shape_J32CWLMYJB_0,1.47227,103.72537,130,17898
shape_J32CWLMYJB_0,1.46829,103.72672,131,18365
shape_J32CWLMYJB_0,1.4681,103.72682,132,18389
shape_J32CWLMYJB_0,1.46792,103.72696,133,18414
shape_J32CWLMYJB_0,1.46473,103.72993,134,18899
shape_J32CWLMYJB_0,1.46304,103.73155,135,19159
shape_J32CWLMYJB_0,1.46185,103.73271,136,19344
shape_J32CWLMYJB_0,1.46141,103.73325,137,19421
shape_J32CWLMYJB_0,1.46118,103.73359,138,19467
shape_J32CWLMYJB_0,1.46069,103.73448,139,19580
shape_J32CWLMYJB_0,1.46031,103.73531,140,19681
shape_J32CWLMYJB_0,1.46014,103.73581,141,19740
shape_J32CWLMYJB_0,1.45947,103.73857,142,20056
shape_J32CWLMYJB_0,1.45748,103.74656,143,20971
shape_J32CWLMYJB_0,1.45676,103.74912,144,21267
shape_J32CWLMYJB_0,1.45558,103.75148,145,21560
shape_J32CWLMYJB_0,1.45471,103.75442,146,21901
shape_J32CWLMYJB_0,1.45461,103.75487,147,21952
shape_J32CWLMYJB_0,1.4544,103.75662,148,22148
shape_J32CWLMYJB_0,1.45443,103.75732,149,22226
shape_J32CWLMYJB_0,1.45523,103.76126,150,22673
shape_J32CWLMYJB_0,1.45546,103.76188,151,22747
shape_J32CWLMYJB_0,1.456,103.76371,152,22959
shape_J32CWLMYJB_0,1.45652,103.76484,153,23187
shape_J32CWLMYJB_0,1.45736,103.7662,154,23275
shape_J32CWLMYJB_0,1.45756,103.7664,155,23306
shape_J32CWLMYJB_0,1.45777,103.76654,156,23334
shape_J32CWLMYJB_0,1.45797,103.76663,157,23358
shape_J32CWLMYJB_0,1.45826,103.76671,158,23391
shape_J32CWLMYJB_0,1.45883,103.7668,159,23455
shape_J32CWLMYJB_0,1.45904,103.76686,160,23479
shape_J32CWLMYJB_0,1.45916,103.76694,161,23495
shape_J32CWLMYJB_0,1.45927,103.76704,162,23512
shape_J32CWLMYJB_0,1.4594,103.76722,163,23537
shape_J32CWLMYJB_0,1.45949,103.76724,164,23547
shape_J32CWLMYJB_0,1.45978,103.76709,165,23583
shape_J32CWLMYJB_0,1.45997,103.76697,166,23608
shape_J32CWLMYJB_0,1.46006,103.76687,167,23623
shape_J32CWLMYJB_0,1.46026,103.7668,168,23647
shape_J32CWLMYJB_0,1.46352,103.76496,169,24063
shape_J11CWLMYJB_1,1.46352,103.76496,0,0
shape_J11CWLMYJB_1,1.46263,103.76562,1,123
shape_J11CWLMYJB_1,1.46113,103.76643,2,313
shape_J11CWLMYJB_1,1.4603,103.76695,3,422
shape_J11CWLMYJB_1,1.46023,103.76696,4,430
shape_J11CWLMYJB_1,1.46015,103.76699,5,440
shape_J11CWLMYJB_1,1.46003,103.76717,6,464
shape_J11CWLMYJB_1,1.4599,103.76732,7,486
shape_J11CWLMYJB_1,1.45942,103.76761,8,548
shape_J11CWLMYJB_1,1.45919,103.76726,9,595
shape_J11CWLMYJB_1,1.45906,103.76713,10,615
shape_J11CWLMYJB_1,1.4589,103.76703,11,636
shape_J11CWLMYJB_1,1.45867,103.76695,12,663
shape_J11CWLMYJB_1,1.45804,103.76685,13,734
shape_J11CWLMYJB_1,1.45784,103.76676,14,758
shape_J11CWLMYJB_1,1.45738,103.76642,15,822
shape_J11CWLMYJB_1,1.45714,103.76628,16,853
shape_J11CWLMYJB_1,1.4569,103.76616,17,883
shape_J11CWLMYJB_1,1.45636,103.76583,18,953
shape_J11CWLMYJB_1,1.4561,103.76554,19,996
shape_J11CWLMYJB_1,1.45602,103.7654,20,1014
shape_J11CWLMYJB_1,1.4549,103.76127,21,1490
shape_J11CWLMYJB_1,1.45487,103.76126,22,1494
shape_J11CWLMYJB_1,1.45457,103.7597,23,1671
shape_J11CWLMYJB_1,1.45782,103.75904,24,2040
shape_J11CWLMYJB_1,1.45723,103.75915,25,2107
shape_J11CWLMYJB_1,1.45949,103.75871,26,2363
shape_J11CWLMYJB_1,1.45961,103.75867,27,2377
shape_J11CWLMYJB_1,1.45974,103.7586,28,2393
shape_J11CWLMYJB_1,1.45996,103.75839,29,2427
shape_J11CWLMYJB_1,1.4632,103.75553,30,2907
shape_J11CWLMYJB_1,1.46319,103.7555,31,2911
shape_J11CWLMYJB_1,1.46338,103.75535,32,2938
shape_J11CWLMYJB_1,1.46386,103.75489,33,3012
shape_J11CWLMYJB_1,1.46601,103.75303,34,3328
shape_J11CWLMYJB_1,1.46626,103.75285,35,3362
shape_J11CWLMYJB_1,1.46653,103.75269,36,3397
shape_J11CWLMYJB_1,1.46962,103.75087,37,3796
shape_J11CWLMYJB_1,1.46977,103.75111,38,3827
shape_J11CWLMYJB_1,1.47067,103.75232,39,3995
shape_J11CWLMYJB_1,1.47086,103.75264,40,4036
shape_J11CWLMYJB_1,1.47113,103.75298,41,4084
shape_J11CWLMYJB_1,1.47193,103.75414,42,4241
shape_J11CWLMYJB_1,1.47382,103.75783,43,4702
shape_J11CWLMYJB_1,1.47396,103.75838,44,4765
shape_J11CWLMYJB_1,1.47397,103.75866,45,4796
shape_J11CWLMYJB_1,1.47395,103.7591,46,4845
shape_J11CWLMYJB_1,1.47392,103.75932,47,4870
shape_J11CWLMYJB_1,1.47383,103.75972,48,4916
shape_J11CWLMYJB_1,1.47369,103.76064,49,5019
shape_J11CWLMYJB_1,1.47334,103.762,50,5175
shape_J11CWLMYJB_1,1.47332,103.76224,51,5202
shape_J11CWLMYJB_1,1.47332,103.76233,52,5212
shape_J11CWLMYJB_1,1.47338,103.76241,53,5223
shape_J11CWLMYJB_1,1.47366,103.76254,54,5257
shape_J11CWLMYJB_1,1.47514,103.76291,55,5427
shape_J11CWLMYJB_1,1.47532,103.76299,56,5449
shape_J11CWLMYJB_1,1.47634,103.76328,57,5567
shape_J11CWLMYJB_1,1.47642,103.76329,58,5576
shape_J11CWLMYJB_1,1.47782,103.76364,59,5736
shape_J11CWLMYJB_1,1.47811,103.76375,60,5770
shape_J11CWLMYJB_1,1.4805,103.76435,61,6044
shape_J11CWLMYJB_1,1.48329,103.76512,62,6366
shape_J11CWLMYJB_1,1.48388,103.76535,63,6436
shape_J11CWLMYJB_1,1.48392,103.76538,64,6442
shape_J11CWLMYJB_1,1.48399,103.76547,65,6455
shape_J11CWLMYJB_1,1.48405,103.76543,66,6463
shape_J11CWLMYJB_1,1.48415,103.76542,67,6474
shape_J11CWLMYJB_1,1.48482,103.76555,68,6550
shape_J11CWLMYJB_1,1.48669,103.76607,69,6766
shape_J11CWLMYJB_1,1.48652,103.76603,70,6785
shape_J11CWLMYJB_1,1.48926,103.76681,71,7102
shape_J11CWLMYJB_1,1.48957,103.76688,72,7137
shape_J11CWLMYJB_1,1.48997,103.76694,73,7182
shape_J11CWLMYJB_1,1.49052,103.76696,74,7243
shape_J11CWLMYJB_1,1.49317,103.76645,75,7543
shape_J11CWLMYJB_1,1.49345,103.76645,76,7574
shape_J11CWLMYJB_1,1.50051,103.76503,77,8375
shape_J11CWLMYJB_1,1.50325,103.76442,78,8687
shape_J11CWLMYJB_1,1.50383,103.76416,79,8758
shape_J11CWLMYJB_1,1.50439,103.76401,80,8822
shape_J11CWLMYJB_1,1.50468,103.76378,81,8863
shape_J11CWLMYJB_1,1.50497,103.7635,82,8908
shape_J11CWLMYJB_1,1.50571,103.76267,83,9032
shape_J11CWLMYJB_1,1.50622,103.76221,84,9108
shape_J11CWLMYJB_1,1.50654,103.76203,85,9149
shape_J11CWLMYJB_1,1.50699,103.76183,86,9204
shape_J11CWLMYJB_1,1.50975,103.76089,87,9528
shape_J11CWLMYJB_1,1.51058,103.7606,88,9626
shape_J11CWLMYJB_1,1.51134,103.76027,89,9718
shape_J11CWLMYJB_1,1.51191,103.75997,90,9790
shape_J11CWLMYJB_1,1.51209,103.75985,91,9814
shape_J11CWLMYJB_1,1.51242,103.75958,92,9861
shape_J11CWLMYJB_1,1.51341,103.75863,93,10014
shape_J11CWLMYJB_1,1.51374,103.75838,94,10060
shape_J11CWLMYJB_1,1.5142,103.75811,95,10119
shape_J11CWLMYJB_1,1.51431,103.75807,96,10132
shape_J11CWLMYJB_1,1.51451,103.758,97,10156
shape_J11CWLMYJB_1,1.51484,103.75792,98,10194
shape_J11CWLMYJB_1,1.51521,103.75788,99,10235
shape_J11CWLMYJB_1,1.51553,103.75788,100,10271
shape_J11CWLMYJB_1,1.5158,103.7579,101,10301
shape_J11CWLMYJB_1,1.51604,103.75794,102,10328
shape_J11CWLMYJB_1,1.51801,103.75854,103,10557
shape_J11CWLMYJB_1,1.51843,103.7587,104,10607
shape_J11CWLMYJB_1,1.51873,103.75884,105,10644
shape_J11CWLMYJB_1,1.5191,103.75907,106,10692
shape_J11CWLMYJB_1,1.51947,103.75934,107,10743
shape_J11CWLMYJB_1,1.51962,103.75947,108,10765
shape_J11CWLMYJB_1,1.51999,103.75986,109,10825
shape_J11CWLMYJB_1,1.52025,103.76017,110,10870
shape_J11CWLMYJB_1,1.52049,103.76052,111,10917
shape_J11CWLMYJB_1,1.52212,103.76431,112,11376
shape_J11CWLMYJB_1,1.52247,103.76532,113,11495
shape_J11CWLMYJB_1,1.52263,103.76554,114,11525
shape_J11CWLMYJB_1,1.52279,103.76612,115,11592
shape_J11CWLMYJB_1,1.52306,103.76671,116,11664
shape_J11CWLMYJB_1,1.52363,103.76767,117,11788
shape_J11CWLMYJB_1,1.52412,103.76837,118,11883
shape_J11CWLMYJB_1,1.52427,103.76862,119,11915
shape_J11CWLMYJB_1,1.52446,103.76898,120,11960
shape_J11CWLMYJB_1,1.52456,103.76926,121,11993
shape_J11CWLMYJB_1,1.5246,103.76943,122,12012
shape_J11CWLMYJB_1,1.52469,103.77055,123,12137
shape_J11CWLMYJB_1,1.5249,103.77105,124,12197
shape_J11CWLMYJB_1,1.5251823802970417,103.77164717063904,125,12270
shape_J11CWLMYJB_1,1.5254244870144247,103.77223672065996,126,12341
shape_J11CWLMYJB_1,1.5257547743349915,103.7721441375732,127,12379
shape_J11CWLMYJB_1,1.5265060740892225,103.77165571296693,128,12479
shape_J11CWLMYJB_1,1.526800574653345,103.77141553869247,129,12521
shape_J11CWLMYJB_1,1.52706,103.77127,130,12554
shape_J11CWLMYJB_1,1.52725,103.77106,131,12585
shape_J11CWLMYJB_1,1.52746,103.77093,132,12612
shape_J11CWLMYJB_1,1.52788,103.77059,133,12672
shape_J11CWLMYJB_1,1.529599,103.768187,134,13000
shape_J11CWLMYJB_1,1.530902,103.766331,135,13252
shape_J11CWLMYJB_1,1.53266,103.76376,136,13598
shape_J11CWLMYJB_1,1.5358,103.75918,137,14215
shape_J11CWLMYJB_1,1.53553,103.75949,138,14261
shape_J11CWLMYJB_1,1.53558,103.75965,139,14280
shape_J11CWLMYJB_1,1.53594,103.75889,140,14373
shape_J11CWLMYJB_1,1.53595,103.75874,141,14390
shape_J11CWLMYJB_1,1.53594,103.75863,142,14402
shape_J11CWLMYJB_1,1.53587,103.75844,143,14425
shape_J11CWLMYJB_1,1.53572,103.75816,144,14460
shape_J11CWLMYJB_1,1.53393,103.75596,145,14775
shape_J11CWLMYJB_1,1.53383,103.75577,146,14799
shape_J11CWLMYJB_1,1.53372,103.75552,147,14829
shape_J11CWLMYJB_1,1.53313,103.75485,148,14928
shape_J11CWLMYJB_1,1.53179,103.75292,149,15189
shape_J11CWLMYJB_1,1.53168,103.75274,150,15212
shape_J11CWLMYJB_1,1.53158,103.75249,151,15242
shape_J11CWLMYJB_1,1.53154,103.75229,152,15265
shape_J11CWLMYJB_1,1.53137,103.7523,153,15284
shape_J11CWLMYJB_1,1.53156,103.75168,154,15356
shape_J11CWLMYJB_1,1.53189,103.75078,155,15463
shape_J11CWLMYJB_1,1.53243,103.75101,156,15528
shape_J11CWLMYJB_1,1.53296,103.75137,157,15599
shape_J11CWLMYJB_1,1.53535,103.7529,158,15915
shape_J11CWLMYJB_1,1.53622,103.75155,159,16094
shape_J11CWLMYJB_1,1.53424,103.74937,160,16421
shape_J11CWLMYJB_1,1.53294,103.74856,161,16591
shape_J11CWLMYJB_1,1.53263,103.74904,162,16655
shape_J11CWLMYJB_1,1.53169,103.75158,163,16956
shape_J11CWLMYJB_1,1.53163,103.7519,164,16992
shape_J11CWLMYJB_1,1.53164,103.75228,165,17034
shape_J11CWLMYJB_1,1.53168,103.75248,166,17057
shape_J11CWLMYJB_1,1.53175,103.7527,167,17083
shape_J11CWLMYJB_1,1.53217,103.75345,168,17179
shape_J11CWLMYJB_1,1.53572,103.75816,169,17835
shape_J11CWLMYJB_1,1.53587,103.75844,170,17870
shape_J11CWLMYJB_1,1.53594,103.75863,171,17893
shape_J11CWLMYJB_1,1.53595,103.75874,172,17905
shape_J11CWLMYJB_1,1.53594,103.75889,173,17922
shape_J11CWLMYJB_1,1.5358,103.75918,174,17958
shape_J11CWLMYJB_1,1.53411,103.7616,175,18286
shape_J11CWLMYJB_1,1.5341,103.76173,176,18300
shape_J11CWLMYJB_1,1.53412,103.76181,177,18309
shape_J11CWLMYJB_1,1.53417,103.76188,178,18319
shape_J11CWLMYJB_1,1.53544,103.76247,179,18475
shape_J11CWLMYJB_1,1.5362,103.76264,180,18562
shape_J11CWLMYJB_1,1.53639,103.76266,181,18583
shape_J11CWLMYJB_1,1.53648,103.76272,182,18595
shape_J11CWLMYJB_1,1.5368,103.76275,183,18631
shape_J11CWLMYJB_1,1.53816,103.763,184,18785
shape_J11CWLMYJB_1,1.54215,103.7634,185,19231
shape_J11CWLMYJB_1,1.54287,103.7634,186,19311
shape_J11CWLMYJB_1,1.54324,103.76336,187,19352
shape_J11CWLMYJB_1,1.5434,103.76333,188,19370
shape_J11CWLMYJB_1,1.54361,103.76327,189,19394
shape_J11CWLMYJB_1,1.54365,103.76323,190,19400
shape_J11CWLMYJB_1,1.54369,103.7632,191,19406
shape_J11CWLMYJB_1,1.54375,103.76321,192,19413
shape_J11CWLMYJB_1,1.54529,103.76204,193,19628
shape_J11CWLMYJB_1,1.54654,103.76079,194,19825
shape_J11CWLMYJB_1,1.5475,103.75976,195,19982
shape_J11CWLMYJB_1,1.54785,103.75944,196,20035
shape_J11CWLMYJB_1,1.54794,103.75923,197,20060
shape_J11CWLMYJB_1,1.54792,103.7591,198,20075
shape_J11CWLMYJB_1,1.54698,103.75797,199,20238
shape_J11CWLMYJB_1,1.5467463555616898,103.75764277050018,200,20283
shape_J11CWLMYJB_1,1.54623,103.75707,201,20369
shape_J11CWLMYJB_1,1.5460138825910783,103.75675886375426,202,20411
shape_J11CWLMYJB_1,1.5456269111887269,103.75616393229248,203,20490
shape_J11CWLMYJB_1,1.54638,103.75572,204,20587
shape_J11CWLMYJB_1,1.5474031681064402,103.75534495700833,205,20708
shape_J11CWLMYJB_1,1.5479591261953654,103.75511641468047,206,20775
shape_J11CWLMYJB_1,1.54858,103.75494,207,20847
shape_J11CWLMYJB_1,1.54925,103.75466,208,20928
shape_J11CWLMYJB_1,1.55033,103.75445,209,21050
shape_J11CWLMYJB_1,1.5509,103.75441,210,21114
shape_J11CWLMYJB_1,1.551431170884984,103.75433918518067,211,21174
shape_J11CWLMYJB_1,1.5525,103.75426,212,21293
shape_J11CWLMYJB_1,1.55427,103.75417,213,21490
shape_J11CWLMYJB_1,1.5549389786898313,103.7542859801483,214,21565
shape_J11CWLMYJB_1,1.554916995450784,103.75501909919737,215,21647
shape_J11CWLMYJB_1,1.55492,103.75589,216,21744
shape_J11CWLMYJB_1,1.55497,103.75825,217,22006
shape_J11CWLMYJB_1,1.55524,103.75823,218,22036
shape_J11CWLMYJB_1,1.55684,103.75816,219,22214
shape_J11CWLMYJB_1,1.558246866503247,103.75814049570087,220,22370
shape_J11CWLMYJB_1,1.5590529152466024,103.75816609325408,221,22460
shape_J11CWLMYJB_1,1.56122,103.75831,222,22701
shape_J11CWLMYJB_1,1.56243,103.75852,223,22838
shape_J11CWLMYJB_1,1.56246,103.75851,224,22842
shape_J11CWLMYJB_1,1.56379,103.75867,225,22991
shape_J11CWLMYJB_1,1.56638,103.75919,226,23285
shape_J11CWLMYJB_1,1.56661,103.75896,227,23321
shape_J11CWLMYJB_1,1.56692,103.75926,228,23369
shape_J11CWLMYJB_1,1.56725,103.75925,229,23406
shape_J11CWLMYJB_1,1.56773,103.7592,230,23460
shape_J11CWLMYJB_1,1.5681,103.75919,231,23501
shape_J11CWLMYJB_1,1.56854,103.75922,232,23550
shape_J11CWLMYJB_1,1.56873,103.75927,233,23572
shape_J11CWLMYJB_1,1.569,103.7594,234,23605
shape_J11CWLMYJB_1,1.56891,103.75935,235,23616
shape_J11CWLMYJB_1,1.56917,103.75939,236,23645
shape_J11CWLMYJB_1,1.56929,103.75931,237,23661
shape_J11CWLMYJB_1,1.56945,103.75895,238,23705
shape_J11CWLMYJB_1,1.56948,103.75884,239,23718
shape_J11CWLMYJB_1,1.56966,103.75617,240,24015
shape_J11CWLMYJB_1,1.56961,103.75624,241,24025
shape_J11CWLMYJB_1,1.5697,103.75541,242,24118
shape_J11CWLMYJB_1,1.56974,103.7552,243,24142
shape_J11CWLMYJB_1,1.56999,103.75445,244,24230
shape_J11CWLMYJB_1,1.57008,103.75423,245,24256
shape_J11CWLMYJB_1,1.57011,103.75417,246,24263
shape_J11CWLMYJB_1,1.57039,103.75356,247,24338
shape_J11CWLMYJB_1,1.57048,103.75342,248,24357
shape_J11CWLMYJB_1,1.57111,103.75262,249,24470
shape_J11CWLMYJB_1,1.57313,103.75063,250,24785
shape_J11CWLMYJB_1,1.57255,103.75128,251,24882
shape_J11CWLMYJB_1,1.57339,103.75036,252,25020
shape_J11CWLMYJB_1,1.57429,103.7495,253,25158
shape_J11CWLMYJB_1,1.57437,103.74939,254,25173
shape_J11CWLMYJB_1,1.57444,103.74919,255,25197
shape_J11CWLMYJB_1,1.57458,103.74877,256,25246
shape_J11CWLMYJB_1,1.57464,103.74819,257,25311
shape_J11CWLMYJB_1,1.5739182512692016,103.74790615211487,258,25397
shape_J11CWLMYJB_1,1.5733115758568719,103.74761084655762,259,25472
shape_J11CWLMYJB_1,1.5728399738818317,103.74704122684479,260,25554
shape_J11CWLMYJB_1,1.5723483717796176,103.74636603900906,261,25647
shape_J11CWLMYJB_1,1.5718438704095898,103.74575528634477,262,25735
shape_J11CWLMYJB_1,1.57128,103.745086,263,25832
shape_J11CWLMYJB_1,1.571033,103.74463,264,25890
shape_J11CWLMYJB_1,1.569709,103.743015,265,26122
shape_J11CWLMYJB_1,1.568851,103.742092,266,26262
shape_J11CWLMYJB_1,1.569092,103.741776,267,26306
shape_J11CWLMYJB_1,1.569408,103.7414,268,26361
shape_J11CWLMYJB_1,1.569827,103.740928,269,26431
shape_J11CWLMYJB_1,1.570223,103.740429,270,26502
shape_J11CWLMYJB_1,1.570529,103.740038,271,26557
shape_J11CWLMYJB_1,1.570985,103.739415,272,26643
shape_J11CWLMYJB_1,1.5713978120033136,103.73869072883603,273,26736
shape_J11CWLMYJB_1,1.57165,103.738257,274,26792
shape_J11CWLMYJB_1,1.57209,103.737511,275,26888
shape_J11CWLMYJB_1,1.572342,103.736959,276,26955
shape_J11CWLMYJB_1,1.572667,103.736083,277,27059
shape_J11CWLMYJB_1,1.572903,103.735455,278,27134
shape_J11CWLMYJB_1,1.573064,103.734908,279,27197
shape_J11CWLMYJB_1,1.573021,103.734637,280,27227
shape_J11CWLMYJB_1,1.572876,103.734554,281,27246
shape_J11CWLMYJB_1,1.572394,103.734436,282,27301
shape_J11CWLMYJB_1,1.570656,103.733972,283,27501
shape_J11CWLMYJB_1,1.568894,103.733558,284,27702
shape_J11CWLMYJB_1,1.567955,103.733386,285,27808
shape_J11CWLMYJB_1,1.566052,103.733107,286,28022
shape_J11CWLMYJB_1,1.56499,103.73296,287,28141
shape_J11CWLMYJB_1,1.564641,103.732919,288,28180
shape_J11CWLMYJB_1,1.564577,103.733005,289,28192
shape_J11CWLMYJB_1,1.564481,103.733021,290,28203
shape_J11CWLMYJB_1,1.56433,103.73301,291,28220
shape_J11CWLMYJB_1,1.564207,103.733021,292,28234
shape_J11CWLMYJB_1,1.563966,103.733021,293,28261
shape_J11CWLMYJB_1,1.563751,103.733316,294,28302
shape_J11CWLMYJB_1,1.5635835845420327,103.7336510729786,295,28344
shape_J11CWLMYJB_1,1.56337,103.734,296,28389
shape_J13CWLMYJB_0,1.49487,103.74263,0,0
shape_J13CWLMYJB_0,1.495024447326736,103.74327440013887,1,74
shape_J13CWLMYJB_0,1.495404313635022,103.74318364418028,2,117
shape_J13CWLMYJB_0,1.495394819390618,103.74290250793456,3,148
shape_J13CWLMYJB_0,1.4951326920245878,103.74170808233077,4,284
shape_J13CWLMYJB_0,1.4941218432588153,103.74190388358886,5,398
shape_J13CWLMYJB_0,1.4939609654282329,103.74211309589202,6,427
shape_J13CWLMYJB_0,1.4944811370378674,103.74316452182586,7,557
shape_J13CWLMYJB_0,1.4949074631621662,103.74408451951797,8,670
shape_J13CWLMYJB_0,1.4952826921077862,103.74488171562194,9,768
shape_J13CWLMYJB_0,1.4957169094931886,103.74579803970339,10,881
shape_J13CWLMYJB_0,1.4961729974478752,103.74652488891601,11,976
shape_J13CWLMYJB_0,1.4962880737099908,103.74667862369536,12,997
shape_J13CWLMYJB_0,1.4965522908962798,103.74673602977752,13,1027
shape_J13CWLMYJB_0,1.497037385675241,103.74636830688479,14,1095
shape_J13CWLMYJB_0,1.4974341986247006,103.74614390674591,15,1146
shape_J13CWLMYJB_0,1.49752,103.74633,16,1169
shape_J13CWLMYJB_0,1.49759,103.74649,17,1188
shape_J13CWLMYJB_0,1.49764,103.74665,18,1207
shape_J13CWLMYJB_0,1.49795,103.74806,19,1367
shape_J13CWLMYJB_0,1.49804,103.74847,20,1414
shape_J13CWLMYJB_0,1.49803,103.74873,21,1443
shape_J13CWLMYJB_0,1.49797,103.74903,22,1477
shape_J13CWLMYJB_0,1.49787,103.74938,23,1517
shape_J13CWLMYJB_0,1.49774,103.74967,24,1552
shape_J13CWLMYJB_0,1.49763,103.74976,25,1568
shape_J13CWLMYJB_0,1.49753,103.74992,26,1589
shape_J13CWLMYJB_0,1.4974,103.75006,27,1610
shape_J13CWLMYJB_0,1.49711,103.75029,28,1651
shape_J13CWLMYJB_0,1.49658,103.75061,29,1720
shape_J13CWLMYJB_0,1.49654,103.75074,30,1735
shape_J13CWLMYJB_0,1.49542,103.75098,31,1862
shape_J13CWLMYJB_0,1.49499,103.75111,32,1912
shape_J13CWLMYJB_0,1.49495,103.75117,33,1920
shape_J13CWLMYJB_0,1.49488,103.7512,34,1928
shape_J13CWLMYJB_0,1.49482,103.75118,35,1935
shape_J13CWLMYJB_0,1.4944,103.75119,36,1982
shape_J13CWLMYJB_0,1.49351,103.75136,37,2083
shape_J13CWLMYJB_0,1.49341,103.75142,38,2096
shape_J13CWLMYJB_0,1.49322,103.75139,39,2117
shape_J13CWLMYJB_0,1.49232,103.75143,40,2217
shape_J13CWLMYJB_0,1.49207,103.75142,41,2245
shape_J13CWLMYJB_0,1.49054,103.75143,42,2415
shape_J13CWLMYJB_0,1.48811,103.75135,43,2685
shape_J13CWLMYJB_0,1.48729,103.75137,44,2776
shape_J13CWLMYJB_0,1.48636,103.75126,45,2880
shape_J13CWLMYJB_0,1.48525,103.75124,46,3003
shape_J13CWLMYJB_0,1.48516,103.75131,47,3016
shape_J13CWLMYJB_0,1.48505,103.75146,48,3037
shape_J13CWLMYJB_0,1.48498,103.7516,49,3054
shape_J13CWLMYJB_0,1.4848,103.75219,50,3123
shape_J13CWLMYJB_0,1.48472,103.75257,51,3166
shape_J13CWLMYJB_0,1.4847,103.75279,52,3191
shape_J13CWLMYJB_0,1.48466,103.75309,53,3225
shape_J13CWLMYJB_0,1.48466,103.75331,54,3249
shape_J13CWLMYJB_0,1.48462,103.75348,55,3268
shape_J13CWLMYJB_0,1.48452,103.75367,56,3292
shape_J13CWLMYJB_0,1.48444,103.7536,57,3304
shape_J13CWLMYJB_0,1.48419,103.75332,58,3346
shape_J13CWLMYJB_0,1.48407,103.75323,59,3363
shape_J13CWLMYJB_0,1.48393,103.75315,60,3381
shape_J13CWLMYJB_0,1.48376,103.75311,61,3400
shape_J13CWLMYJB_0,1.4834,103.75312,62,3440
shape_J13CWLMYJB_0,1.48293,103.7533,63,3496
shape_J13CWLMYJB_0,1.48268,103.75337,64,3525
shape_J13CWLMYJB_0,1.48207,103.75336,65,3593
shape_J13CWLMYJB_0,1.48165,103.7533,66,3640
shape_J13CWLMYJB_0,1.48034,103.75299,67,3790
shape_J13CWLMYJB_0,1.47965,103.75274,68,3872
shape_J13CWLMYJB_0,1.47937,103.75269,69,3904
shape_J13CWLMYJB_0,1.47907,103.75267,70,3937
shape_J13CWLMYJB_0,1.47887,103.75268,71,3959
shape_J13CWLMYJB_0,1.47879,103.7527,72,3968
shape_J13CWLMYJB_0,1.4761271430260587,103.75418105026247,73,4307
shape_J13CWLMYJB_0,1.4758,103.75446,74,4355
shape_J13CWLMYJB_0,1.47508,103.75461,75,4437
shape_J13CWLMYJB_0,1.47467,103.75487,76,4491
shape_J13CWLMYJB_0,1.4731,103.75566,77,4686
shape_J13CWLMYJB_0,1.47292,103.7557,78,4707
shape_J13CWLMYJB_0,1.47267,103.75567,79,4735
shape_J13CWLMYJB_0,1.47247,103.75559,80,4759
shape_J13CWLMYJB_0,1.47235,103.75545,81,4779
shape_J13CWLMYJB_0,1.47145,103.75361,82,5007
shape_J13CWLMYJB_0,1.47105,103.75304,83,5084
shape_J13CWLMYJB_0,1.47076,103.75269,84,5135
shape_J13CWLMYJB_0,1.47043,103.75239,85,5185
shape_J13CWLMYJB_0,1.46947,103.75121,86,5354
shape_J13CWLMYJB_0,1.4685863270585415,103.74975379364012,87,5543
shape_J13CWLMYJB_0,1.4680574688111259,103.74906714813231,88,5639
shape_J13CWLMYJB_0,1.4673003560969462,103.74859065208433,89,5738
shape_J13CWLMYJB_0,1.466797,103.748388,90,5798
shape_J13CWLMYJB_0,1.466121,103.74827,91,5874
shape_J13CWLMYJB_0,1.465542,103.74812,92,5941
shape_J13CWLMYJB_0,1.464544,103.747487,93,6072
shape_J13CWLMYJB_0,1.463826,103.746479,94,6210
shape_J13CWLMYJB_0,1.463375,103.74576,95,6304
shape_J13CWLMYJB_0,1.4627,103.744923,96,6424
shape_J13CWLMYJB_0,1.462243,103.744554,97,6489
shape_J13CWLMYJB_0,1.461825,103.744243,98,6547
shape_J13CWLMYJB_0,1.461364,103.744039,99,6603
shape_J13CWLMYJB_0,1.4611009119784297,103.74461319510652,100,6673
shape_J13CWLMYJB_0,1.4609992746517915,103.74491391534423,101,6708
shape_J13CWLMYJB_0,1.461165362673726,103.7451011018524,102,6736
shape_J13CWLMYJB_0,1.461643,103.745557,103,6809
shape_J13CWLMYJB_0,1.461965,103.74596,104,6866
shape_J13CWLMYJB_0,1.462335,103.746421,105,6932
shape_J13CWLMYJB_0,1.462618450681119,103.74700527976228,106,7004
shape_J13CWLMYJB_0,1.46286,103.74781,107,7097
shape_J13CWLMYJB_0,1.4629730986451688,103.74832500000001,108,7156
shape_J13CWLMYJB_0,1.463439,103.749323,109,7278
shape_J13CWLMYJB_0,1.463938,103.750348,110,7405
shape_J13CWLMYJB_0,1.464238,103.750954,111,7480
shape_J13CWLMYJB_0,1.464496,103.751587,112,7556
shape_J13CWLMYJB_0,1.464772,103.752153,113,7626
shape_J13CWLMYJB_0,1.4651047360217535,103.75266755092622,114,7694
shape_J13CWLMYJB_0,1.4653029013110779,103.75290410185242,115,7728
shape_J13CWLMYJB_0,1.465668,103.753333,116,7791
shape_J13CWLMYJB_0,1.4651144352437213,103.75378854846309,117,7871
shape_J13CWLMYJB_0,1.46455,103.75428,118,7954
shape_J13CWLMYJB_0,1.46453,103.75429,119,7956
shape_J13CWLMYJB_0,1.46338,103.75535,120,8130
shape_J13CWLMYJB_0,1.46319,103.7555,121,8157
shape_J13CWLMYJB_0,1.4632,103.75553,122,8161
shape_J13CWLMYJB_0,1.46075,103.75769,123,8524
shape_J13CWLMYJB_0,1.46062,103.75777,124,8541
shape_J13CWLMYJB_0,1.45974,103.7586,125,8675
shape_J13CWLMYJB_0,1.45961,103.75867,126,8691
shape_J13CWLMYJB_0,1.45949,103.75871,127,8705
shape_J13CWLMYJB_0,1.45837,103.75892,128,8832
shape_J13CWLMYJB_0,1.45822,103.75896,129,8849
shape_J13CWLMYJB_0,1.4568,103.75929,130,9011
shape_J13CWLMYJB_0,1.4549016849067533,103.75968076057435,131,9227
shape_J13CWLMYJB_0,1.455152435745013,103.7611544318771,132,9393
shape_J13CWLMYJB_0,1.4552811402545511,103.76151900859831,133,9436
shape_J13CWLMYJB_0,1.45546,103.76188,134,9481
shape_J13CWLMYJB_0,1.4555786790962795,103.76239364418028,135,9540
shape_J13CWLMYJB_0,1.45569,103.76281,136,9588
shape_J13CWLMYJB_0,1.456,103.76371,137,9694
shape_J13CWLMYJB_0,1.4564970733042684,103.76485799007419,138,9833
shape_J13CWLMYJB_0,1.45736,103.7662,139,10010
shape_J13CWLMYJB_0,1.45756,103.7664,140,10041
shape_J13CWLMYJB_0,1.45777,103.76654,141,10069
shape_J13CWLMYJB_0,1.45797,103.76663,142,10093
shape_J13CWLMYJB_0,1.45826,103.76671,143,10126
shape_J13CWLMYJB_0,1.45883,103.7668,144,10190
shape_J13CWLMYJB_0,1.45904,103.76686,145,10214
shape_J13CWLMYJB_0,1.45916,103.76694,146,10230
shape_J13CWLMYJB_0,1.45927,103.76704,147,10247
shape_J13CWLMYJB_0,1.4594,103.76722,148,10272
shape_J13CWLMYJB_0,1.45949,103.76724,149,10282
shape_J13CWLMYJB_0,1.45978,103.76709,150,10318
shape_J13CWLMYJB_0,1.45997,103.76697,151,10343
shape_J13CWLMYJB_0,1.46006,103.76687,152,10358
shape_J13CWLMYJB_0,1.46026,103.7668,153,10382
shape_J13CWLMYJB_0,1.46352,103.76496,154,10798
shape_J100CWLMYJB_1,1.46352,103.76496,0,0
shape_J100CWLMYJB_1,1.46379,103.764848,1,33
shape_J100CWLMYJB_1,1.464235,103.764572,2,91
shape_J100CWLMYJB_1,1.464474,103.76443,3,122
shape_J100CWLMYJB_1,1.464745,103.764215,4,160
shape_J100CWLMYJB_1,1.464889230673193,103.76410423619367,5,180
shape_J100CWLMYJB_1,1.465042,103.764006,6,200
shape_J100CWLMYJB_1,1.4651082526732306,103.76395829418895,7,209
shape_J100CWLMYJB_1,1.465131,103.76394,8,212
shape_J100CWLMYJB_1,1.465149,103.76391,9,216
shape_J100CWLMYJB_1,1.465158,103.763888,10,219
shape_J100CWLMYJB_1,1.465166,103.763854,11,223
shape_J100CWLMYJB_1,1.465182,103.763795,12,230
shape_J100CWLMYJB_1,1.465191,103.76376,13,234
shape_J100CWLMYJB_1,1.465201,103.763734,14,237
shape_J100CWLMYJB_1,1.46521,103.763707,15,240
shape_J100CWLMYJB_1,1.465222,103.763676,16,244
shape_J100CWLMYJB_1,1.465232,103.763657,17,246
shape_J100CWLMYJB_1,1.465241,103.763639,18,248
shape_J100CWLMYJB_1,1.465252,103.763621,19,250
shape_J100CWLMYJB_1,1.465265,103.763602,20,253
shape_J100CWLMYJB_1,1.465284,103.763584,21,256
shape_J100CWLMYJB_1,1.465297,103.763568,22,258
shape_J100CWLMYJB_1,1.465314,103.763551,23,261
shape_J100CWLMYJB_1,1.465325,103.76354,24,263
shape_J100CWLMYJB_1,1.465343,103.76353,25,265
shape_J100CWLMYJB_1,1.465355,103.763523,26,267
shape_J100CWLMYJB_1,1.465373,103.763514,27,269
shape_J100CWLMYJB_1,1.46539,103.763506,28,271
shape_J100CWLMYJB_1,1.46541,103.763499,29,273
shape_J100CWLMYJB_1,1.465428,103.763494,30,275
shape_J100CWLMYJB_1,1.465444,103.763493,31,277
shape_J100CWLMYJB_1,1.46546,103.763492,32,279
shape_J100CWLMYJB_1,1.465476,103.763492,33,281
shape_J100CWLMYJB_1,1.465494,103.763496,34,283
shape_J100CWLMYJB_1,1.465513,103.763501,35,285
shape_J100CWLMYJB_1,1.465529,103.763504,36,287
shape_J100CWLMYJB_1,1.46554,103.76351,37,288
shape_J100CWLMYJB_1,1.465553,103.763519,38,290
shape_J100CWLMYJB_1,1.465572,103.76353,39,292
shape_J100CWLMYJB_1,1.465584,103.76354,40,294
shape_J100CWLMYJB_1,1.465597,103.76355,41,296
shape_J100CWLMYJB_1,1.465608,103.763559,42,298
shape_J100CWLMYJB_1,1.465617,103.763566,43,299
shape_J100CWLMYJB_1,1.465623,103.763577,44,300
shape_J100CWLMYJB_1,1.465623,103.763586,45,301
shape_J100CWLMYJB_1,1.465627,103.763602,46,303
shape_J100CWLMYJB_1,1.465627,103.76362,47,305
shape_J100CWLMYJB_1,1.465629,103.763639,48,307
shape_J100CWLMYJB_1,1.46563,103.76366,49,309
shape_J100CWLMYJB_1,1.465634,103.763681,50,311
shape_J100CWLMYJB_1,1.465635,103.7637,51,313
shape_J100CWLMYJB_1,1.465636,103.763719,52,315
shape_J100CWLMYJB_1,1.465636,103.76374,53,317
shape_J100CWLMYJB_1,1.465632,103.763771,54,320
shape_J100CWLMYJB_1,1.465627,103.763794,55,323
shape_J100CWLMYJB_1,1.465617,103.763814,56,325
shape_J100CWLMYJB_1,1.4656,103.763849,57,329
shape_J100CWLMYJB_1,1.465588,103.763871,58,332
shape_J100CWLMYJB_1,1.465565,103.763901,59,336
shape_J100CWLMYJB_1,1.465559,103.763912,60,337
shape_J100CWLMYJB_1,1.465549,103.763918,61,338
shape_J100CWLMYJB_1,1.46553,103.763928,62,340
shape_J100CWLMYJB_1,1.465515,103.763938,63,342
shape_J100CWLMYJB_1,1.465496,103.763949,64,344
shape_J100CWLMYJB_1,1.465481,103.763957,65,346
shape_J100CWLMYJB_1,1.465423,103.763991,66,353
shape_J100CWLMYJB_1,1.465361,103.764026,67,361
shape_J100CWLMYJB_1,1.465300873512335,103.76406044018698,68,369
shape_J100CWLMYJB_1,1.4651600000000071,103.76413935276125,69,387
shape_J100CWLMYJB_1,1.465045,103.764208,70,402
shape_J100CWLMYJB_1,1.46497,103.764256,71,412
shape_J100CWLMYJB_1,1.464771,103.764369,72,437
shape_J100CWLMYJB_1,1.464741,103.764396,73,441
shape_J100CWLMYJB_1,1.464701,103.764424,74,446
shape_J100CWLMYJB_1,1.464661,103.764457,75,452
shape_J100CWLMYJB_1,1.464551,103.764543,76,468
shape_J100CWLMYJB_1,1.464479,103.764602,77,478
shape_J100CWLMYJB_1,1.464408,103.764657,78,488
shape_J100CWLMYJB_1,1.464344,103.764695,79,496
shape_J100CWLMYJB_1,1.46427,103.76474,80,506
shape_J100CWLMYJB_1,1.464167,103.764802,81,519
shape_J100CWLMYJB_1,1.464014,103.764888,82,539
shape_J100CWLMYJB_1,1.463918,103.764944,83,551
shape_J100CWLMYJB_1,1.463816,103.765002,84,564
shape_J100CWLMYJB_1,1.463737,103.765046,85,574
shape_J100CWLMYJB_1,1.46367,103.765086,86,583
shape_J100CWLMYJB_1,1.463541,103.765154,87,599
shape_J100CWLMYJB_1,1.463484,103.765181,88,606
shape_J100CWLMYJB_1,1.463378,103.765237,89,619
shape_J100CWLMYJB_1,1.46319,103.765338,90,643
shape_J100CWLMYJB_1,1.462991,103.765445,91,668
shape_J100CWLMYJB_1,1.462815,103.765541,92,690
shape_J100CWLMYJB_1,1.462709,103.765596,93,703
shape_J100CWLMYJB_1,1.462552,103.765686,94,723
shape_J100CWLMYJB_1,1.462289,103.765843,95,757
shape_J100CWLMYJB_1,1.462121,103.765942,96,779
shape_J100CWLMYJB_1,1.461975,103.766031,97,798
shape_J100CWLMYJB_1,1.46187,103.766095,98,812
shape_J100CWLMYJB_1,1.4617429444449026,103.76616874834059,99,828
shape_J100CWLMYJB_1,1.461585,103.766261,100,848
shape_J100CWLMYJB_1,1.461489,103.766318,101,860
shape_J100CWLMYJB_1,1.461406,103.766349,102,870
shape_J100CWLMYJB_1,1.461251,103.766403,103,888
shape_J100CWLMYJB_1,1.46111,103.766454,104,905
shape_J100CWLMYJB_1,1.460985,103.766502,105,920
shape_J100CWLMYJB_1,1.460948,103.76652,106,925
shape_J100CWLMYJB_1,1.460807,103.766595,107,943
shape_J100CWLMYJB_1,1.46068,103.766672,108,960
shape_J100CWLMYJB_1,1.460555,103.766748,109,976
shape_J100CWLMYJB_1,1.460313,103.766895,110,1007
shape_J100CWLMYJB_1,1.46012,103.767014,111,1032
shape_J100CWLMYJB_1,1.459871,103.76717,112,1065
shape_J100CWLMYJB_1,1.459787,103.767225,113,1076
shape_J100CWLMYJB_1,1.459784,103.767229,114,1077
shape_J100CWLMYJB_1,1.459784,103.767241,115,1078
shape_J100CWLMYJB_1,1.459788,103.767253,116,1079
shape_J100CWLMYJB_1,1.4598,103.767359,117,1091
shape_J100CWLMYJB_1,1.459798,103.767363,118,1091
shape_J100CWLMYJB_1,1.459793,103.767368,119,1092
shape_J100CWLMYJB_1,1.459787,103.767372,120,1093
shape_J100CWLMYJB_1,1.459658,103.767452,121,1110
shape_J100CWLMYJB_1,1.459591,103.767497,122,1119
shape_J100CWLMYJB_1,1.459478,103.7676,123,1136
shape_J100CWLMYJB_1,1.459473,103.767597,124,1137
shape_J100CWLMYJB_1,1.459471,103.767594,125,1137
shape_J100CWLMYJB_1,1.459466,103.76759,126,1138
shape_J100CWLMYJB_1,1.459425,103.767548,127,1145
shape_J100CWLMYJB_1,1.459415,103.767533,128,1147
shape_J100CWLMYJB_1,1.459385,103.767476,129,1154
shape_J100CWLMYJB_1,1.459308,103.767359,130,1170
shape_J100CWLMYJB_1,1.459266,103.767306,131,1178
shape_J100CWLMYJB_1,1.459186648325982,103.76725228864908,132,1189
shape_J100CWLMYJB_1,1.459066,103.767173,133,1205
shape_J100CWLMYJB_1,1.458946,103.767102,134,1221
shape_J100CWLMYJB_1,1.458883,103.767073,135,1229
shape_J100CWLMYJB_1,1.458831,103.767052,136,1235
shape_J100CWLMYJB_1,1.458781,103.767035,137,1241
shape_J100CWLMYJB_1,1.45868,103.767008,138,1253
shape_J100CWLMYJB_1,1.458524,103.766978,139,1271
shape_J100CWLMYJB_1,1.458428,103.76696,140,1282
shape_J100CWLMYJB_1,1.458387,103.766959,141,1287
shape_J100CWLMYJB_1,1.458272,103.76692,142,1301
shape_J100CWLMYJB_1,1.45808,103.76686,143,1323
shape_J100CWLMYJB_1,1.4579699499760317,103.76682317790984,144,1336
shape_J100CWLMYJB_1,1.4578507253632758,103.7667700582838,145,1351
shape_J100CWLMYJB_1,1.457785,103.76673,146,1360
shape_J100CWLMYJB_1,1.457617,103.766607,147,1383
shape_J100CWLMYJB_1,1.457449,103.766484,148,1406
shape_J100CWLMYJB_1,1.457359219604261,103.76642,149,1418
shape_J100CWLMYJB_1,1.457269,103.766359,150,1430
shape_J100CWLMYJB_1,1.457187,103.766308,151,1441
shape_J100CWLMYJB_1,1.45714,103.76628,152,1447
shape_J100CWLMYJB_1,1.4571,103.766249,153,1453
shape_J100CWLMYJB_1,1.4569,103.76616,154,1477
shape_J100CWLMYJB_1,1.456817,103.766119,155,1487
shape_J100CWLMYJB_1,1.456721,103.766074,156,1499
shape_J100CWLMYJB_1,1.456626,103.766027,157,1511
shape_J100CWLMYJB_1,1.456535,103.765962,158,1523
shape_J100CWLMYJB_1,1.456461,103.7659,159,1534
shape_J100CWLMYJB_1,1.4564,103.765847,160,1543
shape_J100CWLMYJB_1,1.456349274629614,103.76580854232789,161,1550
shape_J100CWLMYJB_1,1.456214,103.765658,162,1573
shape_J100CWLMYJB_1,1.4561040220143493,103.76553765306711,163,1591
shape_J100CWLMYJB_1,1.45602,103.7654,164,1609
shape_J100CWLMYJB_1,1.455963,103.765268,165,1625
shape_J100CWLMYJB_1,1.455898,103.765052,166,1650
shape_J100CWLMYJB_1,1.455757,103.76455,167,1708
shape_J100CWLMYJB_1,1.455563,103.763846,168,1789
shape_J100CWLMYJB_1,1.455399,103.763256,169,1857
shape_J100CWLMYJB_1,1.45533,103.763024,170,1884
shape_J100CWLMYJB_1,1.45529,103.762845,171,1904
shape_J100CWLMYJB_1,1.455238,103.762646,172,1927
shape_J100CWLMYJB_1,1.455183,103.762444,173,1950
shape_J100CWLMYJB_1,1.455129,103.762243,174,1973
shape_J100CWLMYJB_1,1.455002,103.761763,175,2028
shape_J100CWLMYJB_1,1.454901,103.761354,176,2075
shape_J100CWLMYJB_1,1.454877,103.761276,177,2084
shape_J100CWLMYJB_1,1.45487,103.76126,178,2086
shape_J100CWLMYJB_1,1.454866,103.761214,179,2091
shape_J100CWLMYJB_1,1.4548,103.760939,180,2122
shape_J100CWLMYJB_1,1.454745,103.760678,181,2152
shape_J100CWLMYJB_1,1.454669,103.760277,182,2197
shape_J100CWLMYJB_1,1.454625,103.760014,183,2227
shape_J100CWLMYJB_1,1.454571,103.7597,184,2262
shape_J100CWLMYJB_1,1.454573,103.759695,185,2263
shape_J100CWLMYJB_1,1.45458,103.75969,186,2264
shape_J100CWLMYJB_1,1.454591,103.759689,187,2265
shape_J100CWLMYJB_1,1.454621,103.759684,188,2268
shape_J100CWLMYJB_1,1.45477,103.759661,189,2285
shape_J100CWLMYJB_1,1.454885,103.75964,190,2298
shape_J100CWLMYJB_1,1.454966,103.759624,191,2307
shape_J100CWLMYJB_1,1.455029,103.759618,192,2314
shape_J100CWLMYJB_1,1.45512,103.759607,193,2324
shape_J100CWLMYJB_1,1.455257,103.759587,194,2339
shape_J100CWLMYJB_1,1.455386,103.759568,195,2353
shape_J100CWLMYJB_1,1.455455,103.759559,196,2361
shape_J100CWLMYJB_1,1.455459,103.759555,197,2362
shape_J100CWLMYJB_1,1.455462,103.759549,198,2363
shape_J100CWLMYJB_1,1.45546,103.75954,199,2364
shape_J100CWLMYJB_1,1.45546,103.759533,200,2365
shape_J100CWLMYJB_1,1.455465,103.759529,201,2366
shape_J100CWLMYJB_1,1.455482,103.759526,202,2368
shape_J100CWLMYJB_1,1.455508,103.75952,203,2371
shape_J100CWLMYJB_1,1.455531,103.759514,204,2374
shape_J100CWLMYJB_1,1.455553,103.75951,205,2376
shape_J100CWLMYJB_1,1.45564,103.759491,206,2386
shape_J100CWLMYJB_1,1.45575,103.759467,207,2399
shape_J100CWLMYJB_1,1.4559,103.759432,208,2416
shape_J100CWLMYJB_1,1.456003,103.759409,209,2428
shape_J100CWLMYJB_1,1.456147,103.759374,210,2444
shape_J100CWLMYJB_1,1.456227,103.759353,211,2453
shape_J100CWLMYJB_1,1.456372,103.759319,212,2470
shape_J100CWLMYJB_1,1.456503,103.759295,213,2485
shape_J100CWLMYJB_1,1.456628,103.759267,214,2499
shape_J100CWLMYJB_1,1.456761,103.759239,215,2514
shape_J100CWLMYJB_1,1.456833,103.759224,216,2522
shape_J100CWLMYJB_1,1.456877,103.759217,217,2527
shape_J100CWLMYJB_1,1.456924,103.759204,218,2532
shape_J100CWLMYJB_1,1.457,103.759188,219,2541
shape_J100CWLMYJB_1,1.457051,103.759177,220,2547
shape_J100CWLMYJB_1,1.4572187148818159,103.75914291840267,221,2566
shape_J100CWLMYJB_1,1.4572386292090365,103.75914775463106,222,2568
shape_J100CWLMYJB_1,1.457272,103.759131,223,2572
shape_J100CWLMYJB_1,1.457342,103.759119,224,2580
shape_J100CWLMYJB_1,1.457444,103.759096,225,2592
shape_J100CWLMYJB_1,1.457589,103.759063,226,2609
shape_J100CWLMYJB_1,1.457717,103.759039,227,2623
shape_J100CWLMYJB_1,1.4577939220664646,103.75902469998266,228,2632
shape_J100CWLMYJB_1,1.4578039119548467,103.75904,229,2634
shape_J100CWLMYJB_1,1.457876,103.759009,230,2643
shape_J100CWLMYJB_1,1.457933,103.759,231,2649
shape_J100CWLMYJB_1,1.45799,103.758989,232,2655
shape_J100CWLMYJB_1,1.458038,103.75898,233,2660
shape_J100CWLMYJB_1,1.458135,103.758965,234,2671
shape_J100CWLMYJB_1,1.458254,103.758941,235,2684
shape_J100CWLMYJB_1,1.458298,103.758933,236,2689
shape_J100CWLMYJB_1,1.458339,103.758924,237,2694
shape_J100CWLMYJB_1,1.458396,103.75891,238,2701
shape_J100CWLMYJB_1,1.45845,103.758897,239,2707
shape_J100CWLMYJB_1,1.458558,103.758872,240,2719
shape_J100CWLMYJB_1,1.458718,103.758842,241,2737
shape_J100CWLMYJB_1,1.458892,103.758812,242,2757
shape_J100CWLMYJB_1,1.459068,103.758787,243,2777
shape_J100CWLMYJB_1,1.459216,103.758764,244,2794
shape_J100CWLMYJB_1,1.459263,103.758755,245,2799
shape_J100CWLMYJB_1,1.459369,103.758733,246,2811
shape_J100CWLMYJB_1,1.459437,103.758719,247,2819
shape_J100CWLMYJB_1,1.459544,103.758687,248,2831
shape_J100CWLMYJB_1,1.459608,103.758658,249,2839
shape_J100CWLMYJB_1,1.459671,103.758624,250,2847
shape_J100CWLMYJB_1,1.459726,103.758589,251,2854
shape_J100CWLMYJB_1,1.459811,103.758524,252,2866
shape_J100CWLMYJB_1,1.459898,103.758456,253,2878
shape_J100CWLMYJB_1,1.4599510504137716,103.75840577327018,254,2886
shape_J100CWLMYJB_1,1.45996,103.75839,255,2888
shape_J100CWLMYJB_1,1.459992,103.758371,256,2892
shape_J100CWLMYJB_1,1.460054,103.758315,257,2901
shape_J100CWLMYJB_1,1.460161,103.758212,258,2918
shape_J100CWLMYJB_1,1.460313,103.758066,259,2941
shape_J100CWLMYJB_1,1.460467,103.757919,260,2965
shape_J100CWLMYJB_1,1.460569,103.757821,261,2981
shape_J100CWLMYJB_1,1.460706,103.757689,262,3002
shape_J100CWLMYJB_1,1.4609,103.757503,263,3032
shape_J100CWLMYJB_1,1.461051,103.757372,264,3054
shape_J100CWLMYJB_1,1.461216,103.757227,265,3078
shape_J100CWLMYJB_1,1.461377,103.757088,266,3102
shape_J100CWLMYJB_1,1.461502,103.756981,267,3120
shape_J100CWLMYJB_1,1.461647,103.756855,268,3141
shape_J100CWLMYJB_1,1.461818,103.756708,269,3166
shape_J100CWLMYJB_1,1.461956,103.756589,270,3186
shape_J100CWLMYJB_1,1.462156,103.756419,271,3215
shape_J100CWLMYJB_1,1.462327,103.756269,272,3240
shape_J100CWLMYJB_1,1.462473,103.756139,273,3262
shape_J100CWLMYJB_1,1.462577,103.756049,274,3277
shape_J100CWLMYJB_1,1.462634,103.755999,275,3285
shape_J100CWLMYJB_1,1.462657,103.755981,276,3288
shape_J100CWLMYJB_1,1.462719,103.755938,277,3296
shape_J100CWLMYJB_1,1.462844,103.755816,278,3315
shape_J100CWLMYJB_1,1.462904,103.755758,279,3324
shape_J100CWLMYJB_1,1.463078,103.755589,280,3351
shape_J100CWLMYJB_1,1.463203,103.755475,281,3370
shape_J100CWLMYJB_1,1.463373,103.75533,282,3395
shape_J100CWLMYJB_1,1.463511,103.755191,283,3417
shape_J100CWLMYJB_1,1.4637453317572569,103.75498622540236,284,3452
shape_J100CWLMYJB_1,1.4638613406668182,103.75489000000003,285,3469
shape_J100CWLMYJB_1,1.463956,103.754811,286,3483
shape_J100CWLMYJB_1,1.464073,103.754709,287,3500
shape_J100CWLMYJB_1,1.464185,103.754611,288,3517
shape_J100CWLMYJB_1,1.464288,103.75452,289,3532
shape_J100CWLMYJB_1,1.464373,103.754442,290,3545
shape_J100CWLMYJB_1,1.464458,103.754362,291,3558
shape_J100CWLMYJB_1,1.464592,103.75424,292,3578
shape_J100CWLMYJB_1,1.464685,103.754156,293,3592
shape_J100CWLMYJB_1,1.464818,103.754043,294,3611
shape_J100CWLMYJB_1,1.464957,103.753928,295,3631
shape_J100CWLMYJB_1,1.465097,103.75381,296,3651
shape_J100CWLMYJB_1,1.465237,103.753694,297,3671
shape_J100CWLMYJB_1,1.465489,103.753478,298,3708
shape_J100CWLMYJB_1,1.465666,103.753317,299,3735
shape_J100CWLMYJB_1,1.465711,103.753278,300,3742
shape_J100CWLMYJB_1,1.465896,103.753111,301,3770
shape_J100CWLMYJB_1,1.46606,103.752962,302,3795
shape_J100CWLMYJB_1,1.466101,103.752929,303,3801
shape_J100CWLMYJB_1,1.46619,103.752871,304,3813
shape_J100CWLMYJB_1,1.466289,103.752809,305,3826
shape_J100CWLMYJB_1,1.466399,103.752746,306,3840
shape_J100CWLMYJB_1,1.46651314351318,103.75269225673722,307,3854
shape_J100CWLMYJB_1,1.4665231631278912,103.75266702579499,308,3857
shape_J100CWLMYJB_1,1.466555,103.752674,309,3861
shape_J100CWLMYJB_1,1.466653,103.752628,310,3873
shape_J100CWLMYJB_1,1.466766,103.752564,311,3887
shape_J100CWLMYJB_1,1.466993,103.752433,312,3916
shape_J100CWLMYJB_1,1.467336,103.752232,313,3960
shape_J100CWLMYJB_1,1.467511,103.75213,314,3983
shape_J100CWLMYJB_1,1.467671,103.752042,315,4003
shape_J100CWLMYJB_1,1.46789,103.751927,316,4031
shape_J100CWLMYJB_1,1.468063,103.751833,317,4053
shape_J100CWLMYJB_1,1.468262,103.751721,318,4078
shape_J100CWLMYJB_1,1.468345,103.751674,319,4089
shape_J100CWLMYJB_1,1.468453,103.751614,320,4103
shape_J100CWLMYJB_1,1.468658,103.751496,321,4129
shape_J100CWLMYJB_1,1.468796,103.751412,322,4147
shape_J100CWLMYJB_1,1.469012,103.751283,323,4175
shape_J100CWLMYJB_1,1.46918,103.751198,324,4196
shape_J100CWLMYJB_1,1.469332,103.751113,325,4215
shape_J100CWLMYJB_1,1.469506,103.751013,326,4237
shape_J100CWLMYJB_1,1.469622,103.750945,327,4252
shape_J100CWLMYJB_1,1.469669,103.750917,328,4258
shape_J100CWLMYJB_1,1.469735,103.751015,329,4271
shape_J100CWLMYJB_1,1.469762,103.75106,330,4277
shape_J100CWLMYJB_1,1.46979,103.751103,331,4283
shape_J100CWLMYJB_1,1.469836,103.75118,332,4293
shape_J100CWLMYJB_1,1.469895,103.751257,333,4304
shape_J100CWLMYJB_1,1.469992,103.751381,334,4322
shape_J100CWLMYJB_1,1.470109,103.751529,335,4343
shape_J100CWLMYJB_1,1.470223,103.751683,336,4364
shape_J100CWLMYJB_1,1.470305,103.751805,337,4380
shape_J100CWLMYJB_1,1.47044,103.751997,338,4406
shape_J100CWLMYJB_1,1.470607,103.752227,339,4438
shape_J100CWLMYJB_1,1.47067,103.75232,340,4450
shape_J100CWLMYJB_1,1.470753,103.752432,341,4465
shape_J100CWLMYJB_1,1.470794,103.752493,342,4473
shape_J100CWLMYJB_1,1.470812,103.752525,343,4477
shape_J100CWLMYJB_1,1.470827,103.752554,344,4481
shape_J100CWLMYJB_1,1.470881,103.752617,345,4490
shape_J100CWLMYJB_1,1.47097,103.752715,346,4505
shape_J100CWLMYJB_1,1.471074,103.752847,347,4524
shape_J100CWLMYJB_1,1.471222,103.753036,348,4551
shape_J100CWLMYJB_1,1.471324,103.753171,349,4570
shape_J100CWLMYJB_1,1.471461,103.753361,350,4596
shape_J100CWLMYJB_1,1.471577,103.753535,351,4619
shape_J100CWLMYJB_1,1.471619,103.753615,352,4629
shape_J100CWLMYJB_1,1.471727,103.753806,353,4653
shape_J100CWLMYJB_1,1.471833,103.753992,354,4677
shape_J100CWLMYJB_1,1.471938,103.754174,355,4700
shape_J100CWLMYJB_1,1.47202,103.754312,356,4718
shape_J100CWLMYJB_1,1.472146,103.754533,357,4746
shape_J100CWLMYJB_1,1.472241,103.7547,358,4767
shape_J100CWLMYJB_1,1.472342,103.754877,359,4790
shape_J100CWLMYJB_1,1.472427,103.755026,360,4809
shape_J100CWLMYJB_1,1.472542,103.75524,361,4836
shape_J100CWLMYJB_1,1.47265,103.755436,362,4861
shape_J100CWLMYJB_1,1.472705,103.755543,363,4874
shape_J100CWLMYJB_1,1.472771,103.755661,364,4889
shape_J100CWLMYJB_1,1.472829,103.755779,365,4904
shape_J100CWLMYJB_1,1.472925,103.755954,366,4926
shape_J100CWLMYJB_1,1.473058,103.756215,367,4959
shape_J100CWLMYJB_1,1.473152,103.756393,368,4981
shape_J100CWLMYJB_1,1.473252,103.756586,369,5005
shape_J100CWLMYJB_1,1.473348,103.756781,370,5029
shape_J100CWLMYJB_1,1.473429,103.756946,371,5049
shape_J100CWLMYJB_1,1.473512,103.757121,372,5071
shape_J100CWLMYJB_1,1.47361,103.757321,373,5096
shape_J100CWLMYJB_1,1.473695,103.757496,374,5118
shape_J100CWLMYJB_1,1.473756,103.757629,375,5134
shape_J100CWLMYJB_1,1.473792,103.757708,376,5144
shape_J100CWLMYJB_1,1.473835,103.757811,377,5156
shape_J100CWLMYJB_1,1.473855,103.757868,378,5163
shape_J100CWLMYJB_1,1.473876,103.757928,379,5170
shape_J100CWLMYJB_1,1.473908,103.758023,380,5181
shape_J100CWLMYJB_1,1.47393,103.758118,381,5192
shape_J100CWLMYJB_1,1.473967,103.758276,382,5210
shape_J100CWLMYJB_1,1.473993,103.758448,383,5229
shape_J100CWLMYJB_1,1.474006,103.758628,384,5249
shape_J100CWLMYJB_1,1.474009,103.758705,385,5258
shape_J100CWLMYJB_1,1.473996,103.758849,386,5274
shape_J100CWLMYJB_1,1.473987,103.758971,387,5288
shape_J100CWLMYJB_1,1.473979,103.759067,388,5299
shape_J100CWLMYJB_1,1.473954,103.759231,389,5317
shape_J100CWLMYJB_1,1.473931,103.759356,390,5331
shape_J100CWLMYJB_1,1.47389,103.759513,391,5349
shape_J100CWLMYJB_1,1.473852,103.759668,392,5367
shape_J100CWLMYJB_1,1.4738182692176112,103.75978933614154,393,5381
shape_J100CWLMYJB_1,1.473765,103.759995,394,5405
shape_J100CWLMYJB_1,1.473743,103.760085,395,5415
shape_J100CWLMYJB_1,1.473744,103.760106,396,5417
shape_J100CWLMYJB_1,1.473749,103.760118,397,5418
shape_J100CWLMYJB_1,1.473752,103.760135,398,5420
shape_J100CWLMYJB_1,1.473759,103.76016,399,5423
shape_J100CWLMYJB_1,1.473767,103.760193,400,5427
shape_J100CWLMYJB_1,1.473765,103.760232,401,5431
shape_J100CWLMYJB_1,1.473763,103.76027,402,5435
shape_J100CWLMYJB_1,1.473744,103.760335,403,5443
shape_J100CWLMYJB_1,1.473729,103.760419,404,5452
shape_J100CWLMYJB_1,1.4737,103.76057,405,5469
shape_J100CWLMYJB_1,1.4736786043821162,103.76067788620234,406,5481
shape_J100CWLMYJB_1,1.473651,103.760795,407,5494
shape_J100CWLMYJB_1,1.473606,103.760979,408,5515
shape_J100CWLMYJB_1,1.473527,103.761307,409,5553
shape_J100CWLMYJB_1,1.473494,103.761438,410,5568
shape_J100CWLMYJB_1,1.473419,103.761738,411,5602
shape_J100CWLMYJB_1,1.473354,103.762002,412,5632
shape_J100CWLMYJB_1,1.473321,103.762136,413,5647
shape_J100CWLMYJB_1,1.473276,103.762303,414,5666
shape_J100CWLMYJB_1,1.473276,103.76231,415,5667
shape_J100CWLMYJB_1,1.473279,103.762319,416,5668
shape_J100CWLMYJB_1,1.473283,103.762329,417,5669
shape_J100CWLMYJB_1,1.473287,103.76234,418,5670
shape_J100CWLMYJB_1,1.473315,103.762387,419,5676
shape_J100CWLMYJB_1,1.473331,103.762407,420,5679
shape_J100CWLMYJB_1,1.473349,103.762431,421,5682
shape_J100CWLMYJB_1,1.473368,103.762451,422,5685
shape_J100CWLMYJB_1,1.473391,103.762471,423,5688
shape_J100CWLMYJB_1,1.473428,103.762497,424,5693
shape_J100CWLMYJB_1,1.473456,103.762515,425,5697
shape_J100CWLMYJB_1,1.473475,103.762526,426,5699
shape_J100CWLMYJB_1,1.473501,103.762534,427,5702
shape_J100CWLMYJB_1,1.473578,103.76255,428,5711
shape_J100CWLMYJB_1,1.473655,103.76257,429,5720
shape_J100CWLMYJB_1,1.473749,103.76259,430,5731
shape_J100CWLMYJB_1,1.473971,103.762648,431,5757
shape_J100CWLMYJB_1,1.474281,103.762722,432,5792
shape_J100CWLMYJB_1,1.474437,103.762761,433,5810
shape_J100CWLMYJB_1,1.474751,103.762832,434,5846
shape_J100CWLMYJB_1,1.474915,103.762866,435,5865
shape_J100CWLMYJB_1,1.475076,103.762913,436,5884
shape_J100CWLMYJB_1,1.475139,103.762927,437,5891
shape_J100CWLMYJB_1,1.475214,103.762965,438,5900
shape_J100CWLMYJB_1,1.475284,103.763003,439,5909
shape_J100CWLMYJB_1,1.475324,103.76302,440,5914
shape_J100CWLMYJB_1,1.475449,103.763055,441,5928
shape_J100CWLMYJB_1,1.47572,103.763127,442,5959
shape_J100CWLMYJB_1,1.475903,103.763175,443,5980
shape_J100CWLMYJB_1,1.476172,103.763247,444,6011
shape_J100CWLMYJB_1,1.476353,103.763293,445,6032
shape_J100CWLMYJB_1,1.47642,103.76329,446,6039
shape_J100CWLMYJB_1,1.476466,103.763318,447,6045
shape_J100CWLMYJB_1,1.476647,103.763363,448,6066
shape_J100CWLMYJB_1,1.476898,103.76342,449,6095
shape_J100CWLMYJB_1,1.477261,103.763503,450,6136
shape_J100CWLMYJB_1,1.477553,103.763576,451,6169
shape_J100CWLMYJB_1,1.477705,103.763614,452,6186
shape_J100CWLMYJB_1,1.477774,103.763638,453,6194
shape_J100CWLMYJB_1,1.477861,103.76367,454,6204
shape_J100CWLMYJB_1,1.477911,103.763684,455,6210
shape_J100CWLMYJB_1,1.477981,103.7637,456,6218
shape_J100CWLMYJB_1,1.478165,103.763739,457,6239
shape_J100CWLMYJB_1,1.478378,103.763795,458,6263
shape_J100CWLMYJB_1,1.4790049663279576,103.76396817704436,459,6335
shape_J100CWLMYJB_1,1.479437,103.764083,460,6385
shape_J100CWLMYJB_1,1.479646,103.764146,461,6409
shape_J100CWLMYJB_1,1.479835,103.764199,462,6431
shape_J100CWLMYJB_1,1.479872,103.76421,463,6435
shape_J100CWLMYJB_1,1.479881,103.764187,464,6438
shape_J100CWLMYJB_1,1.479905,103.764143,465,6444
shape_J100CWLMYJB_1,1.479962,103.764027,466,6458
shape_J100CWLMYJB_1,1.480029,103.763842,467,6480
shape_J100CWLMYJB_1,1.480137,103.763539,468,6516
shape_J100CWLMYJB_1,1.480217,103.763317,469,6542
shape_J100CWLMYJB_1,1.480271,103.763151,470,6561
shape_J100CWLMYJB_1,1.480352,103.762914,471,6589
shape_J100CWLMYJB_1,1.48043,103.762683,472,6616
shape_J100CWLMYJB_1,1.480514,103.762444,473,6644
shape_J100CWLMYJB_1,1.480576,103.76226,474,6666
shape_J100CWLMYJB_1,1.48056,103.76221,475,6672
shape_J100CWLMYJB_1,1.480612,103.762158,476,6680
shape_J100CWLMYJB_1,1.480717,103.761856,477,6716
shape_J100CWLMYJB_1,1.480835,103.761504,478,6757
shape_J100CWLMYJB_1,1.480854,103.76145,479,6763
shape_J100CWLMYJB_1,1.48086,103.761446,480,6764
shape_J100CWLMYJB_1,1.480872,103.761445,481,6765
shape_J100CWLMYJB_1,1.480891,103.761454,482,6767
shape_J100CWLMYJB_1,1.48109,103.761531,483,6791
shape_J100CWLMYJB_1,1.481238,103.761593,484,6809
shape_J100CWLMYJB_1,1.481522,103.761704,485,6843
shape_J100CWLMYJB_1,1.481583,103.761732,486,6850
shape_J100CWLMYJB_1,1.48171,103.761806,487,6866
shape_J100CWLMYJB_1,1.48188,103.761904,488,6888
shape_J100CWLMYJB_1,1.482124,103.762034,489,6919
shape_J100CWLMYJB_1,1.482308,103.762133,490,6942
shape_J100CWLMYJB_1,1.482498,103.76222,491,6965
shape_J100CWLMYJB_1,1.482698,103.762312,492,6989
shape_J100CWLMYJB_1,1.482775,103.762348,493,6998
shape_J100CWLMYJB_1,1.482915,103.76239,494,7014
shape_J100CWLMYJB_1,1.483081,103.762442,495,7033
shape_J100CWLMYJB_1,1.483316,103.762516,496,7060
shape_J100CWLMYJB_1,1.483488,103.762573,497,7080
shape_J100CWLMYJB_1,1.483704,103.762643,498,7105
shape_J100CWLMYJB_1,1.483909,103.762697,499,7129
shape_J100CWLMYJB_1,1.484131,103.762756,500,7155
shape_J100CWLMYJB_1,1.484369,103.762825,501,7183
shape_J100CWLMYJB_1,1.484544,103.762874,502,7203
shape_J100CWLMYJB_1,1.484579,103.762888,503,7207
shape_J100CWLMYJB_1,1.48474,103.762934,504,7226
shape_J100CWLMYJB_1,1.484951,103.762993,505,7250
shape_J100CWLMYJB_1,1.485172,103.763053,506,7275
shape_J100CWLMYJB_1,1.485337,103.763094,507,7294
shape_J100CWLMYJB_1,1.485345,103.763092,508,7295
shape_J100CWLMYJB_1,1.485348,103.763086,509,7296
shape_J100CWLMYJB_1,1.485349,103.763078,510,7297
shape_J100CWLMYJB_1,1.485346,103.76304,511,7301
shape_J100CWLMYJB_1,1.485345,103.762974,512,7308
shape_J100CWLMYJB_1,1.485346,103.762969,513,7309
shape_J100CWLMYJB_1,1.485354,103.762966,514,7310
shape_J100CWLMYJB_1,1.485381,103.762968,515,7313
shape_J100CWLMYJB_1,1.485537,103.762967,516,7330
shape_J100CWLMYJB_1,1.485696,103.762963,517,7348
shape_J100CWLMYJB_1,1.48571,103.76297,518,7350
shape_J100CWLMYJB_1,1.4857216293565683,103.76296334554796,519,7351
shape_J100CWLMYJB_1,1.485745686797506,103.76296334110451,520,7354
shape_J100CWLMYJB_1,1.485749,103.762968,521,7355
shape_J100CWLMYJB_1,1.485751,103.762975,522,7356
shape_J100CWLMYJB_1,1.48575,103.762987,523,7357
shape_J100CWLMYJB_1,1.485749,103.763026,524,7361
shape_J100CWLMYJB_1,1.48575,103.76309,525,7368
shape_J100CWLMYJB_1,1.485807,103.763089,526,7374
shape_J100CWLMYJB_1,1.485979,103.763088,527,7393
shape_J100CWLMYJB_1,1.486119,103.763085,528,7409
shape_J100CWLMYJB_1,1.486254,103.763068,529,7424
shape_J100CWLMYJB_1,1.486414,103.763039,530,7442
shape_J100CWLMYJB_1,1.486557,103.763024,531,7458
shape_J100CWLMYJB_1,1.486811,103.763,532,7486
shape_J100CWLMYJB_1,1.48701,103.762978,533,7508
shape_J100CWLMYJB_1,1.4870241317516506,103.76297676380635,534,7510
shape_J100CWLMYJB_1,1.4870253241839275,103.76294432361937,535,7514
shape_J100CWLMYJB_1,1.48703,103.762808,536,7529
shape_J100CWLMYJB_1,1.487041,103.762616,537,7550
shape_J100CWLMYJB_1,1.487056,103.762463,538,7567
shape_J100CWLMYJB_1,1.487069,103.762331,539,7582
shape_J100CWLMYJB_1,1.487084,103.762269,540,7589
shape_J100CWLMYJB_1,1.487098,103.76218,541,7599
shape_J100CWLMYJB_1,1.487112,103.762123,542,7606
shape_J100CWLMYJB_1,1.487155,103.761987,543,7622
shape_J100CWLMYJB_1,1.487196,103.761881,544,7635
shape_J100CWLMYJB_1,1.487261,103.761729,545,7653
shape_J100CWLMYJB_1,1.487341,103.76157,546,7673
shape_J100CWLMYJB_1,1.487447,103.761371,547,7698
shape_J100CWLMYJB_1,1.487518,103.761246,548,7714
shape_J100CWLMYJB_1,1.48761,103.76108,549,7735
shape_J100CWLMYJB_1,1.487692,103.760923,550,7755
shape_J100CWLMYJB_1,1.487822,103.760695,551,7784
shape_J100CWLMYJB_1,1.487892,103.760567,552,7800
shape_J100CWLMYJB_1,1.487937,103.760454,553,7814
shape_J100CWLMYJB_1,1.488,103.760293,554,7833
shape_J100CWLMYJB_1,1.488032,103.760196,555,7844
shape_J100CWLMYJB_1,1.488081,103.760066,556,7859
shape_J100CWLMYJB_1,1.488092,103.760016,557,7865
shape_J100CWLMYJB_1,1.488113,103.759886,558,7880
shape_J100CWLMYJB_1,1.488146,103.759688,559,7902
shape_J100CWLMYJB_1,1.488171,103.759523,560,7921
shape_J100CWLMYJB_1,1.48818,103.75941,561,7934
shape_J100CWLMYJB_1,1.48807,103.75941,562,7946
shape_J100CWLMYJB_1,1.488184,103.759334,563,7961
shape_J100CWLMYJB_1,1.488202,103.759156,564,7981
shape_J100CWLMYJB_1,1.488218,103.75893,565,8006
shape_J100CWLMYJB_1,1.488231,103.758727,566,8029
shape_J100CWLMYJB_1,1.488232,103.758527,567,8051
shape_J100CWLMYJB_1,1.488221,103.75841,568,8064
shape_J100CWLMYJB_1,1.48821,103.75834,569,8072
shape_J100CWLMYJB_1,1.488176,103.758245,570,8083
shape_J100CWLMYJB_1,1.488147,103.75817,571,8092
shape_J100CWLMYJB_1,1.488102,103.758079,572,8103
shape_J100CWLMYJB_1,1.488058,103.758004,573,8113
shape_J100CWLMYJB_1,1.488018,103.757949,574,8121
shape_J100CWLMYJB_1,1.487961,103.757874,575,8131
shape_J100CWLMYJB_1,1.48791,103.75782,576,8139
shape_J100CWLMYJB_1,1.487892,103.7578,577,8142
shape_J100CWLMYJB_1,1.48783,103.757747,578,8151
shape_J100CWLMYJB_1,1.487757,103.757686,579,8162
shape_J100CWLMYJB_1,1.4877,103.757642,580,8170
shape_J100CWLMYJB_1,1.487652,103.757617,581,8176
shape_J100CWLMYJB_1,1.487524,103.757548,582,8192
shape_J100CWLMYJB_1,1.487454,103.757516,583,8201
shape_J100CWLMYJB_1,1.487374,103.757485,584,8211
shape_J100CWLMYJB_1,1.487274,103.757456,585,8223
shape_J100CWLMYJB_1,1.487198,103.757432,586,8232
shape_J100CWLMYJB_1,1.487075,103.757422,587,8246
shape_J100CWLMYJB_1,1.486869,103.757405,588,8269
shape_J100CWLMYJB_1,1.485277,103.757306,589,8446
shape_J100CWLMYJB_1,1.484803,103.757277,590,8499
shape_J100CWLMYJB_1,1.484503,103.757259,591,8532
shape_J100CWLMYJB_1,1.484282,103.757246,592,8557
shape_J100CWLMYJB_1,1.484018,103.757232,593,8586
shape_J100CWLMYJB_1,1.483857,103.757224,594,8604
shape_J100CWLMYJB_1,1.483621,103.757212,595,8630
shape_J100CWLMYJB_1,1.483416,103.757203,596,8653
shape_J100CWLMYJB_1,1.483416,103.757198,597,8654
shape_J100CWLMYJB_1,1.483416,103.757189,598,8655
shape_J100CWLMYJB_1,1.483422,103.757124,599,8662
shape_J100CWLMYJB_1,1.483437,103.756956,600,8681
shape_J100CWLMYJB_1,1.483453,103.756777,601,8701
shape_J100CWLMYJB_1,1.483469,103.756611,602,8720
shape_J100CWLMYJB_1,1.48348,103.75643,603,8740
shape_J100CWLMYJB_1,1.483496,103.756198,604,8766
shape_J100CWLMYJB_1,1.48351,103.756002,605,8788
shape_J100CWLMYJB_1,1.483517,103.755947,606,8794
shape_J100CWLMYJB_1,1.483533,103.75583,607,8807
shape_J100CWLMYJB_1,1.483547,103.755751,608,8816
shape_J100CWLMYJB_1,1.483568,103.755674,609,8825
shape_J100CWLMYJB_1,1.4836,103.755568,610,8837
shape_J100CWLMYJB_1,1.483627,103.755509,611,8844
shape_J100CWLMYJB_1,1.483673,103.755402,612,8857
shape_J100CWLMYJB_1,1.483708,103.755306,613,8868
shape_J100CWLMYJB_1,1.483793,103.75504,614,8899
shape_J100CWLMYJB_1,1.48393,103.75464,615,8946
shape_J100CWLMYJB_1,1.483938,103.754604,616,8950
shape_J100CWLMYJB_1,1.483943,103.754588,617,8952
shape_J100CWLMYJB_1,1.483946,103.754579,618,8953
shape_J100CWLMYJB_1,1.483948,103.75457,619,8954
shape_J100CWLMYJB_1,1.483946,103.754562,620,8955
shape_J100CWLMYJB_1,1.483945,103.754554,621,8956
shape_J100CWLMYJB_1,1.483941,103.754543,622,8957
shape_J100CWLMYJB_1,1.483922,103.754493,623,8963
shape_J100CWLMYJB_1,1.483906,103.754443,624,8969
shape_J100CWLMYJB_1,1.483873,103.754349,625,8980
shape_J100CWLMYJB_1,1.483848,103.754303,626,8986
shape_J100CWLMYJB_1,1.483847,103.754295,627,8987
shape_J100CWLMYJB_1,1.483842,103.754289,628,8988
shape_J100CWLMYJB_1,1.483838,103.754284,629,8989
shape_J100CWLMYJB_1,1.483835,103.754278,630,8990
shape_J100CWLMYJB_1,1.483828,103.754273,631,8991
shape_J100CWLMYJB_1,1.483815,103.754266,632,8993
shape_J100CWLMYJB_1,1.483731,103.754225,633,9003
shape_J100CWLMYJB_1,1.483681,103.754201,634,9009
shape_J100CWLMYJB_1,1.483556,103.754144,635,9024
shape_J100CWLMYJB_1,1.483453,103.754097,636,9037
shape_J100CWLMYJB_1,1.48341,103.7541,637,9042
shape_J100CWLMYJB_1,1.483406,103.754074,638,9045
shape_J100CWLMYJB_1,1.483301,103.754023,639,9058
shape_J100CWLMYJB_1,1.483249,103.754001,640,9064
shape_J100CWLMYJB_1,1.483223,103.753992,641,9067
shape_J100CWLMYJB_1,1.483181,103.753982,642,9072
shape_J100CWLMYJB_1,1.483112,103.753976,643,9080
shape_J100CWLMYJB_1,1.483045,103.75397,644,9087
shape_J100CWLMYJB_1,1.48295,103.753965,645,9098
shape_J100CWLMYJB_1,1.482881,103.75396,646,9106
shape_J100CWLMYJB_1,1.482807,103.753963,647,9114
shape_J100CWLMYJB_1,1.482742,103.753971,648,9121
shape_J100CWLMYJB_1,1.482652,103.753991,649,9131
shape_J100CWLMYJB_1,1.48258,103.75401,650,9139
shape_J100CWLMYJB_1,1.482484,103.754046,651,9150
shape_J100CWLMYJB_1,1.482332,103.754113,652,9168
shape_J100CWLMYJB_1,1.482124,103.754197,653,9193
shape_J100CWLMYJB_1,1.481865,103.754289,654,9224
shape_J100CWLMYJB_1,1.481827,103.7543,655,9228
shape_J100CWLMYJB_1,1.481654,103.75433,656,9248
shape_J100CWLMYJB_1,1.48161,103.75434,657,9253
shape_J100CWLMYJB_1,1.481463,103.754352,658,9269
shape_J100CWLMYJB_1,1.481321,103.75436,659,9285
shape_J100CWLMYJB_1,1.481125,103.75437,660,9307
shape_J100CWLMYJB_1,1.481006,103.754375,661,9320
shape_J100CWLMYJB_1,1.480889,103.754396,662,9333
shape_J100CWLMYJB_1,1.480738,103.754407,663,9350
shape_J100CWLMYJB_1,1.480565,103.754426,664,9369
shape_J100CWLMYJB_1,1.480456,103.754436,665,9381
shape_J100CWLMYJB_1,1.480262,103.754451,666,9403
shape_J100CWLMYJB_1,1.480138,103.754464,667,9417
shape_J100CWLMYJB_1,1.479948,103.754468,668,9438
shape_J100CWLMYJB_1,1.479798,103.754473,669,9455
shape_J100CWLMYJB_1,1.479748,103.754468,670,9461
shape_J100CWLMYJB_1,1.479682,103.754467,671,9468
shape_J100CWLMYJB_1,1.479553,103.75446,672,9482
shape_J100CWLMYJB_1,1.479475,103.754452,673,9491
shape_J100CWLMYJB_1,1.479343,103.754438,674,9506
shape_J100CWLMYJB_1,1.479194,103.754418,675,9523
shape_J100CWLMYJB_1,1.479068,103.754395,676,9537
shape_J100CWLMYJB_1,1.478993,103.754383,677,9545
shape_J100CWLMYJB_1,1.478876,103.754353,678,9558
shape_J100CWLMYJB_1,1.478788,103.754328,679,9568
shape_J100CWLMYJB_1,1.478721,103.754303,680,9576
shape_J100CWLMYJB_1,1.47864,103.754267,681,9586
shape_J100CWLMYJB_1,1.478562,103.754236,682,9595
shape_J100CWLMYJB_1,1.478459,103.754181,683,9608
shape_J100CWLMYJB_1,1.478332,103.754111,684,9624
shape_J100CWLMYJB_1,1.478197,103.754024,685,9642
shape_J100CWLMYJB_1,1.478136,103.753982,686,9650
shape_J100CWLMYJB_1,1.478033,103.753922,687,9663
shape_J100CWLMYJB_1,1.477958,103.753887,688,9672
shape_J100CWLMYJB_1,1.4779,103.753859,689,9679
shape_J100CWLMYJB_1,1.477845,103.753832,690,9686
shape_J100CWLMYJB_1,1.477801,103.753804,691,9692
shape_J100CWLMYJB_1,1.477685,103.753726,692,9708
shape_J100CWLMYJB_1,1.477554,103.753642,693,9725
shape_J100CWLMYJB_1,1.477483,103.753599,694,9734
shape_J100CWLMYJB_1,1.477461,103.753589,695,9737
shape_J100CWLMYJB_1,1.477448,103.753585,696,9739
shape_J100CWLMYJB_1,1.477434,103.753582,697,9741
shape_J100CWLMYJB_1,1.477417,103.753581,698,9743
shape_J100CWLMYJB_1,1.477401,103.753582,699,9745
shape_J100CWLMYJB_1,1.477328,103.753591,700,9753
shape_J100CWLMYJB_1,1.477237,103.753604,701,9763
shape_J100CWLMYJB_1,1.477166,103.753612,702,9771
shape_J100CWLMYJB_1,1.477128,103.753617,703,9775
shape_J100CWLMYJB_1,1.477106,103.753621,704,9777
shape_J100CWLMYJB_1,1.476935,103.753722,705,9799
shape_J100CWLMYJB_1,1.476735,103.753837,706,9825
shape_J100CWLMYJB_1,1.47649,103.753975,707,9856
shape_J100CWLMYJB_1,1.4763025604402282,103.75414500859834,708,9884
shape_J100CWLMYJB_1,1.4760992857200328,103.75423727976225,709,9909
shape_J100CWLMYJB_1,1.4758,103.75446,710,9950
shape_J100CWLMYJB_1,1.475082681320171,103.7546462098217,711,10032
shape_J100CWLMYJB_1,1.474891,103.754729,712,10055
shape_J100CWLMYJB_1,1.4746458681138825,103.7548404957008,713,10085
shape_J100CWLMYJB_1,1.47436,103.75497,714,10120
shape_J100CWLMYJB_1,1.474151,103.755067,715,10146
shape_J100CWLMYJB_1,1.473778,103.755244,716,10192
shape_J100CWLMYJB_1,1.473377,103.755427,717,10241
shape_J100CWLMYJB_1,1.473078,103.755565,718,10278
shape_J100CWLMYJB_1,1.472915,103.755645,719,10298
shape_J100CWLMYJB_1,1.4727093406615246,103.75575564141035,720,10324
shape_J100CWLMYJB_1,1.472662626361533,103.75566966472385,721,10335
shape_J100CWLMYJB_1,1.472652,103.755655,722,10337
shape_J100CWLMYJB_1,1.4726359835115093,103.75564868803738,723,10339
shape_J100CWLMYJB_1,1.472617,103.755636,724,10342
shape_J100CWLMYJB_1,1.472579,103.755612,725,10347
shape_J100CWLMYJB_1,1.472546,103.75559,726,10351
shape_J100CWLMYJB_1,1.472523,103.755565,727,10355
shape_J100CWLMYJB_1,1.472486,103.75552,728,10361
shape_J100CWLMYJB_1,1.472463,103.755498,729,10365
shape_J100CWLMYJB_1,1.472387,103.755362,730,10382
shape_J100CWLMYJB_1,1.472052,103.754748,731,10460
shape_J100CWLMYJB_1,1.471735,103.75416,732,10534
shape_J100CWLMYJB_1,1.471504,103.753725,733,10589
shape_J100CWLMYJB_1,1.471485,103.753679,734,10595
shape_J100CWLMYJB_1,1.47148,103.75366,735,10597
shape_J100CWLMYJB_1,1.4714615603972454,103.75359903802871,736,10604
shape_J100CWLMYJB_1,1.4714675823840493,103.75357065637216,737,10607
shape_J100CWLMYJB_1,1.471426,103.753509,738,10615
shape_J100CWLMYJB_1,1.47135,103.7534,739,10630
shape_J100CWLMYJB_1,1.471202,103.753192,740,10658
shape_J100CWLMYJB_1,1.471081,103.753039,741,10680
shape_J100CWLMYJB_1,1.47096,103.752892,742,10701
shape_J100CWLMYJB_1,1.470801,103.752706,743,10728
shape_J100CWLMYJB_1,1.470743,103.752637,744,10738
shape_J100CWLMYJB_1,1.47073,103.75264,745,10739
shape_J100CWLMYJB_1,1.47071,103.752635,746,10741
shape_J100CWLMYJB_1,1.470688,103.752624,747,10744
shape_J100CWLMYJB_1,1.470666,103.752606,748,10747
shape_J100CWLMYJB_1,1.470619,103.752561,749,10754
shape_J100CWLMYJB_1,1.470562,103.752506,750,10763
shape_J100CWLMYJB_1,1.470505,103.752448,751,10772
shape_J100CWLMYJB_1,1.470452,103.752388,752,10781
shape_J100CWLMYJB_1,1.470396,103.752331,753,10790
shape_J100CWLMYJB_1,1.470287,103.752215,754,10808
shape_J100CWLMYJB_1,1.470179,103.752094,755,10826
shape_J100CWLMYJB_1,1.470072,103.751974,756,10844
shape_J100CWLMYJB_1,1.46993,103.751779,757,10871
shape_J100CWLMYJB_1,1.469786,103.751584,758,10898
shape_J100CWLMYJB_1,1.469647,103.75139,759,10925
shape_J100CWLMYJB_1,1.469593,103.751332,760,10934
shape_J100CWLMYJB_1,1.46958,103.751322,761,10936
shape_J100CWLMYJB_1,1.46957,103.751317,762,10937
shape_J100CWLMYJB_1,1.46954,103.751299,763,10941
shape_J100CWLMYJB_1,1.469471,103.751265,764,10950
shape_J100CWLMYJB_1,1.469397,103.751234,765,10959
shape_J100CWLMYJB_1,1.469318,103.751215,766,10968
shape_J100CWLMYJB_1,1.469225,103.751196,767,10979
shape_J100CWLMYJB_1,1.469206,103.751198,768,10981
shape_J100CWLMYJB_1,1.469169,103.751213,769,10985
shape_J100CWLMYJB_1,1.469026,103.751289,770,11003
shape_J100CWLMYJB_1,1.468856,103.75139,771,11025
shape_J100CWLMYJB_1,1.468674,103.751498,772,11049
shape_J100CWLMYJB_1,1.468482,103.751609,773,11074
shape_J100CWLMYJB_1,1.468264,103.751733,774,11102
shape_J100CWLMYJB_1,1.46806,103.751846,775,11128
shape_J100CWLMYJB_1,1.467825,103.751972,776,11158
shape_J100CWLMYJB_1,1.467516,103.75214,777,11197
shape_J100CWLMYJB_1,1.467427,103.752192,778,11208
shape_J100CWLMYJB_1,1.467234,103.752303,779,11233
shape_J100CWLMYJB_1,1.46705,103.75241,780,11257
shape_J100CWLMYJB_1,1.466937,103.75248,781,11272
shape_J100CWLMYJB_1,1.46692,103.75249,782,11274
shape_J100CWLMYJB_1,1.46686,103.752523,783,11282
shape_J100CWLMYJB_1,1.466765,103.752577,784,11294
shape_J100CWLMYJB_1,1.466662,103.752637,785,11307
shape_J100CWLMYJB_1,1.466557,103.752686,786,11320
shape_J100CWLMYJB_1,1.466399,103.75276,787,11339
shape_J100CWLMYJB_1,1.466196,103.752881,788,11365
shape_J100CWLMYJB_1,1.466091,103.752949,789,11379
shape_J100CWLMYJB_1,1.466028,103.753007,790,11389
shape_J100CWLMYJB_1,1.465856,103.753162,791,11415
shape_J100CWLMYJB_1,1.4656729945006937,103.75332998251484,792,11443
shape_J100CWLMYJB_1,1.465519,103.753467,793,11466
shape_J100CWLMYJB_1,1.465335,103.753625,794,11493
shape_J100CWLMYJB_1,1.465168,103.753766,795,11517
shape_J100CWLMYJB_1,1.464913,103.753977,796,11554
shape_J100CWLMYJB_1,1.4645909498647858,103.75425633498764,797,11601
shape_J100CWLMYJB_1,1.46453,103.75429,798,11609
shape_J100CWLMYJB_1,1.4644943771002086,103.75434830573083,799,11617
shape_J100CWLMYJB_1,1.464342,103.754484,800,11640
shape_J100CWLMYJB_1,1.464071,103.754723,801,11680
shape_J100CWLMYJB_1,1.463882,103.754884,802,11708
shape_J100CWLMYJB_1,1.463659,103.755076,803,11741
shape_J100CWLMYJB_1,1.463543,103.755177,804,11758
shape_J100CWLMYJB_1,1.463349,103.755366,805,11788
shape_J100CWLMYJB_1,1.463082,103.755602,806,11828
shape_J100CWLMYJB_1,1.462849,103.755829,807,11864
shape_J100CWLMYJB_1,1.462731,103.755943,808,11882
shape_J100CWLMYJB_1,1.462649,103.755999,809,11893
shape_J100CWLMYJB_1,1.462469,103.75616,810,11920
shape_J100CWLMYJB_1,1.462245,103.756358,811,11953
shape_J100CWLMYJB_1,1.462051,103.756522,812,11981
shape_J100CWLMYJB_1,1.461824,103.756717,813,12014
shape_J100CWLMYJB_1,1.461651,103.756864,814,12039
shape_J100CWLMYJB_1,1.461465,103.757026,815,12066
shape_J100CWLMYJB_1,1.460975,103.757453,816,12138
shape_J100CWLMYJB_1,1.46081,103.757602,817,12163
shape_J100CWLMYJB_1,1.4606512594576309,103.75775861082603,818,12188
shape_J100CWLMYJB_1,1.46062,103.75777,819,12192
shape_J100CWLMYJB_1,1.460603,103.757807,820,12197
shape_J100CWLMYJB_1,1.460529,103.757876,821,12208
shape_J100CWLMYJB_1,1.460338,103.758062,822,12238
shape_J100CWLMYJB_1,1.460129,103.75826,823,12270
shape_J100CWLMYJB_1,1.459961,103.758414,824,12295
shape_J100CWLMYJB_1,1.459888,103.758479,825,12306
shape_J100CWLMYJB_1,1.45976,103.758576,826,12324
shape_J100CWLMYJB_1,1.459709,103.758614,827,12331
shape_J100CWLMYJB_1,1.45963,103.758661,828,12341
shape_J100CWLMYJB_1,1.459536,103.758703,829,12352
shape_J100CWLMYJB_1,1.459453,103.758726,830,12362
shape_J100CWLMYJB_1,1.459371,103.758746,831,12371
shape_J100CWLMYJB_1,1.459271,103.758767,832,12382
shape_J100CWLMYJB_1,1.459195,103.758779,833,12391
shape_J100CWLMYJB_1,1.458985,103.758809,834,12415
shape_J100CWLMYJB_1,1.458837,103.758833,835,12432
shape_J100CWLMYJB_1,1.458634,103.758868,836,12455
shape_J100CWLMYJB_1,1.458534,103.758889,837,12466
shape_J100CWLMYJB_1,1.458429,103.758915,838,12478
shape_J100CWLMYJB_1,1.458312,103.758943,839,12491
shape_J100CWLMYJB_1,1.45822,103.75896,840,12501
shape_J100CWLMYJB_1,1.458089,103.758985,841,12516
shape_J100CWLMYJB_1,1.457943,103.75901,842,12532
shape_J100CWLMYJB_1,1.457763,103.759042,843,12552
shape_J100CWLMYJB_1,1.457533,103.759089,844,12578
shape_J100CWLMYJB_1,1.457429,103.759112,845,12590
shape_J100CWLMYJB_1,1.457336,103.75913,846,12601
shape_J100CWLMYJB_1,1.457192,103.75916,847,12617
shape_J100CWLMYJB_1,1.4568427788139693,103.75923520399333,848,12657
shape_J100CWLMYJB_1,1.456811340883616,103.7592866749382,849,12664
shape_J100CWLMYJB_1,1.456767,103.759251,850,12670
shape_J100CWLMYJB_1,1.456649,103.759274,851,12683
shape_J100CWLMYJB_1,1.456507,103.759304,852,12699
shape_J100CWLMYJB_1,1.456287,103.759349,853,12724
shape_J100CWLMYJB_1,1.456087,103.7594,854,12747
shape_J100CWLMYJB_1,1.455847,103.759457,855,12774
shape_J100CWLMYJB_1,1.45562,103.759504,856,12800
shape_J100CWLMYJB_1,1.455473,103.759537,857,12817
shape_J100CWLMYJB_1,1.455469,103.75954,858,12818
shape_J100CWLMYJB_1,1.45547,103.75955,859,12819
shape_J100CWLMYJB_1,1.455469,103.759561,860,12820
shape_J100CWLMYJB_1,1.455467,103.759568,861,12821
shape_J100CWLMYJB_1,1.455464,103.759572,862,12822
shape_J100CWLMYJB_1,1.45545,103.759573,863,12824
shape_J100CWLMYJB_1,1.455373,103.759583,864,12833
shape_J100CWLMYJB_1,1.455184,103.759609,865,12854
shape_J100CWLMYJB_1,1.454976,103.759635,866,12877
shape_J100CWLMYJB_1,1.454907,103.759643,867,12885
shape_J100CWLMYJB_1,1.454901,103.759646,868,12886
shape_J100CWLMYJB_1,1.454898,103.759653,869,12887
shape_J100CWLMYJB_1,1.454898,103.759666,870,12888
shape_J100CWLMYJB_1,1.454927,103.75979,871,12902
shape_J100CWLMYJB_1,1.454995,103.760093,872,12937
shape_J100CWLMYJB_1,1.455059,103.760395,873,12971
shape_J100CWLMYJB_1,1.455105,103.760636,874,12998
shape_J100CWLMYJB_1,1.45512,103.760721,875,13008
shape_J100CWLMYJB_1,1.45513,103.760814,876,13018
shape_J100CWLMYJB_1,1.455142,103.760906,877,13028
shape_J100CWLMYJB_1,1.455164,103.761016,878,13040
shape_J100CWLMYJB_1,1.455199,103.761193,879,13060
shape_J100CWLMYJB_1,1.455227,103.76131,880,13073
shape_J100CWLMYJB_1,1.455308,103.76162,881,13109
shape_J100CWLMYJB_1,1.455378,103.761876,882,13139
shape_J100CWLMYJB_1,1.455422062258964,103.7618772405796,883,13144
shape_J100CWLMYJB_1,1.45546,103.76188,884,13148
shape_J100CWLMYJB_1,1.455407,103.761973,885,13160
shape_J100CWLMYJB_1,1.455477,103.762202,886,13187
shape_J100CWLMYJB_1,1.455549,103.762394,887,13210
shape_J100CWLMYJB_1,1.455643,103.762639,888,13239
shape_J100CWLMYJB_1,1.455679,103.762748,889,13252
shape_J100CWLMYJB_1,1.4557080990677764,103.76284051012756,890,13263
shape_J100CWLMYJB_1,1.455748,103.762977,891,13279
shape_J100CWLMYJB_1,1.455815,103.76318,892,13303
shape_J100CWLMYJB_1,1.455854,103.763285,893,13315
shape_J100CWLMYJB_1,1.455986,103.763648,894,13358
shape_J100CWLMYJB_1,1.456078,103.763853,895,13383
shape_J100CWLMYJB_1,1.456183,103.764093,896,13412
shape_J100CWLMYJB_1,1.456283,103.764306,897,13438
shape_J100CWLMYJB_1,1.456418,103.764588,898,13473
shape_J100CWLMYJB_1,1.456513,103.7648,899,13499
shape_J100CWLMYJB_1,1.45652,103.76484,900,13504
shape_J100CWLMYJB_1,1.456561,103.764893,901,13511
shape_J100CWLMYJB_1,1.45662,103.765019,902,13526
shape_J100CWLMYJB_1,1.456713,103.765215,903,13550
shape_J100CWLMYJB_1,1.456745,103.765282,904,13558
shape_J100CWLMYJB_1,1.456767,103.765312,905,13562
shape_J100CWLMYJB_1,1.456813,103.765363,906,13570
shape_J100CWLMYJB_1,1.456904,103.765468,907,13585
shape_J100CWLMYJB_1,1.456971,103.765544,908,13596
shape_J100CWLMYJB_1,1.457032,103.765642,909,13609
shape_J100CWLMYJB_1,1.457084,103.765729,910,13620
shape_J100CWLMYJB_1,1.457162,103.765872,911,13638
shape_J100CWLMYJB_1,1.457273,103.766067,912,13663
shape_J100CWLMYJB_1,1.457301,103.766112,913,13669
shape_J100CWLMYJB_1,1.457401,103.766222,914,13686
shape_J100CWLMYJB_1,1.457473,103.766305,915,13698
shape_J100CWLMYJB_1,1.457557,103.766374,916,13710
shape_J100CWLMYJB_1,1.457687,103.766478,917,13729
shape_J100CWLMYJB_1,1.457807,103.766550,918,13745
shape_J100CWLMYJB_1,1.457919,103.766609,919,13759
shape_J100CWLMYJB_1,1.458055,103.766669,920,13776
shape_J100CWLMYJB_1,1.458136,103.766693,921,13785
shape_J100CWLMYJB_1,1.458258,103.766726,922,13799
shape_J100CWLMYJB_1,1.458399,103.766756,923,13815
shape_J100CWLMYJB_1,1.458517,103.766769,924,13828
shape_J100CWLMYJB_1,1.458744,103.766793,925,13853
shape_J100CWLMYJB_1,1.458813,103.766805,926,13861
shape_J100CWLMYJB_1,1.458921,103.766834,927,13873
shape_J100CWLMYJB_1,1.459043,103.766878,928,13887
shape_J100CWLMYJB_1,1.459129,103.766917,929,13897
shape_J100CWLMYJB_1,1.459218,103.766975,930,13909
shape_J100CWLMYJB_1,1.459280,103.767031,931,13918
shape_J100CWLMYJB_1,1.4593735327817627,103.76713379017832,932,13933
shape_J100CWLMYJB_1,1.459434,103.767157,933,13940
shape_J100CWLMYJB_1,1.459504,103.767199,934,13949
shape_J100CWLMYJB_1,1.459560,103.767212,935,13955
shape_J100CWLMYJB_1,1.459683,103.767221,936,13969
shape_J100CWLMYJB_1,1.459712,103.767151,937,13977
shape_J100CWLMYJB_1,1.459735,103.767111,938,13982
shape_J100CWLMYJB_1,1.459766,103.767089,939,13986
shape_J100CWLMYJB_1,1.460043,103.766906,940,14023
shape_J100CWLMYJB_1,1.460405,103.766675,941,14071
shape_J100CWLMYJB_1,1.460873,103.766388,942,14132
shape_J100CWLMYJB_1,1.460954,103.766346,943,14142
shape_J100CWLMYJB_1,1.461113,103.766284,944,14161
shape_J100CWLMYJB_1,1.461400,103.766170,945,14195
shape_J100CWLMYJB_1,1.461565,103.766102,946,14215
shape_J100CWLMYJB_1,1.461645,103.766064,947,14225
shape_J100CWLMYJB_1,1.461799,103.765974,948,14245
shape_J100CWLMYJB_1,1.461944,103.765875,949,14265
shape_J100CWLMYJB_1,1.462077,103.765802,950,14282
shape_J100CWLMYJB_1,1.46297,103.76529,951,14396
shape_J50CWLMYJB_0,1.47935,103.3883,0,0
shape_J50CWLMYJB_0,1.4789159342268399,103.38843195568084,1,50
shape_J50CWLMYJB_0,1.4790372526185132,103.38898708465578,2,113
shape_J50CWLMYJB_0,1.4800561522356999,103.38865985515596,3,232
shape_J50CWLMYJB_0,1.4805387887330965,103.38848282936098,4,289
shape_J50CWLMYJB_0,1.4806728544081749,103.38838090541842,5,308
shape_J50CWLMYJB_0,1.4800990532619445,103.38819315078737,6,375
shape_J50CWLMYJB_0,1.4790855162951462,103.38786592128756,7,493
shape_J50CWLMYJB_0,1.4784473631526052,103.38766743782045,8,567
shape_J50CWLMYJB_0,1.4782864841801655,103.38767816665651,9,585
shape_J50CWLMYJB_0,1.4780987920308948,103.38780691268923,10,610
shape_J50CWLMYJB_0,1.4780692975488625,103.38798662069323,11,630
shape_J50CWLMYJB_0,1.4782614505307905,103.3892439067459,12,771
shape_J50CWLMYJB_0,1.47869,103.39151,13,1027
shape_J50CWLMYJB_0,1.47879,103.3922,14,1105
shape_J50CWLMYJB_0,1.47895,103.3925,15,1143
shape_J50CWLMYJB_0,1.48045,103.3967,16,1639
shape_J50CWLMYJB_0,1.48107,103.39913,17,1918
shape_J50CWLMYJB_0,1.4816384382703571,103.40116847885129,18,2153
shape_J50CWLMYJB_0,1.48236,103.40317,19,2390
shape_J50CWLMYJB_0,1.4827,103.4043,20,2521
shape_J50CWLMYJB_0,1.48391,103.4059,21,2744
shape_J50CWLMYJB_0,1.48455,103.40729,22,2914
shape_J50CWLMYJB_0,1.48461,103.40751,23,2939
shape_J50CWLMYJB_0,1.48465,103.4078,24,2972
shape_J50CWLMYJB_0,1.48464,103.40795,25,2989
shape_J50CWLMYJB_0,1.48464,103.40949,26,3160
shape_J50CWLMYJB_0,1.48391,103.4124,27,3493
shape_J50CWLMYJB_0,1.48385,103.41255,28,3511
shape_J50CWLMYJB_0,1.48378,103.41276,29,3536
shape_J50CWLMYJB_0,1.48359,103.4141,30,3686
shape_J50CWLMYJB_0,1.48355,103.41468,31,3751
shape_J50CWLMYJB_0,1.4836,103.41522,32,3811
shape_J50CWLMYJB_0,1.48398,103.41664,33,3974
shape_J50CWLMYJB_0,1.48416,103.41689,34,4008
shape_J50CWLMYJB_0,1.48456,103.41845,35,4187
shape_J50CWLMYJB_0,1.48494,103.41934,36,4295
shape_J50CWLMYJB_0,1.48545,103.41997,37,4385
shape_J50CWLMYJB_0,1.48728,103.42299,38,4778
shape_J50CWLMYJB_0,1.48929,103.42629,39,5208
shape_J50CWLMYJB_0,1.49074,103.42873,40,5524
shape_J50CWLMYJB_0,1.4913,103.42947,41,5627
shape_J50CWLMYJB_0,1.49193,103.43071,42,5782
shape_J50CWLMYJB_0,1.49211,103.43099,43,5819
shape_J50CWLMYJB_0,1.49219,103.43107,44,5832
shape_J50CWLMYJB_0,1.49269,103.43181,45,5931
shape_J50CWLMYJB_0,1.49441,103.43452,46,6288
shape_J50CWLMYJB_0,1.49589,103.43718,47,6626
shape_J50CWLMYJB_0,1.49756,103.43978,48,6970
shape_J50CWLMYJB_0,1.49783,103.44015,49,7021
shape_J50CWLMYJB_0,1.49815,103.44047,50,7071
shape_J50CWLMYJB_0,1.49857,103.44084,51,7133
shape_J50CWLMYJB_0,1.50039,103.44225,52,7389
shape_J50CWLMYJB_0,1.50072,103.44254,53,7438
shape_J50CWLMYJB_0,1.50116,103.44287,54,7499
shape_J50CWLMYJB_0,1.5014,103.44292,55,7526
shape_J50CWLMYJB_0,1.50265,103.44411,56,7718
shape_J50CWLMYJB_0,1.50323,103.44454,57,7798
shape_J50CWLMYJB_0,1.5035,103.44469,58,7832
shape_J50CWLMYJB_0,1.50392,103.44481,59,7881
shape_J50CWLMYJB_0,1.50433,103.44484,60,7927
shape_J50CWLMYJB_0,1.50467,103.44483,61,7965
shape_J50CWLMYJB_0,1.50731,103.44451,62,8261
shape_J50CWLMYJB_0,1.50774,103.44449,63,8309
shape_J50CWLMYJB_0,1.50789,103.4445,64,8326
shape_J50CWLMYJB_0,1.50824,103.44459,65,8366
shape_J50CWLMYJB_0,1.50859,103.44472,66,8408
shape_J50CWLMYJB_0,1.5091,103.44479,67,8465
shape_J50CWLMYJB_0,1.5123,103.44622,68,8855
shape_J50CWLMYJB_0,1.51388,103.447,69,9051
shape_J50CWLMYJB_0,1.51411,103.44717,70,9083
shape_J50CWLMYJB_0,1.51425,103.44729,71,9104
shape_J50CWLMYJB_0,1.51456,103.44764,72,9156
shape_J50CWLMYJB_0,1.51502,103.44786,73,9213
shape_J50CWLMYJB_0,1.51928,103.45294,74,9950
shape_J50CWLMYJB_0,1.52359,103.45816,75,10703
shape_J50CWLMYJB_0,1.52385,103.45853,76,10753
shape_J50CWLMYJB_0,1.52392,103.45866,77,10769
shape_J50CWLMYJB_0,1.52402,103.45896,78,10804
shape_J50CWLMYJB_0,1.52509,103.46442,79,11422
shape_J50CWLMYJB_0,1.52533,103.46657,80,11662
shape_J50CWLMYJB_0,1.52533,103.46687,81,11695
shape_J50CWLMYJB_0,1.5253,103.4671,82,11721
shape_J50CWLMYJB_0,1.5246,103.47162,83,12229
shape_J50CWLMYJB_0,1.52379,103.47656,84,12785
shape_J50CWLMYJB_0,1.52356,103.47752,85,12895
shape_J50CWLMYJB_0,1.52263,103.48376,86,13596
shape_J50CWLMYJB_0,1.52254,103.48403,87,13628
shape_J50CWLMYJB_0,1.52245,103.48421,88,13650
shape_J50CWLMYJB_0,1.52232,103.48439,89,13675
shape_J50CWLMYJB_0,1.52216,103.48453,90,13699
shape_J50CWLMYJB_0,1.52193,103.48467,91,13729
shape_J50CWLMYJB_0,1.52065,103.48532,92,13889
shape_J50CWLMYJB_0,1.51852,103.48654,93,14162
shape_J50CWLMYJB_0,1.51798,103.48642,94,14224
shape_J50CWLMYJB_0,1.51686,103.48731,95,14383
shape_J50CWLMYJB_0,1.51664,103.48761,96,14424
shape_J50CWLMYJB_0,1.51411,103.48905,97,14748
shape_J50CWLMYJB_0,1.51386,103.48922,98,14782
shape_J50CWLMYJB_0,1.51356,103.48952,99,14829
shape_J50CWLMYJB_0,1.51212,103.49115,100,15071
shape_J50CWLMYJB_0,1.51192,103.49133,101,15101
shape_J50CWLMYJB_0,1.51168,103.49152,102,15135
shape_J50CWLMYJB_0,1.51075,103.49212,103,15258
shape_J50CWLMYJB_0,1.51068,103.49218,104,15268
shape_J50CWLMYJB_0,1.5107,103.49231,105,15283
shape_J50CWLMYJB_0,1.51054,103.49238,106,15302
shape_J50CWLMYJB_0,1.51045,103.49253,107,15321
shape_J50CWLMYJB_0,1.5103,103.49298,108,15374
shape_J50CWLMYJB_0,1.51009,103.494,109,15490
shape_J50CWLMYJB_0,1.51,103.4943,110,15525
shape_J50CWLMYJB_0,1.50988,103.49452,111,15553
shape_J50CWLMYJB_0,1.50957,103.4949,112,15608
shape_J50CWLMYJB_0,1.50946,103.49508,113,15631
shape_J50CWLMYJB_0,1.5094,103.49525,114,15651
shape_J50CWLMYJB_0,1.50938,103.49537,115,15665
shape_J50CWLMYJB_0,1.50937,103.49558,116,15688
shape_J50CWLMYJB_0,1.50939,103.49575,117,15707
shape_J50CWLMYJB_0,1.50968,103.49703,118,15853
shape_J50CWLMYJB_0,1.50972,103.49727,119,15880
shape_J50CWLMYJB_0,1.50978,103.49819,120,15982
shape_J50CWLMYJB_0,1.50981,103.49828,121,15993
shape_J50CWLMYJB_0,1.50983,103.49866,122,16035
shape_J50CWLMYJB_0,1.50982,103.50036,123,16224
shape_J50CWLMYJB_0,1.50978,103.50063,124,16254
shape_J50CWLMYJB_0,1.50988,103.50274,125,16489
shape_J50CWLMYJB_0,1.50968,103.50401,126,16632
shape_J50CWLMYJB_0,1.5092,103.50567,127,16824
shape_J50CWLMYJB_0,1.50918,103.50583,128,16842
shape_J50CWLMYJB_0,1.50886,103.50717,129,16995
shape_J50CWLMYJB_0,1.50859,103.50797,130,17089
shape_J50CWLMYJB_0,1.50846,103.50888,131,17191
shape_J50CWLMYJB_0,1.50718,103.51298,132,17668
shape_J50CWLMYJB_0,1.50749,103.51247,133,17734
shape_J50CWLMYJB_0,1.50712,103.5131,134,17815
shape_J50CWLMYJB_0,1.50703,103.51346,135,17856
shape_J50CWLMYJB_0,1.50696,103.51366,136,17880
shape_J50CWLMYJB_0,1.50686,103.51381,137,17900
shape_J50CWLMYJB_0,1.50666,103.51398,138,17929
shape_J50CWLMYJB_0,1.50451,103.51554,139,18224
shape_J50CWLMYJB_0,1.50431,103.51573,140,18255
shape_J50CWLMYJB_0,1.5041,103.51604,141,18297
shape_J50CWLMYJB_0,1.50352,103.51671,142,18396
shape_J50CWLMYJB_0,1.50324,103.51699,143,18440
shape_J50CWLMYJB_0,1.50321,103.51712,144,18455
shape_J50CWLMYJB_0,1.50255,103.5173,145,18531
shape_J50CWLMYJB_0,1.50053,103.51754,146,18757
shape_J50CWLMYJB_0,1.49958,103.51774,147,18865
shape_J50CWLMYJB_0,1.49941,103.51779,148,18885
shape_J50CWLMYJB_0,1.49927,103.51786,149,18902
shape_J50CWLMYJB_0,1.49889,103.51811,150,18953
shape_J50CWLMYJB_0,1.4986,103.51844,151,19002
shape_J50CWLMYJB_0,1.49807,103.5187,152,19068
shape_J50CWLMYJB_0,1.49793,103.51881,153,19088
shape_J50CWLMYJB_0,1.49781,103.51894,154,19108
shape_J50CWLMYJB_0,1.49766,103.51916,155,19138
shape_J50CWLMYJB_0,1.49759,103.51931,156,19156
shape_J50CWLMYJB_0,1.49752,103.51956,157,19185
shape_J50CWLMYJB_0,1.49749,103.51977,158,19209
shape_J50CWLMYJB_0,1.49741,103.52151,159,19403
shape_J50CWLMYJB_0,1.49737,103.52178,160,19433
shape_J50CWLMYJB_0,1.49729,103.52209,161,19469
shape_J50CWLMYJB_0,1.49718,103.5224,162,19506
shape_J50CWLMYJB_0,1.49651,103.52423,163,19723
shape_J50CWLMYJB_0,1.4964,103.52476,164,19783
shape_J50CWLMYJB_0,1.496038,103.52534,165,19859
shape_J50CWLMYJB_0,1.49575,103.52664,166,20007
shape_J50CWLMYJB_0,1.49559,103.52798,167,20157
shape_J50CWLMYJB_0,1.49554,103.52951,168,20327
shape_J50CWLMYJB_0,1.4955936259062665,103.53048095966341,169,20435
shape_J50CWLMYJB_0,1.4962478618572073,103.53202054763796,170,20621
shape_J50CWLMYJB_0,1.4971487766178078,103.53400001789095,171,20863
shape_J50CWLMYJB_0,1.4978405502005585,103.53530357147218,172,21027
shape_J50CWLMYJB_0,1.4986824758942223,103.53616724277498,173,21161
shape_J50CWLMYJB_0,1.4995244012641948,103.53703091407777,174,21295
shape_J50CWLMYJB_0,1.5007846074229352,103.53792677188875,175,21467
shape_J50CWLMYJB_0,1.50247381879438,103.53877971435548,176,21677
shape_J50CWLMYJB_0,1.5039324383562813,103.53920886779787,177,21846
shape_J50CWLMYJB_0,1.506039927398189,103.53958437705995,178,22084
shape_J50CWLMYJB_0,1.5082707532728885,103.53995988632204,179,22336
shape_J50CWLMYJB_0,1.5096113927226242,103.54032466674806,180,22490
shape_J50CWLMYJB_0,1.510909130922548,103.54102204109194,181,22654
shape_J50CWLMYJB_0,1.5119601910451794,103.54180524612428,182,22800
shape_J50CWLMYJB_0,1.513365178781554,103.54316780830385,183,23018
shape_J50CWLMYJB_0,1.5162609521598331,103.54579637313844,184,23453
shape_J50CWLMYJB_0,1.5184274171173255,103.54764173294069,185,23769
shape_J50CWLMYJB_0,1.5223527886847723,103.54953000808717,186,24253
shape_J50CWLMYJB_0,1.528787808570643,103.55266282821657,187,25049
shape_J50CWLMYJB_0,1.5309971609541246,103.5537142541504,188,25321
shape_J50CWLMYJB_0,1.5327453362266088,103.55397174621584,189,25517
shape_J50CWLMYJB_0,1.5345900349664465,103.55367133880617,190,25725
shape_J50CWLMYJB_0,1.5363596572623102,103.5529739644623,191,25936
shape_J50CWLMYJB_0,1.5378397038750053,103.55205128456117,192,26130
shape_J50CWLMYJB_0,1.5393733742820974,103.55155775810243,193,26309
shape_J50CWLMYJB_0,1.540713994363693,103.55154702926637,194,26458
shape_J50CWLMYJB_0,1.5430627587122245,103.55198691154482,195,26724
shape_J50CWLMYJB_0,1.5452720963257445,103.55244825149538,196,26975
shape_J50CWLMYJB_0,1.5481892764496346,103.55325291419985,197,27311
shape_J50CWLMYJB_0,1.549991062168262,103.55426142478944,198,27541
shape_J50CWLMYJB_0,1.5510099284140004,103.5554952409363,199,27719
shape_J50CWLMYJB_0,1.5513531253547428,103.5564501073456,200,27832
shape_J50CWLMYJB_0,1.5515568985119774,103.5577482965088,201,27978
shape_J50CWLMYJB_0,1.5519215451653856,103.55937907958986,202,28164
shape_J50CWLMYJB_0,1.5523719909445743,103.56031248832704,203,28279
shape_J50CWLMYJB_0,1.553026209643398,103.56106350685121,204,28390
shape_J50CWLMYJB_0,1.5537876770541963,103.56170723701479,205,28501
shape_J50CWLMYJB_0,1.55455986907778,103.5624475267029,206,28620
shape_J50CWLMYJB_0,1.5554071350009067,103.56365988517763,207,28784
shape_J50CWLMYJB_0,1.556398401960433,103.56512959259031,208,28981
shape_J50CWLMYJB_0,1.5578355351105204,103.56731827514646,209,29272
shape_J50CWLMYJB_0,1.55986,103.57625,210,30290
shape_J50CWLMYJB_0,1.560010148038644,103.58032695770267,211,30743
shape_J50CWLMYJB_0,1.56185,103.58333,212,31135
shape_J50CWLMYJB_0,1.56431,103.58744,213,31667
shape_J50CWLMYJB_0,1.56725,103.59506,214,32575
shape_J50CWLMYJB_0,1.56662,103.59874,215,32990
shape_J50CWLMYJB_0,1.56663,103.60605,216,33807
shape_J50CWLMYJB_0,1.56659,103.60917,217,34149
shape_J50CWLMYJB_0,1.5659,103.61143,218,34412
shape_J50CWLMYJB_0,1.56516,103.61346,219,34652
shape_J50CWLMYJB_0,1.56269,103.61756,220,35184
shape_J50CWLMYJB_0,1.560759526860782,103.62030658203126,221,35557
shape_J50CWLMYJB_0,1.5578638138296605,103.62380418258668,222,36062
shape_J50CWLMYJB_0,1.5545176515926968,103.62713012176515,223,36587
shape_J50CWLMYJB_0,1.5515790303821744,103.63056334930421,224,37089
shape_J50CWLMYJB_0,1.5490908515666033,103.63288077789308,225,37467
shape_J50CWLMYJB_0,1.5479111105894532,103.63438281494142,226,37679
shape_J50CWLMYJB_0,1.5475464632455087,103.635927767334,227,37855
shape_J50CWLMYJB_0,1.5477180620034148,103.63742980438234,228,38023
shape_J50CWLMYJB_0,1.5490694017365243,103.63961848693849,229,38309
shape_J50CWLMYJB_0,1.5496270972481756,103.64161405044557,230,38539
shape_J50CWLMYJB_0,1.55054943950285,103.6442318864441,231,38848
shape_J50CWLMYJB_0,1.5510427851950386,103.64648494201661,232,39104
shape_J50CWLMYJB_0,1.55066,103.65003,233,39500
shape_J50CWLMYJB_0,1.5501847926129868,103.65088376480104,234,39609
shape_J50CWLMYJB_0,1.5491,103.65404,235,39980
shape_J50CWLMYJB_0,1.548397517954821,103.6560945721054,236,40221
shape_J50CWLMYJB_0,1.5481079451356021,103.65728010848999,237,40357
shape_J50CWLMYJB_0,1.5479738836318213,103.65785410121917,238,40423
shape_J50CWLMYJB_0,1.5480382331546911,103.65820815280914,239,40463
shape_J50CWLMYJB_0,1.5482849063075943,103.65844955162048,240,40501
shape_J50CWLMYJB_0,1.548671003358874,103.65844418720245,241,40544
shape_J50CWLMYJB_0,1.5489123139801888,103.6582564325714,242,40578
shape_J50CWLMYJB_0,1.548987388390109,103.65792383865356,243,40616
shape_J50CWLMYJB_0,1.5488479644838575,103.6576073379898,244,40654
shape_J50CWLMYJB_0,1.5484457800875113,103.65729620174407,245,40711
shape_J50CWLMYJB_0,1.547920259027935,103.65719427780151,246,40771
shape_J50CWLMYJB_0,1.5469013912965215,103.65718891338348,247,40884
shape_J50CWLMYJB_0,1.5457967236243926,103.65729620174407,248,41007
shape_J50CWLMYJB_0,1.5450030785342483,103.65752687171936,249,41099
shape_J50CWLMYJB_0,1.54436,103.65783,250,41178
shape_J50CWLMYJB_0,1.5427780709236196,103.65841472156528,251,41366
shape_J50CWLMYJB_0,1.54211,103.65896,252,41462
shape_J50CWLMYJB_0,1.53981,103.66059,253,41775
shape_J50CWLMYJB_0,1.5384693793499176,103.66187209590913,254,41981
shape_J50CWLMYJB_0,1.5375041319601417,103.66288597091676,255,42137
shape_J50CWLMYJB_0,1.53569,103.66471,256,42423
shape_J50CWLMYJB_0,1.5339793646017812,103.66570241733548,257,42643
shape_J50CWLMYJB_0,1.5317378402857964,103.66718965511033,258,42942
shape_J50CWLMYJB_0,1.5300325642354444,103.66852539519975,259,43183
shape_J50CWLMYJB_0,1.5289922379287748,103.66951244811723,260,43342
shape_J50CWLMYJB_0,1.5281,103.67086,261,43522
shape_J50CWLMYJB_0,1.5273385234076273,103.67256588493346,262,43730
shape_J50CWLMYJB_0,1.5266306716853786,103.67431468521117,263,43940
shape_J50CWLMYJB_0,1.525997894948489,103.67583817993163,264,44123
shape_J50CWLMYJB_0,1.5249897417966862,103.67737240348815,265,44327
shape_J50CWLMYJB_0,1.5237885374247984,103.67868132148742,266,44525
shape_J50CWLMYJB_0,1.5226,103.67965,267,44695
shape_J50CWLMYJB_0,1.51513,103.68491,268,45711
shape_J50CWLMYJB_0,1.51152,103.68747,269,46203
shape_J50CWLMYJB_0,1.50914,103.68897,270,46516
shape_J50CWLMYJB_0,1.5008,103.69584,271,47717
shape_J50CWLMYJB_0,1.49892,103.69862,272,48090
shape_J50CWLMYJB_0,1.49698,103.70152,273,48478
shape_J50CWLMYJB_0,1.49581,103.70332,274,48717
shape_J50CWLMYJB_0,1.49447,103.70527,275,48980
shape_J50CWLMYJB_0,1.49263,103.70768,276,49317
shape_J50CWLMYJB_0,1.4896,103.71201,277,49905
shape_J50CWLMYJB_0,1.4882057222126333,103.71378025794984,278,50156
shape_J50CWLMYJB_0,1.4874120560014688,103.71500334526063,279,50318
shape_J50CWLMYJB_0,1.4873798803382512,103.71550760055543,280,50374
shape_J50CWLMYJB_0,1.4876051099710286,103.71653521966,281,50491
shape_J50CWLMYJB_0,1.4876694612904537,103.71891702126523,282,50756
shape_J50CWLMYJB_0,1.4873906055593746,103.7192710728552,283,50806
shape_J50CWLMYJB_0,1.4868007183198548,103.71962512444516,284,50882
shape_J50CWLMYJB_0,1.4864253354489754,103.72009719323178,285,50949
shape_J50CWLMYJB_0,1.4864467859004713,103.7210735173132,286,51058
shape_J50CWLMYJB_0,1.4865325877043174,103.7226935715582,287,51238
shape_J50CWLMYJB_0,1.4868114435437898,103.7239917607214,288,51386
shape_J50CWLMYJB_0,1.48719,103.72467,289,51472
shape_J50CWLMYJB_0,1.48874,103.72763,290,51843
shape_J50CWLMYJB_0,1.489276260661859,103.72937880027771,291,52046
shape_J50CWLMYJB_0,1.4898125211932247,103.73030148017884,292,52165
shape_J50CWLMYJB_0,1.4900699262019266,103.7309237526703,293,52240
shape_J50CWLMYJB_0,1.490338056387313,103.73201809394837,294,52365
shape_J50CWLMYJB_0,1.490305880766804,103.73273692596436,295,52445
shape_J50CWLMYJB_0,1.4901879034875203,103.73340211380005,296,52520
shape_J50CWLMYJB_0,1.4902951555598531,103.7347968624878,297,52675
shape_J50CWLMYJB_0,1.4902844303528515,103.73607359397889,298,52817
shape_J50CWLMYJB_0,1.4900592009938307,103.73723230827332,299,52948
shape_J50CWLMYJB_0,1.4895872917859612,103.73847685325623,300,53096
shape_J50CWLMYJB_0,1.4890724816257506,103.73975358474732,301,53249
shape_J50CWLMYJB_0,1.488664923496958,103.74206028450013,302,53509
shape_J50CWLMYJB_0,1.4884396939724085,103.74316535461426,303,53634
shape_J50CWLMYJB_0,1.488568396560688,103.74325118530274,304,53651
shape_J50CWLMYJB_0,1.4887507252145602,103.74320290554047,305,53672
shape_J50CWLMYJB_0,1.48899740513403,103.74265573490143,306,53739
shape_J50CWLMYJB_0,1.4893406119325707,103.7422572639253,307,53797
shape_J50CWLMYJB_0,1.4905686483207072,103.74150624540113,308,53957
shape_J50CWLMYJB_0,1.4907241637970232,103.741125868938,309,54003
shape_J50CWLMYJB_0,1.49078583372424,103.74090909158194,310,54028
shape_J50CWLMYJB_0,1.49078583372424,103.74090909158194,311,54028
shape_J50CWLMYJB_0,1.49163,103.74064,312,54127
shape_J50CWLMYJB_0,1.4923968516998276,103.74050052513122,313,54214
shape_J50CWLMYJB_0,1.4932977680405406,103.74034495700836,314,54316
shape_J50CWLMYJB_0,1.4935229970680202,103.74117644180298,315,54412
shape_J50CWLMYJB_0,1.4936409741684549,103.7414875780487,316,54449
shape_J50CWLMYJB_0,1.49406998175295,103.7423512493515,317,54556
shape_J50CWLMYJB_0,1.494566021668086,103.74333562005997,318,54679
shape_J50CWLMYJB_0,1.4950137981438967,103.74327929367065,319,54729
shape_J50CWLMYJB_0,1.49486,103.74262,320,54804
shape_J34CWLMYJB_0,1.51801,103.67413,0,0
shape_J34CWLMYJB_0,1.517982,103.674251,1,14
shape_J34CWLMYJB_0,1.517891,103.674288,2,25
shape_J34CWLMYJB_0,1.517773,103.674278,3,38
shape_J34CWLMYJB_0,1.517677,103.674229,4,50
shape_J34CWLMYJB_0,1.517602,103.674192,5,59
shape_J34CWLMYJB_0,1.517382,103.674487,6,100
shape_J34CWLMYJB_0,1.51713,103.674127,7,149
shape_J34CWLMYJB_0,1.516931,103.673768,8,195
shape_J34CWLMYJB_0,1.516401,103.673012,9,298
shape_J34CWLMYJB_0,1.516132,103.672566,10,356
shape_J34CWLMYJB_0,1.5158614184045534,103.67211340244675,11,415
shape_J34CWLMYJB_0,1.516017,103.671974,12,438
shape_J34CWLMYJB_0,1.516114,103.671906,13,451
shape_J34CWLMYJB_0,1.516232,103.671823,14,467
shape_J34CWLMYJB_0,1.516342,103.67174,15,482
shape_J34CWLMYJB_0,1.516524,103.671609,16,507
shape_J34CWLMYJB_0,1.516669,103.671494,17,528
shape_J34CWLMYJB_0,1.516771,103.67144,18,541
shape_J34CWLMYJB_0,1.516835,103.671349,19,553
shape_J34CWLMYJB_0,1.51691,103.671277,20,565
shape_J34CWLMYJB_0,1.5170175619339952,103.67139263921737,21,583
shape_J34CWLMYJB_0,1.51703,103.67147,22,592
shape_J34CWLMYJB_0,1.5169960996973229,103.6715645889549,23,603
shape_J34CWLMYJB_0,1.516953,103.671572,24,608
shape_J34CWLMYJB_0,1.516838,103.671551,25,621
shape_J34CWLMYJB_0,1.516792,103.671516,26,627
shape_J34CWLMYJB_0,1.516771,103.671495,27,630
shape_J34CWLMYJB_0,1.516677,103.671554,28,642
shape_J34CWLMYJB_0,1.516503,103.671682,29,666
shape_J34CWLMYJB_0,1.516347,103.671798,30,688
shape_J34CWLMYJB_0,1.516221,103.671894,31,706
shape_J34CWLMYJB_0,1.516084,103.671996,32,725
shape_J34CWLMYJB_0,1.516012,103.672028,33,734
shape_J34CWLMYJB_0,1.515983,103.672061,34,739
shape_J34CWLMYJB_0,1.516267,103.672503,35,797
shape_J34CWLMYJB_0,1.516471,103.672833,36,840
shape_J34CWLMYJB_0,1.516873,103.673479,37,925
shape_J34CWLMYJB_0,1.517205,103.674016,38,995
shape_J34CWLMYJB_0,1.517532,103.674507,39,1061
shape_J34CWLMYJB_0,1.51787,103.675054,40,1132
shape_J34CWLMYJB_0,1.518136,103.675472,41,1187
shape_J34CWLMYJB_0,1.518476,103.675982,42,1255
shape_J34CWLMYJB_0,1.51875,103.676341,43,1305
shape_J34CWLMYJB_0,1.519171,103.676933,44,1386
shape_J34CWLMYJB_0,1.519439,103.677332,45,1439
shape_J34CWLMYJB_0,1.519911,103.677933,46,1524
shape_J34CWLMYJB_0,1.520257,103.678325,47,1582
shape_J34CWLMYJB_0,1.520635,103.678915,48,1660
shape_J34CWLMYJB_0,1.52097,103.67924,49,1712
shape_J34CWLMYJB_0,1.521051,103.679476,50,1740
shape_J34CWLMYJB_0,1.521415,103.679865,51,1799
shape_J34CWLMYJB_0,1.521547,103.679915,52,1815
shape_J34CWLMYJB_0,1.521662,103.679926,53,1828
shape_J34CWLMYJB_0,1.521793,103.679827,54,1846
shape_J34CWLMYJB_0,1.522046,103.679631,55,1882
shape_J34CWLMYJB_0,1.522341,103.679548,56,1916
shape_J34CWLMYJB_0,1.522614,103.679368,57,1952
shape_J34CWLMYJB_0,1.5228961243089727,103.67914593617631,58,1992
shape_J34CWLMYJB_0,1.52311,103.67908,59,2017
shape_J34CWLMYJB_0,1.523378,103.678837,60,2057
shape_J34CWLMYJB_0,1.523724,103.678641,61,2101
shape_J34CWLMYJB_0,1.523898,103.678489,62,2127
shape_J34CWLMYJB_0,1.524067,103.678381,63,2149
shape_J34CWLMYJB_0,1.524274,103.678148,64,2184
shape_J34CWLMYJB_0,1.524424,103.67803,65,2205
shape_J34CWLMYJB_0,1.524762,103.677649,66,2262
shape_J34CWLMYJB_0,1.525065,103.677268,67,2316
shape_J34CWLMYJB_0,1.525486,103.676667,68,2398
shape_J34CWLMYJB_0,1.52573,103.676273,69,2450
shape_J34CWLMYJB_0,1.525982,103.675814,70,2508
shape_J34CWLMYJB_0,1.526164,103.675434,71,2555
shape_J34CWLMYJB_0,1.526306,103.675106,72,2595
shape_J34CWLMYJB_0,1.526505,103.674602,73,2655
shape_J34CWLMYJB_0,1.526612,103.674208,74,2700
shape_J34CWLMYJB_0,1.526912,103.673502,75,2785
shape_J34CWLMYJB_0,1.527113,103.672944,76,2851
shape_J34CWLMYJB_0,1.527403,103.672209,77,2939
shape_J34CWLMYJB_0,1.527754,103.671354,78,3042
shape_J34CWLMYJB_0,1.527896,103.670943,79,3090
shape_J34CWLMYJB_0,1.52808,103.67058,80,3135
shape_J34CWLMYJB_0,1.528397,103.670157,81,3194
shape_J34CWLMYJB_0,1.528668,103.669803,82,3244
shape_J34CWLMYJB_0,1.528829,103.669618,83,3271
shape_J34CWLMYJB_0,1.529143,103.669234,84,3326
shape_J34CWLMYJB_0,1.529534,103.668872,85,3385
shape_J34CWLMYJB_0,1.529810,103.668609,86,3427
shape_J34CWLMYJB_0,1.530202,103.668223,87,3488
shape_J34CWLMYJB_0,1.530591,103.667888,88,3545
shape_J34CWLMYJB_0,1.530698,103.668044,89,3566
shape_J34CWLMYJB_0,1.530370,103.668280,90,3611
shape_J34CWLMYJB_0,1.529995,103.668588,91,3665
shape_J34CWLMYJB_0,1.529274,103.669251,92,3774
shape_J34CWLMYJB_0,1.529124,103.669398,93,3797
shape_J34CWLMYJB_0,1.528850,103.669715,94,3844
shape_J34CWLMYJB_0,1.528566,103.670087,95,3896
shape_J34CWLMYJB_0,1.528314,103.670431,96,3943
shape_J34CWLMYJB_0,1.528191,103.670664,97,3972
shape_J34CWLMYJB_0,1.5281395499594441,103.67078054232788,98,3986
shape_J34CWLMYJB_0,1.52811,103.67087,99,3996
shape_J34CWLMYJB_0,1.527928,103.671252,100,4043
shape_J34CWLMYJB_0,1.527796,103.671590,101,4083
shape_J34CWLMYJB_0,1.527678,103.671850,102,4115
shape_J34CWLMYJB_0,1.527587,103.672204,103,4156
shape_J34CWLMYJB_0,1.527396,103.672771,104,4223
shape_J34CWLMYJB_0,1.527200,103.673272,105,4283
shape_J34CWLMYJB_0,1.526978,103.673713,106,4338
shape_J34CWLMYJB_0,1.526747,103.674319,107,4410
shape_J34CWLMYJB_0,1.526632,103.674611,108,4445
shape_J34CWLMYJB_0,1.526444,103.675110,109,4504
shape_J34CWLMYJB_0,1.526195,103.675676,110,4573
shape_J34CWLMYJB_0,1.525967,103.676094,111,4626
shape_J34CWLMYJB_0,1.525573,103.676712,112,4707
shape_J34CWLMYJB_0,1.525214,103.677257,113,4780
shape_J34CWLMYJB_0,1.524337,103.678279,114,4930
shape_J34CWLMYJB_0,1.523970,103.678566,115,4982
shape_J34CWLMYJB_0,1.523452,103.679008,116,5058
shape_J34CWLMYJB_0,1.522945,103.679354,117,5126
shape_J34CWLMYJB_0,1.52261,103.67966,118,5176
shape_J34CWLMYJB_0,1.51513,103.68491,119,6192
shape_J34CWLMYJB_0,1.51153,103.68748,120,6684
shape_J34CWLMYJB_0,1.50922,103.68902,121,6993
shape_J34CWLMYJB_0,1.508671,103.689268,122,7060
shape_J34CWLMYJB_0,1.508084,103.689588,123,7134
shape_J34CWLMYJB_0,1.507574,103.689864,124,7198
shape_J34CWLMYJB_0,1.506076,103.690878,125,7399
shape_J34CWLMYJB_0,1.505706,103.691068,126,7445
shape_J34CWLMYJB_0,1.504609,103.691975,127,7603
shape_J34CWLMYJB_0,1.503203,103.693157,128,7807
shape_J34CWLMYJB_0,1.501853,103.694579,129,8025
shape_J34CWLMYJB_0,1.501058,103.695523,130,8162
shape_J34CWLMYJB_0,1.50081,103.69585,131,8208
shape_J34CWLMYJB_0,1.49892,103.69862,132,8581
shape_J34CWLMYJB_0,1.49698,103.70152,133,8969
shape_J34CWLMYJB_0,1.49582,103.70333,134,9208
shape_J34CWLMYJB_0,1.49447,103.70527,135,9471
shape_J34CWLMYJB_0,1.49263,103.70768,136,9808
shape_J34CWLMYJB_0,1.48961,103.71202,137,10396
shape_J34CWLMYJB_0,1.489109,103.712664,138,10487
shape_J34CWLMYJB_0,1.488715,103.713147,139,10556
shape_J34CWLMYJB_0,1.488060,103.714013,140,10677
shape_J34CWLMYJB_0,1.4875643400364167,103.71471072883605,141,10772
shape_J34CWLMYJB_0,1.487409,103.715235,142,10833
shape_J34CWLMYJB_0,1.487401,103.715680,143,10882
shape_J34CWLMYJB_0,1.487484,103.715972,144,10916
shape_J34CWLMYJB_0,1.487578,103.716337,145,10958
shape_J34CWLMYJB_0,1.487623,103.716511,146,10978
shape_J34CWLMYJB_0,1.487605,103.716777,147,11008
shape_J34CWLMYJB_0,1.487532,103.716970,148,11031
shape_J34CWLMYJB_0,1.487417,103.717214,149,11061
shape_J34CWLMYJB_0,1.487095,103.717391,150,11102
shape_J34CWLMYJB_0,1.486873,103.717450,151,11128
shape_J34CWLMYJB_0,1.486087,103.717616,152,11217
shape_J34CWLMYJB_0,1.485575,103.717743,153,11276
shape_J34CWLMYJB_0,1.485253,103.717844,154,11314
shape_J34CWLMYJB_0,1.484864,103.718166,155,11370
shape_J34CWLMYJB_0,1.484695,103.718394,156,11402
shape_J34CWLMYJB_0,1.484494,103.718724,157,11445
shape_J34CWLMYJB_0,1.484135,103.719312,158,11522
shape_J34CWLMYJB_0,1.4839605943088363,103.71951303802872,159,11552
shape_J34CWLMYJB_0,1.48383,103.7197,160,11577
shape_J34CWLMYJB_0,1.483440,103.720264,161,11653
shape_J34CWLMYJB_0,1.482951,103.720969,162,11748
shape_J34CWLMYJB_0,1.482532,103.721597,163,11832
shape_J34CWLMYJB_0,1.482058,103.722158,164,11914
shape_J34CWLMYJB_0,1.481798,103.722439,165,11957
shape_J34CWLMYJB_0,1.481152,103.722971,166,12050
shape_J34CWLMYJB_0,1.480758,103.723228,167,12102
shape_J34CWLMYJB_0,1.479969,103.723620,168,12200
shape_J34CWLMYJB_0,1.479224,103.723845,169,12287
shape_J34CWLMYJB_0,1.478020,103.724088,170,12424
shape_J34CWLMYJB_0,1.477323,103.724222,171,12503
shape_J34CWLMYJB_0,1.476267,103.724501,172,12624
shape_J34CWLMYJB_0,1.475573,103.724613,173,12702
shape_J34CWLMYJB_0,1.47516,103.72474,174,12750
shape_J34CWLMYJB_0,1.474216,103.724965,175,12858
shape_J34CWLMYJB_0,1.472606,103.725338,176,13042
shape_J34CWLMYJB_0,1.471107,103.725777,177,13216
shape_J34CWLMYJB_0,1.469408,103.726324,178,13414
shape_J34CWLMYJB_0,1.468314,103.726713,179,13543
shape_J34CWLMYJB_0,1.467836,103.727072,180,13609
shape_J34CWLMYJB_0,1.467185,103.727676,181,13708
shape_J34CWLMYJB_0,1.466343,103.728405,182,13832
shape_J34CWLMYJB_0,1.465102,103.72956,183,14020
shape_J34CWLMYJB_0,1.46473,103.72993,184,14078
shape_J34CWLMYJB_0,1.46304,103.73155,185,14338
shape_J34CWLMYJB_0,1.462601,103.731986,186,14407
shape_J34CWLMYJB_0,1.462287,103.732276,187,14455
shape_J34CWLMYJB_0,1.461692,103.732909,188,14552
shape_J34CWLMYJB_0,1.461290,103.733478,189,14629
shape_J34CWLMYJB_0,1.460807,103.734250,190,14730
shape_J34CWLMYJB_0,1.460378,103.735074,191,14833
shape_J34CWLMYJB_0,1.460169,103.735623,192,14898
shape_J34CWLMYJB_0,1.459919,103.736523,193,15002
shape_J34CWLMYJB_0,1.459662,103.737650,194,15130
shape_J34CWLMYJB_0,1.459584,103.738123,195,15183
shape_J34CWLMYJB_0,1.45947,103.73857,196,15234
shape_J34CWLMYJB_0,1.45748,103.74656,197,16149
shape_J34CWLMYJB_0,1.45676,103.74912,198,16445
shape_J34CWLMYJB_0,1.456455,103.749636,199,16512
shape_J34CWLMYJB_0,1.456158,103.750223,200,16585
shape_J34CWLMYJB_0,1.455780,103.751001,201,16681
shape_J34CWLMYJB_0,1.455536,103.751602,202,16753
shape_J34CWLMYJB_0,1.455302,103.752272,203,16832
shape_J34CWLMYJB_0,1.455123,103.752793,204,16893
shape_J34CWLMYJB_0,1.454873,103.753691,205,16997
shape_J34CWLMYJB_0,1.454720,103.754212,206,17057
shape_J34CWLMYJB_0,1.454568,103.754887,207,17134
shape_J34CWLMYJB_0,1.454495,103.755388,208,17190
shape_J34CWLMYJB_0,1.454436,103.755949,209,17253
shape_J34CWLMYJB_0,1.454399,103.756430,210,17307
shape_J34CWLMYJB_0,1.454404,103.756907,211,17360
shape_J34CWLMYJB_0,1.454487,103.757739,212,17453
shape_J34CWLMYJB_0,1.454573,103.758186,213,17504
shape_J34CWLMYJB_0,1.454758,103.759045,214,17602
shape_J34CWLMYJB_0,1.454970,103.759930,215,17703
shape_J34CWLMYJB_0,1.455082,103.760544,216,17772
shape_J34CWLMYJB_0,1.455179,103.761072,217,17832
shape_J34CWLMYJB_0,1.455313,103.761641,218,17897
shape_J34CWLMYJB_0,1.45546,103.76188,219,17928
shape_J34CWLMYJB_0,1.45652,103.76484,220,18278
shape_J34CWLMYJB_0,1.456713,103.765211,221,18324
shape_J34CWLMYJB_0,1.456872,103.765415,222,18353
shape_J34CWLMYJB_0,1.4570562746329947,103.76570707242206,223,18391
shape_J34CWLMYJB_0,1.457256,103.766041,224,18434
shape_J34CWLMYJB_0,1.457432,103.766247,225,18464
shape_J34CWLMYJB_0,1.4576360440232168,103.76646690674592,226,18497
shape_J34CWLMYJB_0,1.457824,103.766545,227,18520
shape_J34CWLMYJB_0,1.457977,103.766625,228,18539
shape_J34CWLMYJB_0,1.458143,103.766682,229,18559
shape_J34CWLMYJB_0,1.458446,103.766735,230,18593
shape_J34CWLMYJB_0,1.458652,103.766789,231,18617
shape_J34CWLMYJB_0,1.458924,103.766844,232,18648
shape_J34CWLMYJB_0,1.459189,103.766946,233,18680
shape_J34CWLMYJB_0,1.459329,103.767083,234,18702
shape_J34CWLMYJB_0,1.459412,103.767196,235,18718
shape_J34CWLMYJB_0,1.459570,103.767150,236,18736
shape_J34CWLMYJB_0,1.459819,103.766943,237,18772
shape_J34CWLMYJB_0,1.460578,103.766509,238,18869
shape_J34CWLMYJB_0,1.461176,103.766182,239,18945
shape_J34CWLMYJB_0,1.462141,103.765613,240,19070
shape_J34CWLMYJB_0,1.462911,103.765203,241,19167
shape_J34CWLMYJB_0,1.463222,103.765086,242,19204
shape_J34CWLMYJB_0,1.46352,103.76496,243,19240
shape_J16CWLMYJB_0,1.5514,103.79759,0,0
shape_J16CWLMYJB_0,1.551657,103.797283,1,45
shape_J16CWLMYJB_0,1.551845,103.797095,2,75
shape_J16CWLMYJB_0,1.552059,103.796918,3,106
shape_J16CWLMYJB_0,1.552247,103.796752,4,134
shape_J16CWLMYJB_0,1.552376,103.796623,5,154
shape_J16CWLMYJB_0,1.552408,103.796537,6,164
shape_J16CWLMYJB_0,1.552325,103.796497,7,174
shape_J16CWLMYJB_0,1.552255,103.796457,8,183
shape_J16CWLMYJB_0,1.552167,103.796435,9,193
shape_J16CWLMYJB_0,1.552097,103.796454,10,201
shape_J16CWLMYJB_0,1.551998,103.796534,11,215
shape_J16CWLMYJB_0,1.551797,103.796738,12,247
shape_J16CWLMYJB_0,1.551587,103.797009,13,285
shape_J16CWLMYJB_0,1.551365,103.797234,14,320
shape_J16CWLMYJB_0,1.550979,103.79765,15,383
shape_J16CWLMYJB_0,1.550837,103.797803,16,406
shape_J16CWLMYJB_0,1.550239,103.79831,17,493
shape_J16CWLMYJB_0,1.550043,103.798425,18,518
shape_J16CWLMYJB_0,1.549729,103.798683,19,563
shape_J16CWLMYJB_0,1.54944,103.798946,20,606
shape_J16CWLMYJB_0,1.549188,103.799125,21,640
shape_J16CWLMYJB_0,1.548933,103.79938,22,680
shape_J16CWLMYJB_0,1.548681,103.799045,23,727
shape_J16CWLMYJB_0,1.548501,103.798525,24,788
shape_J16CWLMYJB_0,1.548421,103.798152,25,830
shape_J16CWLMYJB_0,1.548274,103.797683,26,885
shape_J16CWLMYJB_0,1.548134,103.797371,27,923
shape_J16CWLMYJB_0,1.547724,103.796747,28,1006
shape_J16CWLMYJB_0,1.547208812311448,103.796017635582,29,1105
shape_J16CWLMYJB_0,1.54684,103.79545,30,1180
shape_J16CWLMYJB_0,1.54388,103.792,31,1685
shape_J16CWLMYJB_0,1.53383,103.78399,32,3114
shape_J16CWLMYJB_0,1.53165,103.782,33,3442
shape_J16CWLMYJB_0,1.531257,103.781703,34,3497
shape_J16CWLMYJB_0,1.530836,103.781427,35,3553
shape_J16CWLMYJB_0,1.530418,103.781223,36,3605
shape_J16CWLMYJB_0,1.530088,103.781086,37,3645
shape_J16CWLMYJB_0,1.529664,103.780912,38,3696
shape_J16CWLMYJB_0,1.529412,103.780837,39,3725
shape_J16CWLMYJB_0,1.529158,103.780832,40,3753
shape_J16CWLMYJB_0,1.528855,103.78081,41,3787
shape_J16CWLMYJB_0,1.528388,103.780767,42,3839
shape_J16CWLMYJB_0,1.527983,103.780636,43,3886
shape_J16CWLMYJB_0,1.527675,103.780421,44,3928
shape_J16CWLMYJB_0,1.527399,103.780051,45,3979
shape_J16CWLMYJB_0,1.527219,103.779566,46,4037
shape_J16CWLMYJB_0,1.527053,103.779136,47,4088
shape_J16CWLMYJB_0,1.526956,103.778375,48,4173
shape_J16CWLMYJB_0,1.52697,103.777959,49,4219
shape_J16CWLMYJB_0,1.526919,103.776985,50,4327
shape_J16CWLMYJB_0,1.52686,103.776291,51,4404
shape_J16CWLMYJB_0,1.526671,103.775498,52,4495
shape_J16CWLMYJB_0,1.52639,103.77486,53,4572
shape_J16CWLMYJB_0,1.52486,103.77133,54,5000
shape_J16CWLMYJB_0,1.52462,103.77055,55,5091
shape_J16CWLMYJB_0,1.524534,103.770131,56,5139
shape_J16CWLMYJB_0,1.524491,103.769777,57,5179
shape_J16CWLMYJB_0,1.52447,103.769359,58,5226
shape_J16CWLMYJB_0,1.524362,103.768962,59,5272
shape_J16CWLMYJB_0,1.52403,103.768522,60,5333
shape_J16CWLMYJB_0,1.523772,103.768211,61,5378
shape_J16CWLMYJB_0,1.52344,103.767567,62,5459
shape_J16CWLMYJB_0,1.523193,103.767395,63,5492
shape_J16CWLMYJB_0,1.523065,103.766934,64,5545
shape_J16CWLMYJB_0,1.523011,103.766612,65,5581
shape_J16CWLMYJB_0,1.522786,103.76621,66,5632
shape_J16CWLMYJB_0,1.52257,103.7658,67,5684
shape_J16CWLMYJB_0,1.520233,103.760498,68,6328
shape_J16CWLMYJB_0,1.5198,103.76002,69,6400
shape_J16CWLMYJB_0,1.519075,103.759369,70,6508
shape_J16CWLMYJB_0,1.518678,103.759198,71,6556
shape_J16CWLMYJB_0,1.518142,103.758876,72,6626
shape_J16CWLMYJB_0,1.517960,103.758683,73,6655
shape_J16CWLMYJB_0,1.517584,103.758436,74,6705
shape_J16CWLMYJB_0,1.517960,103.757814,75,6786
shape_J16CWLMYJB_0,1.518206,103.756805,76,6901
shape_J16CWLMYJB_0,1.518248,103.756022,77,6988
shape_J16CWLMYJB_0,1.51829,103.75546,78,7051
shape_J16CWLMYJB_0,1.5185,103.75312,79,7312
shape_J16CWLMYJB_0,1.518828,103.752578,80,7382
shape_J16CWLMYJB_0,1.519525,103.752170,81,7472
shape_J16CWLMYJB_0,1.520094,103.751891,82,7542
shape_J16CWLMYJB_0,1.520491,103.751655,83,7593
shape_J16CWLMYJB_0,1.52064,103.751271,84,7639
shape_J16CWLMYJB_0,1.5208,103.75059,85,7717
shape_J16CWLMYJB_0,1.520952,103.749980,86,7787
shape_J16CWLMYJB_0,1.521102,103.749057,87,7891
shape_J16CWLMYJB_0,1.521177,103.748371,88,7968
shape_J16CWLMYJB_0,1.521026,103.747687,89,8046
shape_J16CWLMYJB_0,1.52065,103.74692,90,8141
shape_J16CWLMYJB_0,1.51938,103.74577,91,8331
shape_J16CWLMYJB_0,1.51802,103.74456,92,8533
shape_J16CWLMYJB_0,1.51594,103.74284,93,8833
shape_J16CWLMYJB_0,1.515595,103.742477,94,8889
shape_J16CWLMYJB_0,1.515456,103.742048,95,8939
shape_J16CWLMYJB_0,1.515327,103.741498,96,9002
shape_J16CWLMYJB_0,1.51531,103.74072,97,9089
shape_J16CWLMYJB_0,1.51457,103.73727,98,9481
shape_J16CWLMYJB_0,1.51365,103.73552,99,9701
shape_J16CWLMYJB_0,1.51219,103.73375,100,9956
shape_J16CWLMYJB_0,1.511738,103.733134,101,10041
shape_J16CWLMYJB_0,1.51121,103.73359,102,10119
shape_J16CWLMYJB_0,1.510822,103.733797,103,10168
shape_J16CWLMYJB_0,1.510447,103.733926,104,10212
shape_J16CWLMYJB_0,1.510125,103.734001,105,10249
shape_J16CWLMYJB_0,1.509728,103.733894,106,10295
shape_J16CWLMYJB_0,1.509181,103.733722,107,10359
shape_J16CWLMYJB_0,1.508720,103.733593,108,10412
shape_J16CWLMYJB_0,1.508152,103.733540,109,10475
shape_J16CWLMYJB_0,1.507169,103.733676,110,10585
shape_J16CWLMYJB_0,1.50616,103.73375,111,10697
shape_J16CWLMYJB_0,1.505546,103.733690,112,10766
shape_J16CWLMYJB_0,1.505041,103.733776,113,10823
shape_J16CWLMYJB_0,1.504509,103.734145,114,10895
shape_J16CWLMYJB_0,1.50409,103.73447,115,10954
shape_J16CWLMYJB_0,1.50235,103.73544,116,11175
shape_J16CWLMYJB_0,1.501787,103.735374,117,11238
shape_J16CWLMYJB_0,1.501197,103.735460,118,11304
shape_J16CWLMYJB_0,1.500607,103.735578,119,11371
shape_J16CWLMYJB_0,1.500286,103.735932,120,11424
shape_J16CWLMYJB_0,1.499706,103.736307,121,11501
shape_J16CWLMYJB_0,1.499342,103.736458,122,11545
shape_J16CWLMYJB_0,1.498631,103.736677,123,11628
shape_J16CWLMYJB_0,1.49802,103.73717,124,11715
shape_J16CWLMYJB_0,1.49608,103.73834,125,11967
shape_J16CWLMYJB_0,1.495320,103.738755,126,12063
shape_J16CWLMYJB_0,1.494773,103.739013,127,12130
shape_J16CWLMYJB_0,1.494322,103.739603,128,12213
shape_J16CWLMYJB_0,1.493979,103.739935,129,12266
shape_J16CWLMYJB_0,1.4938718015179446,103.74020595337296,130,12298
shape_J16CWLMYJB_0,1.493757,103.740413,131,12324
shape_J16CWLMYJB_0,1.493652,103.740667,132,12355
shape_J16CWLMYJB_0,1.493612,103.740853,133,12376
shape_J16CWLMYJB_0,1.493582,103.741059,134,12399
shape_J16CWLMYJB_0,1.493590,103.741204,135,12415
shape_J16CWLMYJB_0,1.493682,103.741496,136,12449
shape_J16CWLMYJB_0,1.493805,103.741773,137,12483
shape_J16CWLMYJB_0,1.494062219457639,103.7423514196434,138,12553
shape_J16CWLMYJB_0,1.4942738453932503,103.74247839384839,139,12580
shape_J16CWLMYJB_0,1.4944319331674392,103.74259105026243,140,12602
shape_J16CWLMYJB_0,1.4944914942631018,103.74274866864778,141,12621
shape_J16CWLMYJB_0,1.494529,103.742876,142,12636
shape_J16CWLMYJB_0,1.494564,103.743040,143,12655
shape_J16CWLMYJB_0,1.494617,103.743174,144,12671
shape_J16CWLMYJB_0,1.494666,103.743300,145,12686
shape_J16CWLMYJB_0,1.494706,103.743351,146,12693
shape_J16CWLMYJB_0,1.494875,103.743311,147,12712
shape_J16CWLMYJB_0,1.4949904618560752,103.74328504662704,148,12725
shape_J16CWLMYJB_0,1.4949175705506448,103.74283340377424,149,12776
shape_J16CWLMYJB_0,1.49487,103.74263,150,12799
shape_J16CWLMYJB_0,1.494945,103.742766,151,12816
shape_J16CWLMYJB_0,1.494974,103.742946,152,12836
shape_J16CWLMYJB_0,1.494987,103.743085,153,12852
shape_J16CWLMYJB_0,1.495012,103.743174,154,12862
shape_J16CWLMYJB_0,1.495025,103.743238,155,12869
shape_J16CWLMYJB_0,1.495054,103.743265,156,12873
shape_J16CWLMYJB_0,1.495189,103.743246,157,12888
shape_J16CWLMYJB_0,1.495368,103.743219,158,12908
shape_J16CWLMYJB_0,1.495414,103.743150,159,12917
shape_J16CWLMYJB_0,1.495438,103.743075,160,12926
shape_J16CWLMYJB_0,1.495406,103.742916,161,12944
shape_J16CWLMYJB_0,1.495368,103.742731,162,12965
shape_J16CWLMYJB_0,1.495296,103.742409,163,13002
shape_J16CWLMYJB_0,1.495242,103.742152,164,13031
shape_J16CWLMYJB_0,1.495143,103.741819,165,13070
shape_J16CWLMYJB_0,1.495127,103.741699,166,13083
shape_J16CWLMYJB_0,1.494842,103.741731,167,13115
shape_J16CWLMYJB_0,1.494596,103.741814,168,13144
shape_J16CWLMYJB_0,1.494191,103.741876,169,13190
shape_J16CWLMYJB_0,1.493955,103.741924,170,13217
shape_J16CWLMYJB_0,1.493765,103.741991,171,13239
shape_J16CWLMYJB_0,1.493507,103.741334,172,13317
shape_J16CWLMYJB_0,1.493338,103.741125,173,13347
shape_J16CWLMYJB_0,1.493188,103.740956,174,13372
shape_J16CWLMYJB_0,1.493015,103.740764,175,13401
shape_J16CWLMYJB_0,1.492835,103.740684,176,13423
shape_J16CWLMYJB_0,1.492612,103.740587,177,13450
shape_J16CWLMYJB_0,1.492438,103.740595,178,13469
shape_J16CWLMYJB_0,1.492228,103.740669,179,13494
shape_J16CWLMYJB_0,1.491747,103.740822,180,13550
shape_J16CWLMYJB_0,1.491518,103.740861,181,13576
shape_J16CWLMYJB_0,1.491317,103.740896,182,13599
shape_J16CWLMYJB_0,1.491071,103.740898,183,13626
shape_J16CWLMYJB_0,1.490907,103.740882,184,13644
shape_J16CWLMYJB_0,1.490404,103.740829,185,13700
shape_J16CWLMYJB_0,1.490093,103.740759,186,13735
shape_J16CWLMYJB_0,1.489851,103.740689,187,13763
shape_J16CWLMYJB_0,1.489374,103.740587,188,13817
shape_J16CWLMYJB_0,1.488967,103.740464,189,13864
shape_J16CWLMYJB_0,1.488725,103.740373,190,13893
shape_J16CWLMYJB_0,1.488146,103.740174,191,13961
shape_J16CWLMYJB_0,1.488007,103.740223,192,13977
shape_J16CWLMYJB_0,1.487814,103.740309,193,14000
shape_J16CWLMYJB_0,1.487712,103.740427,194,14017
shape_J16CWLMYJB_0,1.487642,103.740625,195,14040
shape_J16CWLMYJB_0,1.487621,103.740797,196,14059
shape_J16CWLMYJB_0,1.487653,103.740925,197,14074
shape_J16CWLMYJB_0,1.487669,103.741049,198,14088
shape_J16CWLMYJB_0,1.487744,103.741145,199,14102
shape_J16CWLMYJB_0,1.487824,103.741247,200,14116
shape_J16CWLMYJB_0,1.487926,103.741317,201,14130
shape_J16CWLMYJB_0,1.488050,103.741397,202,14146
shape_J16CWLMYJB_0,1.488216,103.741387,203,14164
shape_J16CWLMYJB_0,1.488355,103.741387,204,14179
shape_J16CWLMYJB_0,1.488495,103.741274,205,14199
shape_J16CWLMYJB_0,1.4886291869624646,103.74114508465574,206,14220
shape_J16CWLMYJB_0,1.488779,103.740850,207,14257
shape_J16CWLMYJB_0,1.4888866373930878,103.73996564418029,208,14356
shape_J16CWLMYJB_0,1.488956,103.739557,209,14402
shape_J16CWLMYJB_0,1.4888056288667817,103.7391707632294,210,14448
shape_J16CWLMYJB_0,1.4885858299931343,103.73892400992584,211,14485
shape_J16CWLMYJB_0,1.488339008434939,103.73886045172881,212,14513
shape_J16CWLMYJB_0,1.488089,103.738944,213,14542
shape_J16CWLMYJB_0,1.487966,103.739040,214,14559
shape_J16CWLMYJB_0,1.487853,103.739249,215,14585
shape_J16CWLMYJB_0,1.487859,103.739625,216,14627
shape_J16CWLMYJB_0,1.487939,103.739721,217,14641
shape_J16CWLMYJB_0,1.488003,103.739893,218,14661
shape_J16CWLMYJB_0,1.488196,103.740000,219,14686
shape_J16CWLMYJB_0,1.488475,103.740118,220,14720
shape_J16CWLMYJB_0,1.489038,103.740295,221,14786
shape_J16CWLMYJB_0,1.489505,103.740446,222,14841
shape_J16CWLMYJB_0,1.489982,103.740601,223,14897
shape_J16CWLMYJB_0,1.490411,103.740703,224,14946
shape_J16CWLMYJB_0,1.490738,103.740773,225,14983
shape_J16CWLMYJB_0,1.4908131674711576,103.74070308465578,226,14994
shape_J16CWLMYJB_0,1.4908239952151456,103.74059572023774,227,15006
shape_J16CWLMYJB_0,1.490626,103.740371,228,15039
shape_J16CWLMYJB_0,1.490475,103.740172,229,15067
shape_J16CWLMYJB_0,1.490363,103.739834,230,15107
shape_J16CWLMYJB_0,1.490277,103.739673,231,15127
shape_J16CWLMYJB_0,1.490111,103.739566,232,15149
shape_J16CWLMYJB_0,1.489993,103.739426,233,15169
shape_J16CWLMYJB_0,1.489832,103.739260,234,15195
shape_J16CWLMYJB_0,1.489768,103.739046,235,15220
shape_J16CWLMYJB_0,1.489752,103.738810,236,15246
shape_J16CWLMYJB_0,1.489821,103.738633,237,15267
shape_J16CWLMYJB_0,1.489950,103.738514,238,15287
shape_J16CWLMYJB_0,1.490132,103.738348,239,15314
shape_J16CWLMYJB_0,1.490352,103.738179,240,15345
shape_J16CWLMYJB_0,1.490658,103.737879,241,15393
shape_J16CWLMYJB_0,1.490894,103.737562,242,15437
shape_J16CWLMYJB_0,1.490963,103.737230,243,15475
shape_J16CWLMYJB_0,1.490974,103.736639,244,15541
shape_J16CWLMYJB_0,1.490996,103.736202,245,15590
shape_J16CWLMYJB_0,1.491036,103.735704,246,15646
shape_J16CWLMYJB_0,1.49102,103.735121,247,15711
shape_J16CWLMYJB_0,1.491017,103.734147,248,15819
shape_J16CWLMYJB_0,1.491001,103.733563,249,15884
shape_J16CWLMYJB_0,1.490990,103.733346,250,15908
shape_J16CWLMYJB_0,1.490878,103.732799,251,15970
shape_J16CWLMYJB_0,1.49066,103.73225,252,16036
shape_J16CWLMYJB_0,1.49049,103.73158,253,16113
shape_J16CWLMYJB_0,1.490282,103.730980,254,16184
shape_J16CWLMYJB_0,1.490036,103.730444,255,16250
shape_J16CWLMYJB_0,1.489805,103.730036,256,16302
shape_J16CWLMYJB_0,1.489569,103.729585,257,16359
shape_J16CWLMYJB_0,1.489269,103.728974,258,16435
shape_J16CWLMYJB_0,1.489083373936309,103.72827482209013,259,16515
shape_J16CWLMYJB_0,1.48892,103.72769,260,16582
shape_J16CWLMYJB_0,1.488807,103.727202,261,16638
shape_J16CWLMYJB_0,1.488683,103.726912,262,16673
shape_J16CWLMYJB_0,1.488555,103.726655,263,16705
shape_J16CWLMYJB_0,1.488383,103.726215,264,16758
shape_J16CWLMYJB_0,1.488072,103.725753,265,16820
shape_J16CWLMYJB_0,1.487783,103.725362,266,16874
shape_J16CWLMYJB_0,1.487541,103.724949,267,16927
shape_J16CWLMYJB_0,1.487359,103.724756,268,16956
shape_J16CWLMYJB_0,1.487171,103.724337,269,17007
shape_J16CWLMYJB_0,1.487032,103.723930,270,17055
shape_J16CWLMYJB_0,1.486903,103.723452,271,17110
shape_J16CWLMYJB_0,1.486882,103.723280,272,17129
shape_J16CWLMYJB_0,1.487471,103.723211,273,17195
shape_J16CWLMYJB_0,1.488067,103.723146,274,17262
shape_J16CWLMYJB_0,1.4880755608681653,103.72284278769683,275,17296
shape_J16CWLMYJB_0,1.48805,103.72266,276,17317
shape_J16CWLMYJB_0,1.487995,103.722232,277,17365
shape_J16CWLMYJB_0,1.488011,103.722114,278,17378
shape_J16CWLMYJB_0,1.488880,103.721963,279,17476
shape_J16CWLMYJB_0,1.489341,103.721926,280,17527
shape_J16CWLMYJB_0,1.489701,103.721845,281,17568
shape_J16CWLMYJB_0,1.490001,103.721861,282,17601
shape_J16CWLMYJB_0,1.490242,103.721883,283,17628
shape_J16CWLMYJB_0,1.490510,103.722001,284,17661
shape_J16CWLMYJB_0,1.490882,103.722202,285,17708
shape_J16CWLMYJB_0,1.491268,103.722492,286,17762
shape_J16CWLMYJB_0,1.491676,103.722765,287,17817
shape_J16CWLMYJB_0,1.492056,103.722996,288,17866
shape_J16CWLMYJB_0,1.492265,103.723082,289,17891
shape_J16CWLMYJB_0,1.492485,103.723077,290,17915
shape_J16CWLMYJB_0,1.492668,103.723018,291,17936
shape_J16CWLMYJB_0,1.492796,103.722808,292,17963
shape_J16CWLMYJB_0,1.49305,103.72251,293,18007
shape_J16CWLMYJB_0,1.49431,103.7208,294,18243
shape_J16CWLMYJB_0,1.49665,103.71755,295,18688
shape_J16CWLMYJB_0,1.496936,103.717099,296,18747
shape_J16CWLMYJB_0,1.497103,103.716772,297,18788
shape_J16CWLMYJB_0,1.497242,103.716498,298,18822
shape_J16CWLMYJB_0,1.497446,103.716026,299,18879
shape_J16CWLMYJB_0,1.497494,103.715356,300,18954
shape_J16CWLMYJB_0,1.497478,103.714363,301,19064
shape_J16CWLMYJB_0,1.497495,103.713568,302,19152
shape_J16CWLMYJB_0,1.49763,103.71266,303,19254
shape_J16CWLMYJB_0,1.49909,103.71063,304,19532
shape_J16CWLMYJB_0,1.499277,103.710180,305,19586
shape_J16CWLMYJB_0,1.499540,103.709707,306,19646
shape_J16CWLMYJB_0,1.499706,103.709391,307,19686
shape_J16CWLMYJB_0,1.500076,103.709032,308,19743
shape_J16CWLMYJB_0,1.500344,103.708796,309,19783
shape_J16CWLMYJB_0,1.500634,103.708506,310,19829
shape_J16CWLMYJB_0,1.500551,103.708369,311,19847
shape_J16CWLMYJB_0,1.50034,103.70824,312,19874
shape_J16CWLMYJB_0,1.500013,103.707985,313,19920
shape_J16CWLMYJB_0,1.499772,103.707856,314,19950
shape_J16CWLMYJB_0,1.499407,103.707615,315,19999
shape_J16CWLMYJB_0,1.499112,103.707427,316,20038
shape_J16CWLMYJB_0,1.499559,103.70669,317,20134
shape_J16CWLMYJB_0,1.49967,103.70644,318,20164
shape_J16CWLMYJB_0,1.500556,103.704948,319,20357
shape_J16CWLMYJB_0,1.500785,103.704566,320,20407
shape_J16CWLMYJB_0,1.500930,103.704314,321,20439
shape_J16CWLMYJB_0,1.501091,103.704067,322,20472
shape_J16CWLMYJB_0,1.501230,103.703810,323,20504
shape_J16CWLMYJB_0,1.501027,103.703638,324,20534
shape_J16CWLMYJB_0,1.500737,103.703423,325,20574
shape_J16CWLMYJB_0,1.499890,103.702887,326,20685
shape_J16CWLMYJB_0,1.499370,103.702554,327,20754
shape_J16CWLMYJB_0,1.498689,103.702104,328,20845
shape_J16CWLMYJB_0,1.498024,103.701648,329,20935
shape_J16CWLMYJB_0,1.497600,103.701361,330,20992
shape_J16CWLMYJB_0,1.497262,103.701130,331,21038
shape_J16CWLMYJB_0,1.496726,103.701956,332,21147
shape_J16CWLMYJB_0,1.496367,103.702471,333,21217
shape_J16CWLMYJB_0,1.496112,103.702799,334,21263
shape_J16CWLMYJB_0,1.49582,103.70333,335,21330
shape_J20CWLMYJB_0,1.48682,103.88541,0,0
shape_J20CWLMYJB_0,1.48697,103.88542,1,17
shape_J20CWLMYJB_0,1.48699,103.88508,2,55
shape_J20CWLMYJB_0,1.48694,103.88505,3,61
shape_J20CWLMYJB_0,1.48646,103.88503,4,114
shape_J20CWLMYJB_0,1.48648,103.8848,5,140
shape_J20CWLMYJB_0,1.48649,103.88473,6,148
shape_J20CWLMYJB_0,1.4865,103.88448,7,176
shape_J20CWLMYJB_0,1.48652,103.88389,8,242
shape_J20CWLMYJB_0,1.48653,103.8838,9,252
shape_J20CWLMYJB_0,1.48654,103.88358,10,276
shape_J20CWLMYJB_0,1.48657,103.88329,11,308
shape_J20CWLMYJB_0,1.48664,103.88289,12,353
shape_J20CWLMYJB_0,1.48667,103.88277,13,367
shape_J20CWLMYJB_0,1.48669,103.88268,14,377
shape_J20CWLMYJB_0,1.48673,103.88255,15,392
shape_J20CWLMYJB_0,1.48684,103.88239,16,414
shape_J20CWLMYJB_0,1.48691,103.88232,17,425
shape_J20CWLMYJB_0,1.48714,103.88212,18,459
shape_J20CWLMYJB_0,1.48728,103.88201,19,479
shape_J20CWLMYJB_0,1.48732,103.88197,20,485
shape_J20CWLMYJB_0,1.48771,103.88175,21,535
shape_J20CWLMYJB_0,1.48771,103.88167,22,544
shape_J20CWLMYJB_0,1.48775,103.88162,23,551
shape_J20CWLMYJB_0,1.48782,103.88161,24,559
shape_J20CWLMYJB_0,1.48808399686518,103.881531500317,25,590
shape_J20CWLMYJB_0,1.488115472391908,103.88153396502972,26,594
shape_J20CWLMYJB_0,1.48819,103.88152,27,602
shape_J20CWLMYJB_0,1.48828,103.88148,28,613
shape_J20CWLMYJB_0,1.48885,103.88123,29,682
shape_J20CWLMYJB_0,1.4889,103.88137,30,699
shape_J20CWLMYJB_0,1.48901,103.88135,31,711
shape_J20CWLMYJB_0,1.48915,103.88132,32,727
shape_J20CWLMYJB_0,1.48945,103.88129,33,761
shape_J20CWLMYJB_0,1.48981,103.88125,34,801
shape_J20CWLMYJB_0,1.48995,103.88122,35,817
shape_J20CWLMYJB_0,1.49005,103.88121,36,828
shape_J20CWLMYJB_0,1.49014,103.88118,37,839
shape_J20CWLMYJB_0,1.49021,103.88115,38,847
shape_J20CWLMYJB_0,1.49026,103.88111,39,854
shape_J20CWLMYJB_0,1.49043,103.88095,40,880
shape_J20CWLMYJB_0,1.49044030563854,103.88084737898,41,891
shape_J20CWLMYJB_0,1.49049,103.8809,42,899
shape_J20CWLMYJB_0,1.49069,103.88069,43,931
shape_J20CWLMYJB_0,1.49077,103.88062,44,943
shape_J20CWLMYJB_0,1.49113,103.8803,45,997
shape_J20CWLMYJB_0,1.49151,103.87997,46,1053
shape_J20CWLMYJB_0,1.49162,103.87987,47,1070
shape_J20CWLMYJB_0,1.49172,103.87978,48,1085
shape_J20CWLMYJB_0,1.4919,103.8796,49,1113
shape_J20CWLMYJB_0,1.49205,103.87945,50,1137
shape_J20CWLMYJB_0,1.49229,103.8792,51,1176
shape_J20CWLMYJB_0,1.49232,103.87916,52,1182
shape_J20CWLMYJB_0,1.49238,103.879,53,1201
shape_J20CWLMYJB_0,1.49241,103.87892,54,1210
shape_J20CWLMYJB_0,1.49246,103.87868,55,1237
shape_J20CWLMYJB_0,1.49248,103.87855,56,1252
shape_J20CWLMYJB_0,1.4924409995560246,103.87854179294821,57,1256
shape_J20CWLMYJB_0,1.492416,103.878536,58,1259
shape_J20CWLMYJB_0,1.492382,103.878524,59,1263
shape_J20CWLMYJB_0,1.492370,103.878508,60,1265
shape_J20CWLMYJB_0,1.492364,103.878481,61,1268
shape_J20CWLMYJB_0,1.492367,103.878402,62,1277
shape_J20CWLMYJB_0,1.492370,103.878335,63,1284
shape_J20CWLMYJB_0,1.492386,103.878234,64,1295
shape_J20CWLMYJB_0,1.492401,103.878214,65,1298
shape_J20CWLMYJB_0,1.492418,103.878208,66,1300
shape_J20CWLMYJB_0,1.492432059915589,103.87820463615893,67,1302
shape_J20CWLMYJB_0,1.49245,103.87819,68,1305
shape_J20CWLMYJB_0,1.4924235162396187,103.87817323619366,69,1308
shape_J20CWLMYJB_0,1.492414,103.878170,70,1309
shape_J20CWLMYJB_0,1.492404,103.878166,71,1310
shape_J20CWLMYJB_0,1.492397,103.878164,72,1311
shape_J20CWLMYJB_0,1.492387,103.878163,73,1312
shape_J20CWLMYJB_0,1.492380,103.878172,74,1313
shape_J20CWLMYJB_0,1.492382,103.878226,75,1319
shape_J20CWLMYJB_0,1.492368,103.878301,76,1327
shape_J20CWLMYJB_0,1.492359,103.878433,77,1342
shape_J20CWLMYJB_0,1.49236,103.87849,78,1348
shape_J20CWLMYJB_0,1.49239,103.87853,79,1354
shape_J20CWLMYJB_0,1.49248,103.87855,80,1364
shape_J20CWLMYJB_0,1.49253,103.87831,81,1391
shape_J20CWLMYJB_0,1.49257,103.87777,82,1451
shape_J20CWLMYJB_0,1.49262,103.87747,83,1485
shape_J20CWLMYJB_0,1.49265,103.87734,84,1500
shape_J20CWLMYJB_0,1.49271,103.87699,85,1539
shape_J20CWLMYJB_0,1.49286,103.8761,86,1639
shape_J20CWLMYJB_0,1.49289,103.87595,87,1656
shape_J20CWLMYJB_0,1.49291,103.87579,88,1674
shape_J20CWLMYJB_0,1.49289,103.87565,89,1690
shape_J20CWLMYJB_0,1.49291,103.87549,90,1708
shape_J20CWLMYJB_0,1.49295,103.87523,91,1737
shape_J20CWLMYJB_0,1.49298,103.87502,92,1761
shape_J20CWLMYJB_0,1.49303,103.87463,93,1805
shape_J20CWLMYJB_0,1.493078,103.874256,94,1847
shape_J20CWLMYJB_0,1.49309,103.87426,95,1848
shape_J20CWLMYJB_0,1.49324,103.87342,96,1943
shape_J20CWLMYJB_0,1.49326,103.87337,97,1949
shape_J20CWLMYJB_0,1.4933,103.87305,98,1985
shape_J20CWLMYJB_0,1.49334,103.87272,99,2022
shape_J20CWLMYJB_0,1.4934,103.87253,100,2044
shape_J20CWLMYJB_0,1.49342,103.87228,101,2072
shape_J20CWLMYJB_0,1.49344,103.87228,102,2074
shape_J20CWLMYJB_0,1.49346,103.87222,103,2081
shape_J20CWLMYJB_0,1.49349,103.87202,104,2103
shape_J20CWLMYJB_0,1.49359,103.87162,105,2149
shape_J20CWLMYJB_0,1.49372,103.87134,106,2183
shape_J20CWLMYJB_0,1.49383,103.87118,107,2205
shape_J20CWLMYJB_0,1.49406,103.87095,108,2241
shape_J20CWLMYJB_0,1.49493,103.87036,109,2358
shape_J20CWLMYJB_0,1.49531,103.87009,110,2410
shape_J20CWLMYJB_0,1.49548,103.86988,111,2440
shape_J20CWLMYJB_0,1.49567,103.86957,112,2480
shape_J20CWLMYJB_0,1.49589,103.86879,113,2570
shape_J20CWLMYJB_0,1.49612,103.86786,114,2676
shape_J20CWLMYJB_0,1.49627,103.86746,115,2723
shape_J20CWLMYJB_0,1.49632,103.86735,116,2736
shape_J20CWLMYJB_0,1.49648,103.86707,117,2772
shape_J20CWLMYJB_0,1.49671,103.8668,118,2811
shape_J20CWLMYJB_0,1.49724,103.8663,119,2892
shape_J20CWLMYJB_0,1.49754,103.86603,120,2937
shape_J20CWLMYJB_0,1.49821,103.86543,121,3037
shape_J20CWLMYJB_0,1.49891,103.86481,122,3141
shape_J20CWLMYJB_0,1.49905,103.86469,123,3162
shape_J20CWLMYJB_0,1.49917,103.86455,124,3182
shape_J20CWLMYJB_0,1.49921,103.86451,125,3188
shape_J20CWLMYJB_0,1.49928,103.86436,126,3206
shape_J20CWLMYJB_0,1.49935,103.8642,127,3225
shape_J20CWLMYJB_0,1.49937,103.86415,128,3231
shape_J20CWLMYJB_0,1.49954,103.86372,129,3282
shape_J20CWLMYJB_0,1.49964132979013,103.863302917783,130,3330
shape_J20CWLMYJB_0,1.49971,103.86334,131,3339
shape_J20CWLMYJB_0,1.4999,103.86291,132,3391
shape_J20CWLMYJB_0,1.50006,103.86257,133,3433
shape_J20CWLMYJB_0,1.50027,103.8621,134,3490
shape_J20CWLMYJB_0,1.50042,103.86177,135,3530
shape_J20CWLMYJB_0,1.5005,103.86159,136,3552
shape_J20CWLMYJB_0,1.50059,103.86139,137,3576
shape_J20CWLMYJB_0,1.50062,103.86131,138,3585
shape_J20CWLMYJB_0,1.50067,103.86109,139,3610
shape_J20CWLMYJB_0,1.50069,103.86098,140,3622
shape_J20CWLMYJB_0,1.5007,103.86078,141,3644
shape_J20CWLMYJB_0,1.50067,103.8605,142,3675
shape_J20CWLMYJB_0,1.50065,103.86025,143,3703
shape_J20CWLMYJB_0,1.50059,103.85959,144,3777
shape_J20CWLMYJB_0,1.50056,103.85933,145,3806
shape_J20CWLMYJB_0,1.50055,103.85926,146,3814
shape_J20CWLMYJB_0,1.50052,103.85866,147,3881
shape_J20CWLMYJB_0,1.50055,103.85853,148,3896
shape_J20CWLMYJB_0,1.50066,103.85832,149,3922
shape_J20CWLMYJB_0,1.50073,103.85817,150,3940
shape_J20CWLMYJB_0,1.50113,103.85732,151,4044
shape_J20CWLMYJB_0,1.50116,103.85727,152,4050
shape_J20CWLMYJB_0,1.50138,103.85679,153,4109
shape_J20CWLMYJB_0,1.50139,103.85679,154,4110
shape_J20CWLMYJB_0,1.50159,103.85638,155,4161
shape_J20CWLMYJB_0,1.50163,103.85629,156,4172
shape_J20CWLMYJB_0,1.50167,103.85621,157,4182
shape_J20CWLMYJB_0,1.50173,103.85609,158,4197
shape_J20CWLMYJB_0,1.50184,103.8559,159,4221
shape_J20CWLMYJB_0,1.50193,103.85576,160,4240
shape_J20CWLMYJB_0,1.50202,103.85564,161,4257
shape_J20CWLMYJB_0,1.50219,103.85548,162,4283
shape_J20CWLMYJB_0,1.50222,103.85546,163,4287
shape_J20CWLMYJB_0,1.5024,103.85524,164,4319
shape_J20CWLMYJB_0,1.50254,103.85499,165,4351
shape_J20CWLMYJB_0,1.50303,103.85391,166,4483
shape_J20CWLMYJB_0,1.50322,103.85349,167,4534
shape_J20CWLMYJB_0,1.50338,103.85309,168,4582
shape_J20CWLMYJB_0,1.5034,103.8531,169,4584
shape_J20CWLMYJB_0,1.50355,103.85276,170,4625
shape_J20CWLMYJB_0,1.5036,103.85264,171,4639
shape_J20CWLMYJB_0,1.50384,103.85214,172,4701
shape_J20CWLMYJB_0,1.50414,103.85167,173,4763
shape_J20CWLMYJB_0,1.50426,103.85148,174,4788
shape_J20CWLMYJB_0,1.50456,103.85074,175,4877
shape_J20CWLMYJB_0,1.50465,103.85047,176,4909
shape_J20CWLMYJB_0,1.50516,103.8485,177,5135
shape_J20CWLMYJB_0,1.50522,103.84827,178,5161
shape_J20CWLMYJB_0,1.50528,103.84811,179,5180
shape_J20CWLMYJB_0,1.50537,103.84788,180,5207
shape_J20CWLMYJB_0,1.50544,103.84773,181,5225
shape_J20CWLMYJB_0,1.50575,103.84696,182,5317
shape_J20CWLMYJB_0,1.50579,103.84686,183,5329
shape_J20CWLMYJB_0,1.50603,103.8462,184,5407
shape_J20CWLMYJB_0,1.50604,103.84617,185,5411
shape_J20CWLMYJB_0,1.50621,103.84566,186,5471
shape_J20CWLMYJB_0,1.50686,103.84334,187,5739
shape_J20CWLMYJB_0,1.50704,103.84273,188,5810
shape_J20CWLMYJB_0,1.50718,103.84229,189,5861
shape_J20CWLMYJB_0,1.5074,103.8415,190,5952
shape_J20CWLMYJB_0,1.50751,103.84114,191,5994
shape_J20CWLMYJB_0,1.50762,103.84084,192,6030
shape_J20CWLMYJB_0,1.50814,103.83952,193,6188
shape_J20CWLMYJB_0,1.50833,103.83908,194,6241
shape_J20CWLMYJB_0,1.50937,103.83671,195,6529
shape_J20CWLMYJB_0,1.51024,103.83471,196,6771
shape_J20CWLMYJB_0,1.51057,103.83414,197,6844
shape_J20CWLMYJB_0,1.51088,103.83357,198,6916
shape_J20CWLMYJB_0,1.51104,103.83338,199,6944
shape_J20CWLMYJB_0,1.5112,103.83327,200,6966
shape_J20CWLMYJB_0,1.51182,103.83297,201,7043
shape_J20CWLMYJB_0,1.51201,103.83285,202,7068
shape_J20CWLMYJB_0,1.51216,103.83272,203,7090
shape_J20CWLMYJB_0,1.51233,103.83255,204,7117
shape_J20CWLMYJB_0,1.5125,103.83232,205,7149
shape_J20CWLMYJB_0,1.51326,103.83113,206,7306
shape_J20CWLMYJB_0,1.5135,103.83073,207,7358
shape_J20CWLMYJB_0,1.51354,103.83065,208,7368
shape_J20CWLMYJB_0,1.51382,103.83018,209,7429
shape_J20CWLMYJB_0,1.51387,103.8301,210,7439
shape_J20CWLMYJB_0,1.51393,103.83005,211,7448
shape_J20CWLMYJB_0,1.5142,103.82987,212,7484
shape_J20CWLMYJB_0,1.51459,103.8296,213,7537
shape_J20CWLMYJB_0,1.51473,103.82949,214,7557
shape_J20CWLMYJB_0,1.51502,103.82926,215,7598
shape_J20CWLMYJB_0,1.51514,103.82913,216,7618
shape_J20CWLMYJB_0,1.51529,103.82899,217,7641
shape_J20CWLMYJB_0,1.51539,103.82886,218,7659
shape_J20CWLMYJB_0,1.51545,103.82875,219,7673
shape_J20CWLMYJB_0,1.51552,103.82857,220,7694
shape_J20CWLMYJB_0,1.51557,103.82848,221,7705
shape_J20CWLMYJB_0,1.51578,103.8281,222,7753
shape_J20CWLMYJB_0,1.51587,103.82797,223,7771
shape_J20CWLMYJB_0,1.51602,103.82781,224,7795
shape_J20CWLMYJB_0,1.51605,103.82779,225,7799
shape_J20CWLMYJB_0,1.51621,103.82767,226,7821
shape_J20CWLMYJB_0,1.51627,103.82765,227,7828
shape_J20CWLMYJB_0,1.51627,103.82764,228,7829
shape_J20CWLMYJB_0,1.51637,103.8276,229,7841
shape_J20CWLMYJB_0,1.51652,103.82757,230,7858
shape_J20CWLMYJB_0,1.51678,103.82756,231,7887
shape_J20CWLMYJB_0,1.51708,103.82754,232,7920
shape_J20CWLMYJB_0,1.51722,103.82751,233,7936
shape_J20CWLMYJB_0,1.51734,103.82746,234,7950
shape_J20CWLMYJB_0,1.51759,103.82732,235,7982
shape_J20CWLMYJB_0,1.51786,103.82709,236,8021
shape_J20CWLMYJB_0,1.51872,103.82621,237,8158
shape_J20CWLMYJB_0,1.51916,103.82576,238,8228
shape_J20CWLMYJB_0,1.51935,103.82559,239,8256
shape_J20CWLMYJB_0,1.5196,103.82534,240,8295
shape_J20CWLMYJB_0,1.51999,103.82494,241,8357
shape_J20CWLMYJB_0,1.52019,103.82471,242,8391
shape_J20CWLMYJB_0,1.52035,103.8245,243,8420
shape_J20CWLMYJB_0,1.52015,103.82438,244,8446
shape_J20CWLMYJB_0,1.51955,103.82504,245,8545
shape_J20CWLMYJB_0,1.51938133843487,103.825353217762,246,8585
shape_J20CWLMYJB_0,1.51931,103.82529,247,8596
shape_J20CWLMYJB_0,1.51902,103.82561,248,8644
shape_J20CWLMYJB_0,1.51882,103.82542,249,8675
shape_J20CWLMYJB_0,1.5186,103.82521,250,8709
shape_J20CWLMYJB_0,1.51875,103.82503,251,8735
shape_J20CWLMYJB_0,1.51895,103.82479,252,8770
shape_J20CWLMYJB_0,1.51913,103.82461,253,8798
shape_J20CWLMYJB_0,1.51927,103.82447,254,8820
shape_J20CWLMYJB_0,1.51946,103.82429,255,8849
shape_J20CWLMYJB_0,1.51964,103.82409,256,8879
shape_J20CWLMYJB_0,1.51992,103.82423,257,8914
shape_J20CWLMYJB_0,1.52015,103.82438,258,8945
shape_J20CWLMYJB_0,1.52035,103.8245,259,8971
shape_J20CWLMYJB_0,1.52042,103.82433,260,8991
shape_J20CWLMYJB_0,1.52043,103.82435,261,8993
shape_J20CWLMYJB_0,1.52044,103.82434,262,8995
shape_J20CWLMYJB_0,1.52053,103.82415,263,9018
shape_J20CWLMYJB_0,1.52058,103.82401,264,9035
shape_J20CWLMYJB_0,1.52077,103.82349,265,9097
shape_J20CWLMYJB_0,1.52091,103.82286,266,9169
shape_J20CWLMYJB_0,1.52093,103.82234,267,9227
shape_J20CWLMYJB_0,1.52092,103.8222,268,9243
shape_J20CWLMYJB_0,1.52089,103.82216,269,9249
shape_J20CWLMYJB_0,1.52086,103.82202,270,9265
shape_J20CWLMYJB_0,1.52084,103.82176,271,9294
shape_J20CWLMYJB_0,1.52083,103.82164,272,9307
shape_J20CWLMYJB_0,1.52082,103.82148,273,9325
shape_J20CWLMYJB_0,1.52084,103.82125,274,9351
shape_J20CWLMYJB_0,1.52089,103.82104,275,9375
shape_J20CWLMYJB_0,1.52093,103.82093,276,9388
shape_J20CWLMYJB_0,1.521,103.82081,277,9403
shape_J20CWLMYJB_0,1.52106,103.82071,278,9416
shape_J20CWLMYJB_0,1.52113,103.82058,279,9432
shape_J20CWLMYJB_0,1.52122,103.82044,280,9451
shape_J20CWLMYJB_0,1.52122,103.82044,281,9451
shape_J20CWLMYJB_0,1.52139,103.82017,282,9486
shape_J20CWLMYJB_0,1.52149,103.82004,283,9504
shape_J20CWLMYJB_0,1.52171,103.81971,284,9548
shape_J20CWLMYJB_0,1.52177,103.81962,285,9560
shape_J20CWLMYJB_0,1.52192,103.81938,286,9591
shape_J20CWLMYJB_0,1.52234,103.81869,287,9681
shape_J20CWLMYJB_0,1.52303,103.81781,288,9805
shape_J20CWLMYJB_0,1.52308,103.81776,289,9813
shape_J20CWLMYJB_0,1.52328,103.8176,290,9841
shape_J20CWLMYJB_0,1.52336,103.81755,291,9851
shape_J20CWLMYJB_0,1.52357,103.81743,292,9878
shape_J20CWLMYJB_0,1.524,103.81724,293,9930
shape_J20CWLMYJB_0,1.52423,103.81714,294,9958
shape_J20CWLMYJB_0,1.52448,103.81708,295,9987
shape_J20CWLMYJB_0,1.52474,103.81704,296,10016
shape_J20CWLMYJB_0,1.52489,103.81702,297,10033
shape_J20CWLMYJB_0,1.52523,103.81696,298,10071
shape_J20CWLMYJB_0,1.5259,103.81689,299,10146
shape_J20CWLMYJB_0,1.52599,103.81688,300,10156
shape_J20CWLMYJB_0,1.52614,103.81684,301,10173
shape_J20CWLMYJB_0,1.52614,103.81684,302,10173
shape_J20CWLMYJB_0,1.52629,103.81679,303,10191
shape_J20CWLMYJB_0,1.52653,103.81661,304,10224
shape_J20CWLMYJB_0,1.52694,103.81618,305,10290
shape_J20CWLMYJB_0,1.527,103.81598,306,10313
shape_J20CWLMYJB_0,1.52699,103.81584,307,10329
shape_J20CWLMYJB_0,1.52696,103.81566,308,10349
shape_J20CWLMYJB_0,1.52675,103.81554,309,10376
shape_J20CWLMYJB_0,1.52657,103.8154,310,10401
shape_J20CWLMYJB_0,1.52622,103.81514,311,10449
shape_J20CWLMYJB_0,1.52594,103.81493,312,10488
shape_J20CWLMYJB_0,1.52553,103.81457,313,10549
shape_J20CWLMYJB_0,1.52535,103.81443,314,10574
shape_J20CWLMYJB_0,1.52533,103.8144,315,10578
shape_J20CWLMYJB_0,1.52488,103.81405,316,10641
shape_J20CWLMYJB_0,1.52452,103.81378,317,10691
shape_J20CWLMYJB_0,1.524,103.81339,318,10763
shape_J20CWLMYJB_0,1.52355,103.81303,319,10827
shape_J20CWLMYJB_0,1.52334,103.81286,320,10857
shape_J20CWLMYJB_0,1.52325,103.81282,321,10868
shape_J20CWLMYJB_0,1.52326,103.8128,322,10870
shape_J20CWLMYJB_0,1.52313,103.8127,323,10888
shape_J20CWLMYJB_0,1.52294,103.81255,324,10915
shape_J20CWLMYJB_0,1.52279,103.81243,325,10936
shape_J20CWLMYJB_0,1.5227,103.81237,326,10948
shape_J20CWLMYJB_0,1.52276,103.81229,327,10959
shape_J20CWLMYJB_0,1.52343,103.81139,328,11084
shape_J20CWLMYJB_0,1.52347,103.81143,329,11090
shape_J20CWLMYJB_0,1.52352,103.81137,330,11099
shape_J20CWLMYJB_0,1.52391,103.81086,331,11170
shape_J20CWLMYJB_0,1.52401,103.81072,332,11189
shape_J20CWLMYJB_0,1.52411,103.81049,333,11217
shape_J20CWLMYJB_0,1.52418,103.81024,334,11246
shape_J20CWLMYJB_0,1.52419,103.81005,335,11267
shape_J20CWLMYJB_0,1.52415,103.80969,336,11307
shape_J20CWLMYJB_0,1.52399,103.80895,337,11391
shape_J20CWLMYJB_0,1.52395,103.80869,338,11420
shape_J20CWLMYJB_0,1.52394,103.80848,339,11443
shape_J20CWLMYJB_0,1.52396,103.80824,340,11470
shape_J20CWLMYJB_0,1.52418,103.80761,341,11544
shape_J20CWLMYJB_0,1.52419,103.80761,342,11545
shape_J20CWLMYJB_0,1.52431,103.80731,343,11581
shape_J20CWLMYJB_0,1.52441,103.80706,344,11611
shape_J20CWLMYJB_0,1.52445,103.80697,345,11622
shape_J20CWLMYJB_0,1.52456,103.8067,346,11654
shape_J20CWLMYJB_0,1.52472,103.80631,347,11701
shape_J20CWLMYJB_0,1.52488,103.80591,348,11749
shape_J20CWLMYJB_0,1.52498,103.80569,349,11776
shape_J20CWLMYJB_0,1.52507,103.80548,350,11801
shape_J20CWLMYJB_0,1.52516,103.80527,351,11826
shape_J20CWLMYJB_0,1.52543,103.80451,352,11916
shape_J20CWLMYJB_0,1.52565,103.80392,353,11986
shape_J20CWLMYJB_0,1.52593,103.8031,354,12082
shape_J20CWLMYJB_0,1.52604,103.80261,355,12138
shape_J20CWLMYJB_0,1.5261,103.8023,356,12173
shape_J20CWLMYJB_0,1.52639,103.80088,357,12334
shape_J20CWLMYJB_0,1.526422,103.800695,358,12355
shape_J20CWLMYJB_0,1.52642,103.80069,359,12356
shape_J20CWLMYJB_0,1.52651,103.80024,360,12407
shape_J20CWLMYJB_0,1.52656,103.80003,361,12431
shape_J20CWLMYJB_0,1.5267,103.79939,362,12504
shape_J20CWLMYJB_0,1.52681,103.79884,363,12566
shape_J20CWLMYJB_0,1.526865,103.798388,364,12617
shape_J20CWLMYJB_0,1.5269,103.7984,365,12621
shape_J20CWLMYJB_0,1.52703,103.79787,366,12682
shape_J20CWLMYJB_0,1.52711,103.79761,367,12712
shape_J20CWLMYJB_0,1.52717,103.79746,368,12730
shape_J20CWLMYJB_0,1.52729,103.79724,369,12758
shape_J20CWLMYJB_0,1.52781,103.79645,370,12863
shape_J20CWLMYJB_0,1.52787,103.79636,371,12875
shape_J20CWLMYJB_0,1.52799,103.79592,372,12926
shape_J20CWLMYJB_0,1.52812,103.79601,373,12944
shape_J20CWLMYJB_0,1.52835,103.79569,374,12988
shape_J20CWLMYJB_0,1.52852,103.79552,375,13015
shape_J20CWLMYJB_0,1.52913,103.79498,376,13106
shape_J20CWLMYJB_0,1.52955,103.79464,377,13166
shape_J20CWLMYJB_0,1.52979,103.79442,378,13202
shape_J20CWLMYJB_0,1.5298,103.79443,379,13204
shape_J20CWLMYJB_0,1.5302,103.7941,380,13262
shape_J20CWLMYJB_0,1.53037,103.79395,381,13287
shape_J20CWLMYJB_0,1.5307,103.79366,382,13336
shape_J20CWLMYJB_0,1.53098,103.79346,383,13374
shape_J20CWLMYJB_0,1.53105,103.7934,384,13384
shape_J20CWLMYJB_0,1.53133,103.79318,385,13424
shape_J20CWLMYJB_0,1.5318,103.79276,386,13494
shape_J20CWLMYJB_0,1.53196,103.79258,387,13521
shape_J20CWLMYJB_0,1.53199,103.79261,388,13526
shape_J20CWLMYJB_0,1.53233,103.79234,389,13574
shape_J20CWLMYJB_0,1.53262,103.79207,390,13618
shape_J20CWLMYJB_0,1.53287,103.79187,391,13654
shape_J20CWLMYJB_0,1.53304,103.79172,392,13679
shape_J20CWLMYJB_0,1.53358,103.79128,393,13756
shape_J20CWLMYJB_0,1.53386,103.79105,394,13796
shape_J20CWLMYJB_0,1.53399,103.79095,395,13814
shape_J20CWLMYJB_0,1.53414,103.79082,396,13836
shape_J20CWLMYJB_0,1.53472,103.79029,397,13923
shape_J20CWLMYJB_0,1.53485,103.79014,398,13945
shape_J20CWLMYJB_0,1.53493,103.79002,399,13961
shape_J20CWLMYJB_0,1.53513,103.78953,400,14020
shape_J20CWLMYJB_0,1.53514,103.78954,401,14022
shape_J20CWLMYJB_0,1.53522,103.78919,402,14062
shape_J20CWLMYJB_0,1.53527,103.78866,403,14121
shape_J20CWLMYJB_0,1.53533,103.78776,404,14221
shape_J20CWLMYJB_0,1.53542,103.78743,405,14259
shape_J20CWLMYJB_0,1.53549,103.78705,406,14302
shape_J20CWLMYJB_0,1.53555,103.78686,407,14324
shape_J20CWLMYJB_0,1.53566,103.78658,408,14357
shape_J20CWLMYJB_0,1.5357,103.78639,409,14379
shape_J20CWLMYJB_0,1.5357,103.7862,410,14400
shape_J20CWLMYJB_0,1.53563,103.78599,411,14425
shape_J20CWLMYJB_0,1.53551,103.7858,412,14450
shape_J20CWLMYJB_0,1.53545,103.78572,413,14461
shape_J20CWLMYJB_0,1.53536,103.78564,414,14474
shape_J20CWLMYJB_0,1.53522,103.7855,415,14496
shape_J20CWLMYJB_0,1.53505,103.78534,416,14522
shape_J20CWLMYJB_0,1.53458,103.78489,417,14594
shape_J20CWLMYJB_0,1.53439,103.78464,418,14629
shape_J20CWLMYJB_0,1.53436,103.78454,419,14641
shape_J20CWLMYJB_0,1.53418,103.78434,420,14671
shape_J20CWLMYJB_0,1.53413,103.78425,421,14682
shape_J20CWLMYJB_0,1.53383,103.78399,422,14726
shape_J20CWLMYJB_0,1.53384,103.78398,423,14728
shape_J20CWLMYJB_0,1.53384,103.78398,424,14728
shape_J20CWLMYJB_0,1.53376,103.7839,425,14741
shape_J20CWLMYJB_0,1.53352,103.78368,426,14777
shape_J20CWLMYJB_0,1.53307,103.78329,427,14843
shape_J20CWLMYJB_0,1.53227,103.78255,428,14964
shape_J20CWLMYJB_0,1.53216,103.78244,429,14981
shape_J20CWLMYJB_0,1.53192,103.78221,430,15018
shape_J20CWLMYJB_0,1.53177,103.78209,431,15039
shape_J20CWLMYJB_0,1.53165,103.782,432,15056
shape_J20CWLMYJB_0,1.53166,103.78199,433,15058
shape_J20CWLMYJB_0,1.5312,103.78165,434,15122
shape_J20CWLMYJB_0,1.53101,103.78152,435,15148
shape_J20CWLMYJB_0,1.53076,103.78137,436,15180
shape_J20CWLMYJB_0,1.5305,103.78125,437,15212
shape_J20CWLMYJB_0,1.52976,103.78096,438,15300
shape_J20CWLMYJB_0,1.52941,103.78084,439,15341
shape_J20CWLMYJB_0,1.52917,103.78081,440,15368
shape_J20CWLMYJB_0,1.52904,103.78081,441,15382
shape_J20CWLMYJB_0,1.5286,103.78081,442,15431
shape_J20CWLMYJB_0,1.52835,103.78077,443,15459
shape_J20CWLMYJB_0,1.52826,103.78074,444,15470
shape_J20CWLMYJB_0,1.52807,103.78067,445,15493
shape_J20CWLMYJB_0,1.52786,103.78056,446,15519
shape_J20CWLMYJB_0,1.52768,103.78043,447,15544
shape_J20CWLMYJB_0,1.52753,103.78026,448,15569
shape_J20CWLMYJB_0,1.52745,103.78013,449,15586
shape_J20CWLMYJB_0,1.52721,103.77953,450,15658
shape_J20CWLMYJB_0,1.52717,103.77941,451,15672
shape_J20CWLMYJB_0,1.52704,103.77905,452,15715
shape_J20CWLMYJB_0,1.52703,103.77897,453,15724
shape_J20CWLMYJB_0,1.527,103.77869,454,15755
shape_J20CWLMYJB_0,1.52696,103.77807,455,15824
shape_J20CWLMYJB_0,1.52695,103.77772,456,15863
shape_J20CWLMYJB_0,1.52692,103.77724,457,15916
shape_J20CWLMYJB_0,1.52691,103.77703,458,15939
shape_J20CWLMYJB_0,1.5269,103.77665,459,15981
shape_J20CWLMYJB_0,1.52688,103.77638,460,16011
shape_J20CWLMYJB_0,1.52683,103.77612,461,16040
shape_J20CWLMYJB_0,1.52675,103.7757,462,16088
shape_J20CWLMYJB_0,1.5266,103.77527,463,16139
shape_J20CWLMYJB_0,1.52643,103.77488,464,16186
shape_J20CWLMYJB_0,1.52639,103.77486,465,16191
shape_J20CWLMYJB_0,1.52641,103.77485,466,16193
shape_J20CWLMYJB_0,1.52615,103.77427,467,16264
shape_J20CWLMYJB_0,1.526,103.77394,468,16304
shape_J20CWLMYJB_0,1.52591,103.7737,469,16332
shape_J20CWLMYJB_0,1.52584,103.77354,470,16351
shape_J20CWLMYJB_0,1.5255,103.77278,471,16444
shape_J20CWLMYJB_0,1.52544,103.77266,472,16459
shape_J20CWLMYJB_0,1.52533,103.77242,473,16488
shape_J20CWLMYJB_0,1.52514,103.77196,474,16543
shape_J20CWLMYJB_0,1.52504,103.7717,475,16574
shape_J20CWLMYJB_0,1.52486,103.77133,476,16620
shape_J20CWLMYJB_0,1.52488,103.77132,477,16622
shape_J20CWLMYJB_0,1.52482,103.77118,478,16639
shape_J20CWLMYJB_0,1.52464,103.77072,479,16694
shape_J20CWLMYJB_0,1.52457,103.77045,480,16725
shape_J20CWLMYJB_0,1.52453,103.77009,481,16765
shape_J20CWLMYJB_0,1.52452,103.76971,482,16807
shape_J20CWLMYJB_0,1.52451,103.76963,483,16816
shape_J20CWLMYJB_0,1.52446,103.76929,484,16854
shape_J20CWLMYJB_0,1.52443,103.76921,485,16863
shape_J20CWLMYJB_0,1.52438,103.76905,486,16882
shape_J20CWLMYJB_0,1.52426,103.76882,487,16911
shape_J20CWLMYJB_0,1.52383,103.7682,488,16995
shape_J20CWLMYJB_0,1.5234,103.7675,489,17086
shape_J20CWLMYJB_0,1.52318,103.76711,490,17136
shape_J20CWLMYJB_0,1.52313,103.76703,491,17146
shape_J20CWLMYJB_0,1.52286,103.76652,492,17210
shape_J20CWLMYJB_0,1.52267,103.76608,493,17263
shape_J20CWLMYJB_0,1.52257,103.7658,494,17296
shape_J20CWLMYJB_0,1.52225,103.76506,495,17386
shape_J20CWLMYJB_0,1.52221,103.76496,496,17398
shape_J20CWLMYJB_0,1.52192,103.7643,497,17478
shape_J20CWLMYJB_0,1.52181,103.76404,498,17509
shape_J20CWLMYJB_0,1.5216,103.76356,499,17567
shape_J20CWLMYJB_0,1.5209,103.7618,500,17778
shape_J20CWLMYJB_0,1.52081,103.7616,501,17802
shape_J20CWLMYJB_0,1.52075,103.76143,502,17822
shape_J20CWLMYJB_0,1.52065,103.76118,503,17852
shape_J20CWLMYJB_0,1.52059,103.76107,504,17866
shape_J20CWLMYJB_0,1.52056,103.76098,505,17877
shape_J20CWLMYJB_0,1.52053,103.76089,506,17888
shape_J20CWLMYJB_0,1.52042,103.76066,507,17916
shape_J20CWLMYJB_0,1.5203,103.76046,508,17942
shape_J20CWLMYJB_0,1.52003,103.76009,509,17993
shape_J20CWLMYJB_0,1.51996,103.76,510,18006
shape_J20CWLMYJB_0,1.51989,103.75991,511,18019
shape_J20CWLMYJB_0,1.51979,103.75981,512,18035
shape_J20CWLMYJB_0,1.51972,103.75973,513,18047
shape_J20CWLMYJB_0,1.5194,103.75945,514,18094
shape_J20CWLMYJB_0,1.51924,103.75932,515,18117
shape_J20CWLMYJB_0,1.51905,103.75918,516,18143
shape_J20CWLMYJB_0,1.51884,103.75905,517,18170
shape_J20CWLMYJB_0,1.51866,103.75894,518,18193
shape_J20CWLMYJB_0,1.51832,103.75879,519,18234
shape_J20CWLMYJB_0,1.51795,103.75867,520,18277
shape_J20CWLMYJB_0,1.5176,103.75856,521,18318
shape_J20CWLMYJB_0,1.51706,103.7584,522,18381
shape_J20CWLMYJB_0,1.51631,103.75812,523,18470
shape_J20CWLMYJB_0,1.51571,103.75803,524,18537
shape_J20CWLMYJB_0,1.51555,103.75805,525,18555
shape_J20CWLMYJB_0,1.5155,103.75804,526,18561
shape_J20CWLMYJB_0,1.51534,103.75804,527,18579
shape_J20CWLMYJB_0,1.51509,103.75804,528,18607
shape_J20CWLMYJB_0,1.51474,103.75813,529,18647
shape_J20CWLMYJB_0,1.51473,103.75809,530,18652
shape_J20CWLMYJB_0,1.51425,103.75826,531,18709
shape_J20CWLMYJB_0,1.51398,103.75839,532,18742
shape_J20CWLMYJB_0,1.51387,103.75846,533,18756
shape_J20CWLMYJB_0,1.51367,103.7586,534,18783
shape_J20CWLMYJB_0,1.51357,103.75868,535,18797
shape_J20CWLMYJB_0,1.51337,103.75886,536,18827
shape_J20CWLMYJB_0,1.513,103.75927,537,18888
shape_J20CWLMYJB_0,1.5128,103.7595,538,18922
shape_J20CWLMYJB_0,1.5126,103.75967,539,18951
shape_J20CWLMYJB_0,1.51235,103.75984,540,18985
shape_J20CWLMYJB_0,1.51205,103.76007,541,19027
shape_J20CWLMYJB_0,1.51159,103.76031,542,19085
shape_J20CWLMYJB_0,1.51137,103.76042,543,19112
shape_J20CWLMYJB_0,1.51097,103.76059,544,19160
shape_J20CWLMYJB_0,1.5105,103.76076,545,19216
shape_J20CWLMYJB_0,1.51002,103.76094,546,19273
shape_J20CWLMYJB_0,1.50984,103.7611,547,19300
shape_J20CWLMYJB_0,1.50981,103.76102,548,19309
shape_J20CWLMYJB_0,1.50936,103.76117,549,19362
shape_J20CWLMYJB_0,1.50866,103.7614,550,19444
shape_J20CWLMYJB_0,1.50738,103.76183,551,19594
shape_J20CWLMYJB_0,1.50714,103.7619,552,19622
shape_J20CWLMYJB_0,1.50667,103.7621,553,19679
shape_J20CWLMYJB_0,1.50636,103.76229,554,19719
shape_J20CWLMYJB_0,1.5062,103.76241,555,19741
shape_J20CWLMYJB_0,1.50609,103.76255,556,19761
shape_J20CWLMYJB_0,1.50606,103.76252,557,19766
shape_J20CWLMYJB_0,1.5057,103.76288,558,19823
shape_J20CWLMYJB_0,1.50529,103.76336,559,19893
shape_J20CWLMYJB_0,1.50504,103.76362,560,19933
shape_J20CWLMYJB_0,1.50482,103.76384,561,19968
shape_J20CWLMYJB_0,1.50462,103.76402,562,19998
shape_J20CWLMYJB_0,1.50442,103.76413,563,20023
shape_J20CWLMYJB_0,1.50437,103.76418,564,20031
shape_J20CWLMYJB_0,1.5043,103.7642,565,20039
shape_J20CWLMYJB_0,1.5039,103.76437,566,20087
shape_J20CWLMYJB_0,1.5038,103.76441,567,20099
shape_J20CWLMYJB_0,1.50372,103.76451,568,20113
shape_J20CWLMYJB_0,1.5037,103.76444,569,20121
shape_J20CWLMYJB_0,1.50329,103.76456,570,20169
shape_J20CWLMYJB_0,1.5028,103.76471,571,20226
shape_J20CWLMYJB_0,1.50249,103.76479,572,20262
shape_J20CWLMYJB_0,1.50245,103.76486,573,20271
shape_J20CWLMYJB_0,1.50222,103.76494,574,20298
shape_J20CWLMYJB_0,1.50181,103.76507,575,20346
shape_J20CWLMYJB_0,1.50165,103.76517,576,20367
shape_J20CWLMYJB_0,1.50147,103.7652,577,20387
shape_J20CWLMYJB_0,1.50135,103.7652,578,20400
shape_J20CWLMYJB_0,1.50132,103.7652,579,20403
shape_J20CWLMYJB_0,1.50118,103.76519,580,20419
shape_J20CWLMYJB_0,1.50113,103.76521,581,20425
shape_J20CWLMYJB_0,1.50113,103.76519,582,20427
shape_J20CWLMYJB_0,1.50082,103.76525,583,20462
shape_J20CWLMYJB_0,1.5007,103.76521,584,20476
shape_J20CWLMYJB_0,1.50051,103.76524,585,20497
shape_J20CWLMYJB_0,1.50038,103.76526,586,20512
shape_J20CWLMYJB_0,1.50012,103.76532,587,20542
shape_J20CWLMYJB_0,1.49992,103.76535,588,20564
shape_J20CWLMYJB_0,1.49978,103.76537,589,20580
shape_J20CWLMYJB_0,1.49951,103.76542,590,20611
shape_J20CWLMYJB_0,1.49887,103.76553,591,20683
shape_J20CWLMYJB_0,1.49853,103.7656,592,20722
shape_J20CWLMYJB_0,1.49824,103.76566,593,20755
shape_J20CWLMYJB_0,1.49793,103.76572,594,20790
shape_J20CWLMYJB_0,1.49704,103.76587,595,20890
shape_J20CWLMYJB_0,1.49624,103.76602,596,20981
shape_J20CWLMYJB_0,1.49577,103.76611,597,21034
shape_J20CWLMYJB_0,1.49553,103.76617,598,21062
shape_J20CWLMYJB_0,1.49517,103.76624,599,21103
shape_J20CWLMYJB_0,1.49509,103.76625,600,21112
shape_J20CWLMYJB_0,1.49488,103.7663,601,21136
shape_J20CWLMYJB_0,1.49436,103.76639,602,21195
shape_J20CWLMYJB_0,1.49432,103.76647,603,21205
shape_J20CWLMYJB_0,1.49431,103.7664,604,21213
shape_J20CWLMYJB_0,1.49394,103.76647,605,21255
shape_J20CWLMYJB_0,1.49345,103.76656,606,21310
shape_J20CWLMYJB_0,1.49273,103.76669,607,21391
shape_J20CWLMYJB_0,1.49276,103.76687,608,21411
shape_J20CWLMYJB_0,1.49279,103.76714,609,21441
shape_J20CWLMYJB_0,1.49281,103.76729,610,21458
shape_J20CWLMYJB_0,1.49285,103.76766,611,21499
shape_J20CWLMYJB_0,1.49281,103.76771,612,21506
shape_J20CWLMYJB_0,1.49299,103.76936,613,21690
shape_J20CWLMYJB_0,1.49296,103.76959,614,21716
shape_J20CWLMYJB_0,1.49287,103.76972,615,21734
shape_J20CWLMYJB_0,1.49272,103.76981,616,21753
shape_J20CWLMYJB_0,1.49181,103.76992,617,21855
shape_J20CWLMYJB_0,1.49159,103.76997,618,21880
shape_J20CWLMYJB_0,1.4915,103.7691,619,21977
shape_J20CWLMYJB_0,1.49148,103.76889,620,22000
shape_J20CWLMYJB_0,1.4914,103.76828,621,22068
shape_J20CWLMYJB_0,1.49136,103.76793,622,22107
shape_J20CWLMYJB_0,1.49137,103.76791,623,22109
shape_J20CWLMYJB_0,1.49139,103.76781,624,22120
shape_J20CWLMYJB_0,1.4914,103.76773,625,22129
shape_J20CWLMYJB_0,1.49176,103.76766,626,22170
shape_J20CWLMYJB_0,1.49171,103.76734,627,22206
shape_J20CWLMYJB_0,1.49166,103.76699,628,22245
shape_J20CWLMYJB_0,1.49166,103.76706,629,22253
shape_J20CWLMYJB_0,1.49171,103.76734,630,22285
shape_J20CWLMYJB_0,1.49176,103.76766,631,22321
shape_J20CWLMYJB_0,1.49258,103.7675,632,22414
shape_J20CWLMYJB_0,1.49272,103.76741,633,22433
shape_J20CWLMYJB_0,1.49274,103.76732,634,22443
shape_J20CWLMYJB_0,1.4927,103.76715,635,22462
shape_J20CWLMYJB_0,1.49265,103.76687,636,22494
shape_J20CWLMYJB_0,1.49262,103.76672,637,22511
shape_J20CWLMYJB_0,1.49248,103.76674,638,22527
shape_J20CWLMYJB_0,1.4909,103.76704,639,22706
shape_J20CWLMYJB_0,1.49061,103.76708,640,22739
shape_J20CWLMYJB_0,1.49031,103.7671,641,22772
shape_J20CWLMYJB_0,1.48965,103.76705,642,22846
shape_J20CWLMYJB_0,1.48924,103.76696,643,22893
shape_J20CWLMYJB_0,1.48906,103.76691,644,22914
shape_J20CWLMYJB_0,1.48849,103.76674,645,22980
shape_J20CWLMYJB_0,1.48813,103.76664,646,23022
shape_J20CWLMYJB_0,1.48753,103.76647,647,23091
shape_J20CWLMYJB_0,1.4874,103.76643,648,23106
shape_J20CWLMYJB_0,1.48734,103.7664,649,23113
shape_J20CWLMYJB_0,1.48732,103.7664,650,23115
shape_J20CWLMYJB_0,1.48717,103.76636,651,23132
shape_J20CWLMYJB_0,1.48684,103.76628,652,23170
shape_J20CWLMYJB_0,1.48677,103.76628,653,23178
shape_J20CWLMYJB_0,1.48677,103.76627,654,23179
shape_J20CWLMYJB_0,1.48672,103.76626,655,23185
shape_J20CWLMYJB_0,1.48558,103.76592,656,23317
shape_J20CWLMYJB_0,1.48454,103.76563,657,23437
shape_J20CWLMYJB_0,1.48406,103.76548,658,23493
shape_J20CWLMYJB_0,1.48396,103.76546,659,23504
shape_J20CWLMYJB_0,1.48292,103.76518,660,23624
shape_J20CWLMYJB_0,1.48228,103.765,661,23698
shape_J20CWLMYJB_0,1.48106,103.76468,662,23838
shape_J20CWLMYJB_0,1.48104,103.76466,663,23841
shape_J20CWLMYJB_0,1.48094,103.76463,664,23853
shape_J20CWLMYJB_0,1.4808,103.76459,665,23869
shape_J20CWLMYJB_0,1.47989,103.76436,666,23973
shape_J20CWLMYJB_0,1.47982,103.76435,667,23981
shape_J20CWLMYJB_0,1.47963,103.76429,668,24003
shape_J20CWLMYJB_0,1.47801,103.76386,669,24189
shape_J20CWLMYJB_0,1.47738,103.7637,670,24261
shape_J20CWLMYJB_0,1.47738,103.76369,671,24262
shape_J20CWLMYJB_0,1.47732,103.76367,672,24269
shape_J20CWLMYJB_0,1.47707,103.7636,673,24298
shape_J20CWLMYJB_0,1.47669,103.76351,674,24341
shape_J20CWLMYJB_0,1.47553,103.76322,675,24474
shape_J20CWLMYJB_0,1.4751,103.76311,676,24523
shape_J20CWLMYJB_0,1.47485,103.76302,677,24553
shape_J20CWLMYJB_0,1.47468,103.76306,678,24572
shape_J20CWLMYJB_0,1.47446,103.76306,679,24596
shape_J20CWLMYJB_0,1.47407,103.76299,680,24640
shape_J20CWLMYJB_0,1.4737,103.76292,681,24682
shape_J20CWLMYJB_0,1.47336,103.76284,682,24721
shape_J20CWLMYJB_0,1.47319,103.76269,683,24746
shape_J20CWLMYJB_0,1.47317,103.76267,684,24749
shape_J20CWLMYJB_0,1.47314,103.76262,685,24755
shape_J20CWLMYJB_0,1.47309,103.76253,686,24766
shape_J20CWLMYJB_0,1.47306,103.76246,687,24774
shape_J20CWLMYJB_0,1.47301,103.7624,688,24783
shape_J20CWLMYJB_0,1.47299,103.7623,689,24794
shape_J20CWLMYJB_0,1.47299,103.76228,690,24796
shape_J20CWLMYJB_0,1.473,103.76215,691,24810
shape_J20CWLMYJB_0,1.47314,103.76167,692,24866
shape_J20CWLMYJB_0,1.47325,103.76129,693,24910
shape_J20CWLMYJB_0,1.47333,103.761,694,24943
shape_J20CWLMYJB_0,1.47342,103.76065,695,24983
shape_J20CWLMYJB_0,1.47348,103.76036,696,25016
shape_J20CWLMYJB_0,1.47351,103.76031,697,25022
shape_J20CWLMYJB_0,1.47361,103.76019,698,25039
shape_J20CWLMYJB_0,1.47378,103.75954,699,25114
shape_J20CWLMYJB_0,1.4738,103.75945,700,25124
shape_J20CWLMYJB_0,1.47386,103.75911,701,25162
shape_J20CWLMYJB_0,1.47387,103.75896,702,25179
shape_J20CWLMYJB_0,1.47388,103.75874,703,25203
shape_J20CWLMYJB_0,1.47386,103.75836,704,25245
shape_J20CWLMYJB_0,1.47381,103.75807,705,25278
shape_J20CWLMYJB_0,1.47367,103.75765,706,25327
shape_J20CWLMYJB_0,1.47334,103.75696,707,25412
shape_J20CWLMYJB_0,1.47322,103.75671,708,25443
shape_J20CWLMYJB_0,1.47307,103.75642,709,25479
shape_J20CWLMYJB_0,1.4729,103.75611,710,25518
shape_J20CWLMYJB_0,1.47279,103.75591,711,25543
shape_J20CWLMYJB_0,1.47272,103.75577,712,25560
shape_J20CWLMYJB_0,1.47255,103.75544,713,25601
shape_J20CWLMYJB_0,1.47237,103.7551,714,25644
shape_J20CWLMYJB_0,1.47227,103.75492,715,25667
shape_J20CWLMYJB_0,1.47212,103.75464,716,25702
shape_J20CWLMYJB_0,1.47187,103.75418,717,25760
shape_J20CWLMYJB_0,1.47177,103.75402,718,25781
shape_J20CWLMYJB_0,1.47146,103.75356,719,25843
shape_J20CWLMYJB_0,1.47136,103.75341,720,25863
shape_J20CWLMYJB_0,1.4712,103.75319,721,25893
shape_J20CWLMYJB_0,1.47093,103.75286,722,25940
shape_J20CWLMYJB_0,1.47075,103.75265,723,25971
shape_J20CWLMYJB_0,1.47067,103.75261,724,25981
shape_J20CWLMYJB_0,1.47025,103.75217,725,26049
shape_J20CWLMYJB_0,1.47006,103.75196,726,26080
shape_J20CWLMYJB_0,1.47005,103.75195,727,26082
shape_J20CWLMYJB_0,1.46961,103.75134,728,26166
shape_J20CWLMYJB_0,1.46939,103.75123,729,26193
shape_J20CWLMYJB_0,1.46921,103.75119,730,26214
shape_J20CWLMYJB_0,1.46911,103.75123,731,26226
shape_J20CWLMYJB_0,1.46895,103.75133,732,26247
shape_J20CWLMYJB_0,1.46859,103.75154,733,26293
shape_J20CWLMYJB_0,1.46815,103.75179,734,26349
shape_J20CWLMYJB_0,1.468,103.75187,735,26368
shape_J20CWLMYJB_0,1.46784,103.75196,736,26388
shape_J20CWLMYJB_0,1.46751,103.75214,737,26430
shape_J20CWLMYJB_0,1.46723,103.7523,738,26466
shape_J20CWLMYJB_0,1.46697,103.75245,739,26499
shape_J20CWLMYJB_0,1.46692,103.75249,740,26506
shape_J20CWLMYJB_0,1.46692,103.75248,741,26507
shape_J20CWLMYJB_0,1.46689,103.7525,742,26511
shape_J20CWLMYJB_0,1.46665,103.75263,743,26541
shape_J20CWLMYJB_0,1.46649,103.75271,744,26561
shape_J20CWLMYJB_0,1.46638,103.75276,745,26574
shape_J20CWLMYJB_0,1.46627,103.75283,746,26588
shape_J20CWLMYJB_0,1.46607,103.75296,747,26615
shape_J20CWLMYJB_0,1.46601,103.75301,748,26624
shape_J20CWLMYJB_0,1.46586,103.75315,749,26647
shape_J20CWLMYJB_0,1.46569,103.7533,750,26672
shape_J20CWLMYJB_0,1.46556,103.75342,751,26692
shape_J20CWLMYJB_0,1.46532,103.75363,752,26727
shape_J20CWLMYJB_0,1.46515,103.75377,753,26751
shape_J20CWLMYJB_0,1.46468,103.75417,754,26820
shape_J20CWLMYJB_0,1.46453,103.75429,755,26841
shape_J20CWLMYJB_0,1.46455,103.75429,756,26843
shape_J20CWLMYJB_0,1.46432,103.7545,757,26878
shape_J20CWLMYJB_0,1.46424,103.75457,758,26890
shape_J20CWLMYJB_0,1.46353,103.75518,759,26994
shape_J20CWLMYJB_0,1.4635,103.75521,760,26999
shape_J20CWLMYJB_0,1.46339,103.75533,761,27017
shape_J20CWLMYJB_0,1.46321,103.75547,762,27042
shape_J20CWLMYJB_0,1.46309,103.75558,763,27060
shape_J20CWLMYJB_0,1.46273,103.75594,764,27117
shape_J20CWLMYJB_0,1.46264,103.756,765,27129
shape_J20CWLMYJB_0,1.46216,103.75642,766,27200
shape_J20CWLMYJB_0,1.46206,103.75651,767,27215
shape_J20CWLMYJB_0,1.46192,103.75663,768,27236
shape_J20CWLMYJB_0,1.46091,103.7575,769,27384
shape_J20CWLMYJB_0,1.46062,103.75777,770,27428
shape_J20CWLMYJB_0,1.46063,103.75778,771,27430
shape_J20CWLMYJB_0,1.4599,103.75846,772,27541
shape_J20CWLMYJB_0,1.45963,103.75866,773,27578
shape_J20CWLMYJB_0,1.45944,103.75872,774,27600
shape_J20CWLMYJB_0,1.45882,103.75883,775,27670
shape_J20CWLMYJB_0,1.45863,103.75886,776,27691
shape_J20CWLMYJB_0,1.45857,103.75887,777,27698
shape_J20CWLMYJB_0,1.45848,103.75889,778,27708
shape_J20CWLMYJB_0,1.45837,103.75892,779,27721
shape_J20CWLMYJB_0,1.45822,103.75896,780,27738
shape_J20CWLMYJB_0,1.45822,103.75896,781,27738
shape_J20CWLMYJB_0,1.45762,103.75906,782,27806
shape_J20CWLMYJB_0,1.4573,103.75913,783,27842
shape_J20CWLMYJB_0,1.45708,103.75918,784,27867
shape_J20CWLMYJB_0,1.45686,103.75923,785,27892
shape_J20CWLMYJB_0,1.4568,103.75929,786,27901
shape_J20CWLMYJB_0,1.45679,103.75924,787,27907
shape_J20CWLMYJB_0,1.45628,103.75934,788,27965
shape_J20CWLMYJB_0,1.45546,103.75953,789,28059
shape_J20CWLMYJB_0,1.45546,103.75956,790,28062
shape_J20CWLMYJB_0,1.45539,103.75957,791,28070
shape_J20CWLMYJB_0,1.45509,103.75961,792,28104
shape_J20CWLMYJB_0,1.4549,103.75964,793,28125
shape_J20CWLMYJB_0,1.45505,103.76033,794,28203
shape_J20CWLMYJB_0,1.45511,103.76067,795,28241
shape_J20CWLMYJB_0,1.45518,103.76108,796,28287
shape_J20CWLMYJB_0,1.45521,103.76127,797,28308
shape_J20CWLMYJB_0,1.45546,103.76188,798,28381
shape_J20CWLMYJB_0,1.45539,103.7619,799,28389
shape_J20CWLMYJB_0,1.45546,103.76216,800,28419
shape_J20CWLMYJB_0,1.45566,103.76268,801,28481
shape_J20CWLMYJB_0,1.45567,103.76273,802,28487
shape_J20CWLMYJB_0,1.45579,103.76311,803,28531
shape_J20CWLMYJB_0,1.4558,103.76314,804,28535
shape_J20CWLMYJB_0,1.45585,103.76329,805,28553
shape_J20CWLMYJB_0,1.45598,103.76364,806,28595
shape_J20CWLMYJB_0,1.45606,103.76381,807,28616
shape_J20CWLMYJB_0,1.45616,103.76404,808,28644
shape_J20CWLMYJB_0,1.45631,103.76436,809,28683
shape_J20CWLMYJB_0,1.4564,103.76456,810,28707
shape_J20CWLMYJB_0,1.45643,103.76462,811,28714
shape_J20CWLMYJB_0,1.45647,103.7647,812,28724
shape_J20CWLMYJB_0,1.45652,103.76484,813,28741
shape_J20CWLMYJB_0,1.45653,103.76483,814,28743
shape_J20CWLMYJB_0,1.45674,103.76528,815,28798
shape_J20CWLMYJB_0,1.45697,103.76554,816,28837
shape_J20CWLMYJB_0,1.45705,103.76567,817,28854
shape_J20CWLMYJB_0,1.45714,103.76583,818,28874
shape_J20CWLMYJB_0,1.45729,103.7661,819,28908
shape_J20CWLMYJB_0,1.45747,103.7663,820,28938
shape_J20CWLMYJB_0,1.45766,103.76646,821,28966
shape_J20CWLMYJB_0,1.4579,103.7666,822,28997
shape_J20CWLMYJB_0,1.45799,103.76664,823,29008
shape_J20CWLMYJB_0,1.4581,103.76668,824,29021
shape_J20CWLMYJB_0,1.45839,103.76675,825,29054
shape_J20CWLMYJB_0,1.45843,103.76676,826,29059
shape_J20CWLMYJB_0,1.45869,103.76678,827,29088
shape_J20CWLMYJB_0,1.45875,103.76679,828,29095
shape_J20CWLMYJB_0,1.45898,103.76685,829,29121
shape_J20CWLMYJB_0,1.45918,103.76695,830,29146
shape_J20CWLMYJB_0,1.4592,103.76696,831,29148
shape_J20CWLMYJB_0,1.45937,103.76712,832,29174
shape_J20CWLMYJB_0,1.45946,103.76717,833,29185
shape_J20CWLMYJB_0,1.45954,103.76721,834,29195
shape_J20CWLMYJB_0,1.45969,103.76722,835,29212
shape_J20CWLMYJB_0,1.45974,103.76711,836,29225
shape_J20CWLMYJB_0,1.46025,103.76677,837,29293
shape_J20CWLMYJB_0,1.46033,103.76672,838,29303
shape_J20CWLMYJB_0,1.46075,103.76646,839,29358
shape_J20CWLMYJB_0,1.46095,103.76635,840,29383
shape_J20CWLMYJB_0,1.46161,103.76608,841,29462
shape_J20CWLMYJB_0,1.46169,103.76604,842,29472
shape_J20CWLMYJB_0,1.46174,103.76601,843,29478
shape_J20CWLMYJB_0,1.46189,103.76591,844,29498
shape_J20CWLMYJB_0,1.46195,103.76587,845,29506
shape_J20CWLMYJB_0,1.46235,103.76565,846,29557
shape_J20CWLMYJB_0,1.46267,103.76546,847,29598
shape_J20CWLMYJB_0,1.46285,103.76536,848,29621
shape_J20CWLMYJB_0,1.46352,103.76496,849,29708
shape_J20CWLMYJB_0,1.46353,103.76498,850,29710
shape_J300CWLMYJB_1,1.66247,103.59879,0,0
shape_J300CWLMYJB_1,1.6624576975910774,103.59908804662706,1,33
shape_J300CWLMYJB_1,1.6627767460888767,103.59921679265977,2,71
shape_J300CWLMYJB_1,1.6629108000641701,103.59925166137697,3,86
shape_J300CWLMYJB_1,1.663168183671174,103.59883591897966,4,140
shape_J300CWLMYJB_1,1.66371,103.59792,5,258
shape_J300CWLMYJB_1,1.66407,103.59721,6,346
shape_J300CWLMYJB_1,1.66424,103.59678,7,397
shape_J300CWLMYJB_1,1.66457,103.59573,8,519
shape_J300CWLMYJB_1,1.6646383674663818,103.59556661838535,9,539
shape_J300CWLMYJB_1,1.66471,103.59534,10,565
shape_J300CWLMYJB_1,1.6659042377436868,103.59311475214957,11,846
shape_J300CWLMYJB_1,1.66669,103.5913,12,1066
shape_J300CWLMYJB_1,1.668,103.58832,13,1428
shape_J300CWLMYJB_1,1.66805,103.58817,14,1446
shape_J300CWLMYJB_1,1.66884,103.58598,15,1705
shape_J300CWLMYJB_1,1.66889,103.58568,16,1739
shape_J300CWLMYJB_1,1.66891,103.58294,17,2044
shape_J300CWLMYJB_1,1.66889,103.58168,18,2184
shape_J300CWLMYJB_1,1.6688,103.58094,19,2267
shape_J300CWLMYJB_1,1.66866,103.58029,20,2341
shape_J300CWLMYJB_1,1.66841,103.57885,21,2503
shape_J300CWLMYJB_1,1.66839,103.57785,22,2614
shape_J300CWLMYJB_1,1.66835,103.57769,23,2632
shape_J300CWLMYJB_1,1.66827,103.57756,24,2649
shape_J300CWLMYJB_1,1.66808,103.57733,25,2682
shape_J300CWLMYJB_1,1.66794,103.57722,26,2702
shape_J300CWLMYJB_1,1.6676,103.57679,27,2763
shape_J300CWLMYJB_1,1.6672214892879338,103.5764093277168,28,2823
shape_J300CWLMYJB_1,1.6670503328228725,103.57640399272915,29,2842
shape_J300CWLMYJB_1,1.666866419361641,103.57642442956922,30,2863
shape_J300CWLMYJB_1,1.6666504617458382,103.57671921230316,31,2904
shape_J300CWLMYJB_1,1.66623,103.57721,32,2976
shape_J300CWLMYJB_1,1.6657580846621476,103.57780833400726,33,3061
shape_J300CWLMYJB_1,1.665224721753204,103.57850909458159,34,3159
shape_J300CWLMYJB_1,1.6647287225810241,103.57914477811812,35,3249
shape_J300CWLMYJB_1,1.6646509713481181,103.57919305788039,36,3259
shape_J300CWLMYJB_1,1.664562495803511,103.57919305788039,37,3269
shape_J300CWLMYJB_1,1.6645249607227988,103.57911795602797,38,3278
shape_J300CWLMYJB_1,1.664522279645567,103.57903480754851,39,3287
shape_J300CWLMYJB_1,1.6644016311667855,103.57889265047072,40,3308
shape_J300CWLMYJB_1,1.6642005503523964,103.57867002712248,41,3341
shape_J300CWLMYJB_1,1.66361,103.57816,42,3428
shape_J300CWLMYJB_1,1.66088,103.57588,43,3823
shape_J300CWLMYJB_1,1.66064,103.57552,44,3871
shape_J300CWLMYJB_1,1.6603997943706286,103.57549524900436,45,3898
shape_J300CWLMYJB_1,1.66025523212734,103.57551919435954,46,3914
shape_J300CWLMYJB_1,1.6601231241185779,103.57565180852892,47,3935
shape_J300CWLMYJB_1,1.65996,103.57588,48,3966
shape_J300CWLMYJB_1,1.65909,103.57706,49,4129
shape_J300CWLMYJB_1,1.65845,103.57844,50,4298
shape_J300CWLMYJB_1,1.65682,103.58255,51,4789
shape_J300CWLMYJB_1,1.65658,103.58322,52,4868
shape_J300CWLMYJB_1,1.65664,103.58325,53,4875
shape_J300CWLMYJB_1,1.65666,103.58329,54,4880
shape_J300CWLMYJB_1,1.65666,103.58334,55,4886
shape_J300CWLMYJB_1,1.65664,103.58338,56,4891
shape_J300CWLMYJB_1,1.65657,103.58342,57,4900
shape_J300CWLMYJB_1,1.65649,103.58339,58,4910
shape_J300CWLMYJB_1,1.65646,103.58334,59,4916
shape_J300CWLMYJB_1,1.65578,103.58327,60,4992
shape_J300CWLMYJB_1,1.65563,103.58323,61,5009
shape_J300CWLMYJB_1,1.65378,103.58232,62,5238
shape_J300CWLMYJB_1,1.65226,103.58149,63,5431
shape_J300CWLMYJB_1,1.65073,103.57986,64,5680
shape_J300CWLMYJB_1,1.65093,103.58009,65,5714
shape_J300CWLMYJB_1,1.65015,103.57921,66,5845
shape_J300CWLMYJB_1,1.65132,103.57801,67,6031
shape_J300CWLMYJB_1,1.65377,103.57594,68,6388
shape_J300CWLMYJB_1,1.65393,103.57565,69,6425
shape_J300CWLMYJB_1,1.65506,103.57475,70,6586
shape_J300CWLMYJB_1,1.65417,103.5739,71,6723
shape_J300CWLMYJB_1,1.6540162947962764,103.57366717063904,72,6754
shape_J300CWLMYJB_1,1.65547,103.57217,73,6986
shape_J16CWLMYJB_1,1.49582,103.70333,0,0
shape_J16CWLMYJB_1,1.49447,103.70527,1,263
shape_J16CWLMYJB_1,1.49263,103.70768,2,600
shape_J16CWLMYJB_1,1.48961,103.71202,3,1188
shape_J16CWLMYJB_1,1.489413,103.71224,4,1221
shape_J16CWLMYJB_1,1.489091,103.712602,5,1275
shape_J16CWLMYJB_1,1.488976,103.712817,6,1302
shape_J16CWLMYJB_1,1.488931,103.712932,7,1316
shape_J16CWLMYJB_1,1.488925,103.713061,8,1330
shape_J16CWLMYJB_1,1.488947,103.713128,9,1338
shape_J16CWLMYJB_1,1.489038,103.713243,10,1354
shape_J16CWLMYJB_1,1.489499,103.71357,11,1417
shape_J16CWLMYJB_1,1.490879,103.714489,12,1601
shape_J16CWLMYJB_1,1.49101,103.71464,13,1623
shape_J16CWLMYJB_1,1.491428,103.714874,14,1676
shape_J16CWLMYJB_1,1.491731,103.715075,15,1716
shape_J16CWLMYJB_1,1.492221,103.715464,16,1786
shape_J16CWLMYJB_1,1.492377,103.715598,17,1809
shape_J16CWLMYJB_1,1.492487,103.715738,18,1829
shape_J16CWLMYJB_1,1.492594,103.715901,19,1851
shape_J16CWLMYJB_1,1.492768,103.716126,20,1883
shape_J16CWLMYJB_1,1.4929239007770558,103.71634336441802,21,1913
shape_J16CWLMYJB_1,1.493069,103.716539,22,1940
shape_J16CWLMYJB_1,1.493256,103.716682,23,1966
shape_J16CWLMYJB_1,1.493508,103.716859,24,2000
shape_J16CWLMYJB_1,1.493817,103.717033,25,2039
shape_J16CWLMYJB_1,1.494061,103.717208,26,2072
shape_J16CWLMYJB_1,1.49434,103.717379,27,2108
shape_J16CWLMYJB_1,1.4946995057401036,103.71760055952453,28,2155
shape_J16CWLMYJB_1,1.49492,103.71769,29,2181
shape_J16CWLMYJB_1,1.495375,103.717988,30,2241
shape_J16CWLMYJB_1,1.495611,103.718138,31,2272
shape_J16CWLMYJB_1,1.495889,103.718297,32,2308
shape_J16CWLMYJB_1,1.496058,103.718391,33,2330
shape_J16CWLMYJB_1,1.496125,103.718447,34,2340
shape_J16CWLMYJB_1,1.495868,103.71872,35,2382
shape_J16CWLMYJB_1,1.495602,103.719093,36,2433
shape_J16CWLMYJB_1,1.495414,103.719332,37,2467
shape_J16CWLMYJB_1,1.495307,103.719458,38,2485
shape_J16CWLMYJB_1,1.495141,103.719721,39,2520
shape_J16CWLMYJB_1,1.494536,103.7205,40,2630
shape_J16CWLMYJB_1,1.49431,103.7208,41,2672
shape_J16CWLMYJB_1,1.49305,103.72251,42,2908
shape_J16CWLMYJB_1,1.49293,103.722689,43,2932
shape_J16CWLMYJB_1,1.492852,103.722772,44,2945
shape_J16CWLMYJB_1,1.492694,103.723003,45,2976
shape_J16CWLMYJB_1,1.492635,103.723089,46,2988
shape_J16CWLMYJB_1,1.492509,103.723258,47,3011
shape_J16CWLMYJB_1,1.492455,103.723352,48,3023
shape_J16CWLMYJB_1,1.492171,103.723164,49,3061
shape_J16CWLMYJB_1,1.491707,103.722831,50,3124
shape_J16CWLMYJB_1,1.491318,103.722582,51,3175
shape_J16CWLMYJB_1,1.491077,103.722399,52,3209
shape_J16CWLMYJB_1,1.490903,103.722281,53,3232
shape_J16CWLMYJB_1,1.490747,103.722182,54,3253
shape_J16CWLMYJB_1,1.490575,103.72207,55,3276
shape_J16CWLMYJB_1,1.490482,103.722008,56,3288
shape_J16CWLMYJB_1,1.490407,103.721965,57,3298
shape_J16CWLMYJB_1,1.490315,103.721927,58,3309
shape_J16CWLMYJB_1,1.490211,103.721887,59,3321
shape_J16CWLMYJB_1,1.490128,103.721874,60,3330
shape_J16CWLMYJB_1,1.490045,103.72186,61,3339
shape_J16CWLMYJB_1,1.489919,103.721858,62,3353
shape_J16CWLMYJB_1,1.48976,103.721852,63,3371
shape_J16CWLMYJB_1,1.489602,103.721871,64,3389
shape_J16CWLMYJB_1,1.489393,103.721911,65,3413
shape_J16CWLMYJB_1,1.489197,103.721943,66,3435
shape_J16CWLMYJB_1,1.488921,103.72196,67,3466
shape_J16CWLMYJB_1,1.488699,103.722024,68,3492
shape_J16CWLMYJB_1,1.488527,103.722027,69,3511
shape_J16CWLMYJB_1,1.488337,103.722053,70,3532
shape_J16CWLMYJB_1,1.488205,103.722067,71,3547
shape_J16CWLMYJB_1,1.488085,103.722094,72,3561
shape_J16CWLMYJB_1,1.487999,103.722104,73,3571
shape_J16CWLMYJB_1,1.488033692606358,103.722411682209,74,3605
shape_J16CWLMYJB_1,1.48805,103.72266,75,3633
shape_J16CWLMYJB_1,1.488093,103.723022,76,3674
shape_J16CWLMYJB_1,1.488076,103.723124,77,3685
shape_J16CWLMYJB_1,1.48791,103.723148,78,3704
shape_J16CWLMYJB_1,1.487682,103.723169,79,3729
shape_J16CWLMYJB_1,1.487572,103.723201,80,3742
shape_J16CWLMYJB_1,1.487476,103.723199,81,3753
shape_J16CWLMYJB_1,1.487304,103.723228,82,3772
shape_J16CWLMYJB_1,1.487119,103.723263,83,3793
shape_J16CWLMYJB_1,1.487023,103.723269,84,3804
shape_J16CWLMYJB_1,1.486945,103.723282,85,3813
shape_J16CWLMYJB_1,1.486862,103.723306,86,3823
shape_J16CWLMYJB_1,1.486918,103.723582,87,3854
shape_J16CWLMYJB_1,1.48702,103.723888,88,3890
shape_J16CWLMYJB_1,1.487055,103.724014,89,3905
shape_J16CWLMYJB_1,1.487084,103.724154,90,3921
shape_J16CWLMYJB_1,1.487229,103.724465,91,3959
shape_J16CWLMYJB_1,1.487339,103.724701,92,3988
shape_J16CWLMYJB_1,1.48747,103.724907,93,4015
shape_J16CWLMYJB_1,1.487682,103.725208,94,4056
shape_J16CWLMYJB_1,1.487913,103.72554,95,4101
shape_J16CWLMYJB_1,1.488042,103.725699,96,4124
shape_J16CWLMYJB_1,1.488216,103.725945,97,4157
shape_J16CWLMYJB_1,1.488331,103.726155,98,4184
shape_J16CWLMYJB_1,1.48843,103.726324,99,4206
shape_J16CWLMYJB_1,1.488594,103.72669,100,4251
shape_J16CWLMYJB_1,1.488731,103.726999,101,4289
shape_J16CWLMYJB_1,1.4888484178409145,103.72736323313525,102,4332
shape_J16CWLMYJB_1,1.48892,103.72769,103,4369
shape_J16CWLMYJB_1,1.489063,103.728173,104,4425
shape_J16CWLMYJB_1,1.489176,103.728645,105,4479
shape_J16CWLMYJB_1,1.48928,103.728887,106,4508
shape_J16CWLMYJB_1,1.489433,103.729293,107,4556
shape_J16CWLMYJB_1,1.489621,103.729645,108,4600
shape_J16CWLMYJB_1,1.489811,103.730001,109,4645
shape_J16CWLMYJB_1,1.490149,103.730705,110,4732
shape_J16CWLMYJB_1,1.490396,103.731207,111,4794
shape_J16CWLMYJB_1,1.49049,103.73158,112,4837
shape_J16CWLMYJB_1,1.490624,103.731952,113,4881
shape_J16CWLMYJB_1,1.490726,103.732285,114,4920
shape_J16CWLMYJB_1,1.490862,103.732827,115,4982
shape_J16CWLMYJB_1,1.490962,103.733253,116,5031
shape_J16CWLMYJB_1,1.491004,103.733433,117,5052
shape_J16CWLMYJB_1,1.490999,103.733838,118,5097
shape_J16CWLMYJB_1,1.490988,103.73453,119,5174
shape_J16CWLMYJB_1,1.4910074731705945,103.73479600859832,120,5204
shape_J16CWLMYJB_1,1.49102,103.735121,121,5240
shape_J16CWLMYJB_1,1.490994,103.735627,122,5296
shape_J16CWLMYJB_1,1.490988,103.736147,123,5354
shape_J16CWLMYJB_1,1.49098,103.736802,124,5427
shape_J16CWLMYJB_1,1.490964,103.737134,125,5464
shape_J16CWLMYJB_1,1.490951,103.737403,126,5494
shape_J16CWLMYJB_1,1.490908,103.737505,127,5506
shape_J16CWLMYJB_1,1.490852,103.737623,128,5521
shape_J16CWLMYJB_1,1.490801,103.737708,129,5532
shape_J16CWLMYJB_1,1.49061,103.737907,130,5563
shape_J16CWLMYJB_1,1.490506,103.738025,131,5580
shape_J16CWLMYJB_1,1.490374,103.73818,132,5603
shape_J16CWLMYJB_1,1.490219,103.738282,133,5624
shape_J16CWLMYJB_1,1.49001,103.738446,134,5654
shape_J16CWLMYJB_1,1.489908,103.738569,135,5672
shape_J16CWLMYJB_1,1.489822,103.73865,136,5685
shape_J16CWLMYJB_1,1.489779,103.73876,137,5698
shape_J16CWLMYJB_1,1.489755,103.738945,138,5719
shape_J16CWLMYJB_1,1.489819,103.739165,139,5744
shape_J16CWLMYJB_1,1.489932,103.739379,140,5771
shape_J16CWLMYJB_1,1.49009,103.739489,141,5792
shape_J16CWLMYJB_1,1.490232,103.739605,142,5812
shape_J16CWLMYJB_1,1.490289,103.739701,143,5824
shape_J16CWLMYJB_1,1.490339,103.739795,144,5836
shape_J16CWLMYJB_1,1.49039,103.739927,145,5852
shape_J16CWLMYJB_1,1.490466,103.740085,146,5871
shape_J16CWLMYJB_1,1.490522,103.74024,147,5889
shape_J16CWLMYJB_1,1.490685,103.740439,148,5918
shape_J16CWLMYJB_1,1.490793,103.740546,149,5935
shape_J16CWLMYJB_1,1.490932,103.740645,150,5954
shape_J16CWLMYJB_1,1.49108,103.740739,151,5973
shape_J16CWLMYJB_1,1.491251,103.740785,152,5993
shape_J16CWLMYJB_1,1.491393,103.740756,153,6009
shape_J16CWLMYJB_1,1.49164263335481,103.740645515202,154,6039
shape_J16CWLMYJB_1,1.491929,103.740621,155,6071
shape_J16CWLMYJB_1,1.492182,103.740541,156,6101
shape_J16CWLMYJB_1,1.492455,103.740466,157,6132
shape_J16CWLMYJB_1,1.492793,103.740391,158,6170
shape_J16CWLMYJB_1,1.493286,103.740219,159,6228
shape_J16CWLMYJB_1,1.49342,103.740812,160,6296
shape_J16CWLMYJB_1,1.493522,103.741152,161,6335
shape_J16CWLMYJB_1,1.493651,103.741437,162,6370
shape_J16CWLMYJB_1,1.493726,103.741654,163,6396
shape_J16CWLMYJB_1,1.493844,103.74185,164,6421
shape_J16CWLMYJB_1,1.493903,103.741997,165,6439
shape_J16CWLMYJB_1,1.494045,103.742217,166,6468
shape_J16CWLMYJB_1,1.4940986374057827,103.74236976686478,167,6486
shape_J16CWLMYJB_1,1.494445,103.742609,168,6533
shape_J16CWLMYJB_1,1.494501,103.742805,169,6556
shape_J16CWLMYJB_1,1.494607,103.743115,170,6592
shape_J16CWLMYJB_1,1.494656,103.743271,171,6610
shape_J16CWLMYJB_1,1.494685,103.743346,172,6619
shape_J16CWLMYJB_1,1.49501,103.743276,173,6656
shape_J16CWLMYJB_1,1.494943,103.742944,174,6694
shape_J16CWLMYJB_1,1.49487,103.74263,175,6730
shape_J16CWLMYJB_1,1.494932,103.742788,176,6749
shape_J16CWLMYJB_1,1.495002,103.743053,177,6779
shape_J16CWLMYJB_1,1.495028,103.743217,178,6797
shape_J16CWLMYJB_1,1.495074,103.743263,179,6804
shape_J16CWLMYJB_1,1.495307,103.743225,180,6830
shape_J16CWLMYJB_1,1.495404,103.743198,181,6841
shape_J16CWLMYJB_1,1.495439,103.74311,182,6852
shape_J16CWLMYJB_1,1.495412,103.742973,183,6868
shape_J16CWLMYJB_1,1.49535,103.742705,184,6899
shape_J16CWLMYJB_1,1.49524,103.7422,185,6956
shape_J16CWLMYJB_1,1.495162,103.741862,186,6995
shape_J16CWLMYJB_1,1.495114,103.741699,187,7014
shape_J16CWLMYJB_1,1.494607,103.741798,188,7071
shape_J16CWLMYJB_1,1.4942,103.741881,189,7117
shape_J16CWLMYJB_1,1.493991,103.741927,190,7141
shape_J16CWLMYJB_1,1.493757,103.741975,191,7168
shape_J16CWLMYJB_1,1.493414,103.741125,192,7270
shape_J16CWLMYJB_1,1.493251,103.740543,193,7337
shape_J16CWLMYJB_1,1.493192,103.740371,194,7357
shape_J16CWLMYJB_1,1.493771,103.740017,195,7432
shape_J16CWLMYJB_1,1.493967,103.739891,196,7458
shape_J16CWLMYJB_1,1.49413,103.739668,197,7489
shape_J16CWLMYJB_1,1.494358,103.739368,198,7531
shape_J16CWLMYJB_1,1.494546,103.739121,199,7566
shape_J16CWLMYJB_1,1.494755,103.738915,200,7599
shape_J16CWLMYJB_1,1.495082,103.7387,201,7643
shape_J16CWLMYJB_1,1.495608,103.738449,202,7708
shape_J16CWLMYJB_1,1.49607,103.73822,203,7765
shape_J16CWLMYJB_1,1.49804,103.73695,204,8026
shape_J16CWLMYJB_1,1.498428,103.73676,205,8074
shape_J16CWLMYJB_1,1.498969,103.736527,206,8139
shape_J16CWLMYJB_1,1.49965,103.736299,207,8219
shape_J16CWLMYJB_1,1.500144,103.735999,208,8283
shape_J16CWLMYJB_1,1.50075,103.735626,209,8362
shape_J16CWLMYJB_1,1.501349,103.735411,210,8433
shape_J16CWLMYJB_1,1.50188,103.7353,211,8493
shape_J16CWLMYJB_1,1.502361,103.735328,212,8547
shape_J16CWLMYJB_1,1.502723,103.73528,213,8588
shape_J16CWLMYJB_1,1.503099,103.735175,214,8631
shape_J16CWLMYJB_1,1.503297,103.735051,215,8657
shape_J16CWLMYJB_1,1.50346,103.73481,216,8689
shape_J16CWLMYJB_1,1.503911,103.734572,217,8746
shape_J16CWLMYJB_1,1.5040182514009584,103.73451772023776,218,8759
shape_J16CWLMYJB_1,1.504289,103.734295,219,8798
shape_J16CWLMYJB_1,1.504852,103.733897,220,8875
shape_J16CWLMYJB_1,1.505388,103.733701,221,8938
shape_J16CWLMYJB_1,1.50582,103.73362,222,8987
shape_J16CWLMYJB_1,1.506836,103.733659,223,9100
shape_J16CWLMYJB_1,1.507777,103.733579,224,9205
shape_J16CWLMYJB_1,1.508623,103.733549,225,9299
shape_J16CWLMYJB_1,1.509025,103.733651,226,9345
shape_J16CWLMYJB_1,1.509355,103.733742,227,9383
shape_J16CWLMYJB_1,1.509754,103.733844,228,9429
shape_J16CWLMYJB_1,1.51025,103.733831,229,9484
shape_J16CWLMYJB_1,1.510811,103.733529,230,9555
shape_J16CWLMYJB_1,1.51107,103.73334,231,9591
shape_J16CWLMYJB_1,1.5117170597178688,103.73295483795928,232,9675
shape_J16CWLMYJB_1,1.51228,103.73371,233,9780
shape_J16CWLMYJB_1,1.51364,103.73534,234,10016
shape_J16CWLMYJB_1,1.51479,103.73728,235,10267
shape_J16CWLMYJB_1,1.5154,103.74049,236,10630
shape_J16CWLMYJB_1,1.515439,103.741106,237,10699
shape_J16CWLMYJB_1,1.515463,103.741669,238,10762
shape_J16CWLMYJB_1,1.515546,103.742173,239,10819
shape_J16CWLMYJB_1,1.51572,103.742492,240,10859
shape_J16CWLMYJB_1,1.515841,103.742509,241,10873
shape_J16CWLMYJB_1,1.516,103.74275,242,10905
shape_J16CWLMYJB_1,1.51809,103.74445,243,11205
shape_J16CWLMYJB_1,1.51955,103.74556,244,11409
shape_J16CWLMYJB_1,1.52076,103.74687,245,11607
shape_J16CWLMYJB_1,1.520992,103.747342,246,11665
shape_J16CWLMYJB_1,1.521158,103.747884,247,11728
shape_J16CWLMYJB_1,1.521223,103.748343,248,11780
shape_J16CWLMYJB_1,1.521196,103.749166,249,11872
shape_J16CWLMYJB_1,1.521022,103.74996,250,11962
shape_J16CWLMYJB_1,1.5209,103.75063,251,12038
shape_J16CWLMYJB_1,1.520814,103.751142,252,12096
shape_J16CWLMYJB_1,1.520683,103.751405,253,12129
shape_J16CWLMYJB_1,1.520506,103.751654,254,12163
shape_J16CWLMYJB_1,1.520281,103.751832,255,12195
shape_J16CWLMYJB_1,1.519675,103.752207,256,12274
shape_J16CWLMYJB_1,1.5189041388031586,103.75266872023775,257,12374
shape_J16CWLMYJB_1,1.51862,103.75315,258,12436
shape_J16CWLMYJB_1,1.51839,103.75644,259,12803
shape_J16CWLMYJB_1,1.5182,103.75732,260,12903
shape_J16CWLMYJB_1,1.518141,103.757752,261,12951
shape_J16CWLMYJB_1,1.518087,103.758103,262,12990
shape_J16CWLMYJB_1,1.518106,103.75831,263,13013
shape_J16CWLMYJB_1,1.518213,103.758452,264,13033
shape_J16CWLMYJB_1,1.518358,103.758572,265,13054
shape_J16CWLMYJB_1,1.518491,103.758647,266,13071
shape_J16CWLMYJB_1,1.51877,103.75876,267,13104
shape_J16CWLMYJB_1,1.519203,103.759026,268,13161
shape_J16CWLMYJB_1,1.519426,103.759206,269,13193
shape_J16CWLMYJB_1,1.519715,103.759447,270,13235
shape_J16CWLMYJB_1,1.519962,103.759726,271,13276
shape_J16CWLMYJB_1,1.520201,103.760094,272,13325
shape_J16CWLMYJB_1,1.520624,103.760807,273,13417
shape_J16CWLMYJB_1,1.520868,103.761456,274,13494
shape_J16CWLMYJB_1,1.52148,103.762816,275,13660
shape_J16CWLMYJB_1,1.521477,103.762832,276,13662
shape_J16CWLMYJB_1,1.522339,103.764878,277,13909
shape_J16CWLMYJB_1,1.52263,103.76554,278,13989
shape_J16CWLMYJB_1,1.523018,103.766421,279,14096
shape_J16CWLMYJB_1,1.523214,103.766801,280,14144
shape_J16CWLMYJB_1,1.523677,103.767633,281,14250
shape_J16CWLMYJB_1,1.523999,103.768086,282,14312
shape_J16CWLMYJB_1,1.524238,103.768432,283,14359
shape_J16CWLMYJB_1,1.524509,103.768915,284,14421
shape_J16CWLMYJB_1,1.52464,103.769291,285,14465
shape_J16CWLMYJB_1,1.524721,103.769983,286,14542
shape_J16CWLMYJB_1,1.524723206597973,103.77056705522537,287,14607
shape_J16CWLMYJB_1,1.5249,103.77105,288,14664
shape_J16CWLMYJB_1,1.52682,103.77553,289,15206
shape_J16CWLMYJB_1,1.526951,103.7761,290,15271
shape_J16CWLMYJB_1,1.526997,103.776623,291,15329
shape_J16CWLMYJB_1,1.527096,103.777463,292,15423
shape_J16CWLMYJB_1,1.527104,103.778115,293,15495
shape_J16CWLMYJB_1,1.527186,103.778698,294,15560
shape_J16CWLMYJB_1,1.527337,103.779100,295,15608
shape_J16CWLMYJB_1,1.527653,103.779631,296,15677
shape_J16CWLMYJB_1,1.528018,103.780012,297,15736
shape_J16CWLMYJB_1,1.529128,103.780592,298,15875
shape_J16CWLMYJB_1,1.530227,103.781010,299,16006
shape_J16CWLMYJB_1,1.530871,103.781294,300,16084
shape_J16CWLMYJB_1,1.531646,103.781853,301,16190
shape_J16CWLMYJB_1,1.53212,103.78216,302,16253
shape_J16CWLMYJB_1,1.5336,103.78338,303,16466
shape_J16CWLMYJB_1,1.54323,103.79129,304,17852
shape_J16CWLMYJB_1,1.54705,103.7955,305,18484
shape_J16CWLMYJB_1,1.547821,103.796637,306,18637
shape_J16CWLMYJB_1,1.548208,103.797184,307,18711
shape_J16CWLMYJB_1,1.548454,103.797544,308,18759
shape_J16CWLMYJB_1,1.548749,103.797726,309,18798
shape_J16CWLMYJB_1,1.549146,103.798010,310,18852
shape_J16CWLMYJB_1,1.549505,103.798155,311,18895
shape_J16CWLMYJB_1,1.549741,103.798236,312,18923
shape_J16CWLMYJB_1,1.550111,103.798198,313,18964
shape_J16CWLMYJB_1,1.550519,103.797847,314,19024
shape_J16CWLMYJB_1,1.550873,103.797573,315,19074
shape_J16CWLMYJB_1,1.551098,103.797326,316,19111
shape_J16CWLMYJB_1,1.551371,103.797063,317,19153
shape_J16CWLMYJB_1,1.551768,103.796640,318,19217
shape_J16CWLMYJB_1,1.552087,103.796294,319,19269
shape_J16CWLMYJB_1,1.552497,103.795945,320,19329
shape_J16CWLMYJB_1,1.553004,103.795639,321,19395
shape_J16CWLMYJB_1,1.553189,103.795599,322,19416
shape_J16CWLMYJB_1,1.553229,103.795492,323,19429
shape_J16CWLMYJB_1,1.553275,103.795411,324,19439
shape_J16CWLMYJB_1,1.553390,103.795384,325,19452
shape_J16CWLMYJB_1,1.553490,103.795438,326,19465
shape_J16CWLMYJB_1,1.553535,103.795508,327,19474
shape_J16CWLMYJB_1,1.553540,103.795607,328,19485
shape_J16CWLMYJB_1,1.553524,103.795690,329,19494
shape_J16CWLMYJB_1,1.553441,103.795755,330,19506
shape_J16CWLMYJB_1,1.553353,103.795781,331,19516
shape_J16CWLMYJB_1,1.553259,103.795819,332,19527
shape_J16CWLMYJB_1,1.553211,103.795787,333,19533
shape_J16CWLMYJB_1,1.553101,103.795800,334,19545
shape_J16CWLMYJB_1,1.552945,103.795865,335,19564
shape_J16CWLMYJB_1,1.552602,103.796055,336,19608
shape_J16CWLMYJB_1,1.5524066269304713,103.79617262698363,337,19633
shape_J16CWLMYJB_1,1.5523880266036556,103.79653488954926,338,19673
shape_J16CWLMYJB_1,1.5523550266114001,103.7966507030411,339,19686
shape_J16CWLMYJB_1,1.5518634328560554,103.79711274966813,340,19761
shape_J16CWLMYJB_1,1.5514,103.79759,341,19835
shape_J20CWLMYJB_1,1.46352,103.76496,0,0
shape_J20CWLMYJB_1,1.46353,103.76498,1,2
shape_J20CWLMYJB_1,1.46398,103.76474,2,59
shape_J20CWLMYJB_1,1.4643,103.76455,3,100
shape_J20CWLMYJB_1,1.4644,103.76448,4,114
shape_J20CWLMYJB_1,1.4645,103.7644,5,128
shape_J20CWLMYJB_1,1.46486,103.76412,6,179
shape_J20CWLMYJB_1,1.46505,103.764,7,204
shape_J20CWLMYJB_1,1.46512,103.76395,8,214
shape_J20CWLMYJB_1,1.46516,103.76388,9,223
shape_J20CWLMYJB_1,1.46523,103.76366,10,249
shape_J20CWLMYJB_1,1.46526,103.76361,11,255
shape_J20CWLMYJB_1,1.46532,103.76354,12,265
shape_J20CWLMYJB_1,1.46545,103.76349,13,280
shape_J20CWLMYJB_1,1.46553,103.7635,14,289
shape_J20CWLMYJB_1,1.46563,103.76358,15,303
shape_J20CWLMYJB_1,1.46563,103.76379,16,326
shape_J20CWLMYJB_1,1.46556,103.76391,17,341
shape_J20CWLMYJB_1,1.46512,103.76416,18,397
shape_J20CWLMYJB_1,1.46477,103.76437,19,442
shape_J20CWLMYJB_1,1.4644,103.76466,20,494
shape_J20CWLMYJB_1,1.46412,103.76483,21,530
shape_J20CWLMYJB_1,1.46366,103.76509,22,589
shape_J20CWLMYJB_1,1.46353,103.76516,23,605
shape_J20CWLMYJB_1,1.46338,103.76524,24,624
shape_J20CWLMYJB_1,1.46294,103.76547,25,679
shape_J20CWLMYJB_1,1.46257,103.76567,26,726
shape_J20CWLMYJB_1,1.4621,103.76596,27,787
shape_J20CWLMYJB_1,1.46148,103.76632,28,867
shape_J20CWLMYJB_1,1.46098,103.7665,29,926
shape_J20CWLMYJB_1,1.46082,103.76659,30,946
shape_J20CWLMYJB_1,1.46047,103.7668,31,991
shape_J20CWLMYJB_1,1.46029,103.76691,32,1014
shape_J20CWLMYJB_1,1.46,103.76709,33,1052
shape_J20CWLMYJB_1,1.45979,103.76722,34,1079
shape_J20CWLMYJB_1,1.4598,103.76736,35,1095
shape_J20CWLMYJB_1,1.45958,103.7675,36,1124
shape_J20CWLMYJB_1,1.45948,103.7676,37,1140
shape_J20CWLMYJB_1,1.45942,103.76755,38,1149
shape_J20CWLMYJB_1,1.45941,103.76752,39,1153
shape_J20CWLMYJB_1,1.45934,103.7674,40,1168
shape_J20CWLMYJB_1,1.45926,103.7673,41,1182
shape_J20CWLMYJB_1,1.45898,103.76712,42,1219
shape_J20CWLMYJB_1,1.45878,103.76703,43,1243
shape_J20CWLMYJB_1,1.45848,103.76697,44,1277
shape_J20CWLMYJB_1,1.45842,103.76696,45,1284
shape_J20CWLMYJB_1,1.45839,103.76696,46,1287
shape_J20CWLMYJB_1,1.45797,103.76682,47,1336
shape_J20CWLMYJB_1,1.45777,103.76672,48,1361
shape_J20CWLMYJB_1,1.45757,103.76657,49,1389
shape_J20CWLMYJB_1,1.45712,103.76626,50,1450
shape_J20CWLMYJB_1,1.4568,103.76611,51,1489
shape_J20CWLMYJB_1,1.45665,103.76604,52,1507
shape_J20CWLMYJB_1,1.45642,103.76586,53,1539
shape_J20CWLMYJB_1,1.45634,103.7658,54,1550
shape_J20CWLMYJB_1,1.4561,103.76553,55,1590
shape_J20CWLMYJB_1,1.45602,103.7654,56,1607
shape_J20CWLMYJB_1,1.45602,103.7654,57,1607
shape_J20CWLMYJB_1,1.45591,103.7651,58,1643
shape_J20CWLMYJB_1,1.45558,103.7639,59,1781
shape_J20CWLMYJB_1,1.45538,103.76318,60,1864
shape_J20CWLMYJB_1,1.45533,103.76301,61,1884
shape_J20CWLMYJB_1,1.45531,103.76295,62,1891
shape_J20CWLMYJB_1,1.45526,103.76272,63,1917
shape_J20CWLMYJB_1,1.45498,103.76168,64,2037
shape_J20CWLMYJB_1,1.45487,103.76126,65,2085
shape_J20CWLMYJB_1,1.45488,103.76126,66,2086
shape_J20CWLMYJB_1,1.45474,103.76064,67,2157
shape_J20CWLMYJB_1,1.45457,103.7597,68,2263
shape_J20CWLMYJB_1,1.4549,103.75964,69,2300
shape_J20CWLMYJB_1,1.45509,103.75961,70,2321
shape_J20CWLMYJB_1,1.45539,103.75957,71,2355
shape_J20CWLMYJB_1,1.45546,103.75956,72,2363
shape_J20CWLMYJB_1,1.45546,103.75953,73,2366
shape_J20CWLMYJB_1,1.45628,103.75934,74,2460
shape_J20CWLMYJB_1,1.45686,103.75923,75,2526
shape_J20CWLMYJB_1,1.45708,103.75918,76,2551
shape_J20CWLMYJB_1,1.45723,103.75915,77,2568
shape_J20CWLMYJB_1,1.45723,103.75915,78,2568
shape_J20CWLMYJB_1,1.45762,103.75906,79,2613
shape_J20CWLMYJB_1,1.45782,103.75904,80,2635
shape_J20CWLMYJB_1,1.45782,103.75903,81,2636
shape_J20CWLMYJB_1,1.45837,103.75892,82,2698
shape_J20CWLMYJB_1,1.45848,103.75889,83,2711
shape_J20CWLMYJB_1,1.45857,103.75887,84,2721
shape_J20CWLMYJB_1,1.45863,103.75886,85,2728
shape_J20CWLMYJB_1,1.45882,103.75883,86,2749
shape_J20CWLMYJB_1,1.45944,103.75872,87,2819
shape_J20CWLMYJB_1,1.45963,103.75866,88,2841
shape_J20CWLMYJB_1,1.4599,103.75846,89,2878
shape_J20CWLMYJB_1,1.45996,103.75839,90,2888
shape_J20CWLMYJB_1,1.45997,103.7584,91,2890
shape_J20CWLMYJB_1,1.46091,103.7575,92,3035
shape_J20CWLMYJB_1,1.46192,103.75663,93,3183
shape_J20CWLMYJB_1,1.46206,103.75651,94,3204
shape_J20CWLMYJB_1,1.46216,103.75642,95,3219
shape_J20CWLMYJB_1,1.46264,103.756,96,3290
shape_J20CWLMYJB_1,1.46273,103.75594,97,3302
shape_J20CWLMYJB_1,1.46309,103.75558,98,3359
shape_J20CWLMYJB_1,1.46321,103.75547,99,3377
shape_J20CWLMYJB_1,1.46339,103.75533,100,3402
shape_J20CWLMYJB_1,1.46353,103.75518,101,3425
shape_J20CWLMYJB_1,1.4636,103.75512,102,3435
shape_J20CWLMYJB_1,1.46386,103.75489,103,3474
shape_J20CWLMYJB_1,1.46386,103.75489,104,3474
shape_J20CWLMYJB_1,1.46424,103.75457,105,3529
shape_J20CWLMYJB_1,1.46432,103.7545,106,3541
shape_J20CWLMYJB_1,1.46455,103.75429,107,3576
shape_J20CWLMYJB_1,1.46468,103.75417,108,3596
shape_J20CWLMYJB_1,1.46515,103.75377,109,3665
shape_J20CWLMYJB_1,1.46532,103.75363,110,3689
shape_J20CWLMYJB_1,1.46556,103.75342,111,3724
shape_J20CWLMYJB_1,1.46558,103.7534,112,3727
shape_J20CWLMYJB_1,1.46569,103.7533,113,3744
shape_J20CWLMYJB_1,1.46586,103.75315,114,3769
shape_J20CWLMYJB_1,1.46601,103.75301,115,3792
shape_J20CWLMYJB_1,1.46607,103.75296,116,3801
shape_J20CWLMYJB_1,1.46614,103.75291,117,3811
shape_J20CWLMYJB_1,1.46627,103.75283,118,3828
shape_J20CWLMYJB_1,1.46638,103.75276,119,3842
shape_J20CWLMYJB_1,1.46649,103.75271,120,3855
shape_J20CWLMYJB_1,1.46653,103.75269,121,3860
shape_J20CWLMYJB_1,1.46653,103.75269,122,3860
shape_J20CWLMYJB_1,1.46665,103.75263,123,3875
shape_J20CWLMYJB_1,1.46689,103.7525,124,3905
shape_J20CWLMYJB_1,1.46697,103.75245,125,3915
shape_J20CWLMYJB_1,1.46723,103.7523,126,3948
shape_J20CWLMYJB_1,1.46751,103.75214,127,3984
shape_J20CWLMYJB_1,1.46784,103.75196,128,4026
shape_J20CWLMYJB_1,1.468,103.75187,129,4046
shape_J20CWLMYJB_1,1.46815,103.75179,130,4065
shape_J20CWLMYJB_1,1.46859,103.75154,131,4121
shape_J20CWLMYJB_1,1.46895,103.75133,132,4167
shape_J20CWLMYJB_1,1.46911,103.75123,133,4188
shape_J20CWLMYJB_1,1.46921,103.75119,134,4200
shape_J20CWLMYJB_1,1.46942,103.75107,135,4227
shape_J20CWLMYJB_1,1.46967,103.75092,136,4259
shape_J20CWLMYJB_1,1.46976,103.75105,137,4277
shape_J20CWLMYJB_1,1.46984,103.75119,138,4295
shape_J20CWLMYJB_1,1.47015,103.75158,139,4350
shape_J20CWLMYJB_1,1.47038,103.75191,140,4395
shape_J20CWLMYJB_1,1.47078,103.75247,141,4472
shape_J20CWLMYJB_1,1.47084,103.75257,142,4485
shape_J20CWLMYJB_1,1.47126,103.75309,143,4559
shape_J20CWLMYJB_1,1.47148,103.75338,144,4599
shape_J20CWLMYJB_1,1.47157,103.75353,145,4618
shape_J20CWLMYJB_1,1.47193,103.75415,146,4698
shape_J20CWLMYJB_1,1.47219,103.75461,147,4757
shape_J20CWLMYJB_1,1.47244,103.75506,148,4814
shape_J20CWLMYJB_1,1.47263,103.7554,149,4857
shape_J20CWLMYJB_1,1.47287,103.75586,150,4915
shape_J20CWLMYJB_1,1.47298,103.75606,151,4940
shape_J20CWLMYJB_1,1.47315,103.75639,152,4981
shape_J20CWLMYJB_1,1.47329,103.75667,153,5016
shape_J20CWLMYJB_1,1.47342,103.75692,154,5047
shape_J20CWLMYJB_1,1.4738,103.75772,155,5145
shape_J20CWLMYJB_1,1.47383,103.7578,156,5154
shape_J20CWLMYJB_1,1.47391,103.75804,157,5182
shape_J20CWLMYJB_1,1.47396,103.75826,158,5207
shape_J20CWLMYJB_1,1.47401,103.75868,159,5254
shape_J20CWLMYJB_1,1.47396,103.75917,160,5309
shape_J20CWLMYJB_1,1.47395,103.75924,161,5317
shape_J20CWLMYJB_1,1.47394,103.75931,162,5325
shape_J20CWLMYJB_1,1.47392,103.75939,163,5334
shape_J20CWLMYJB_1,1.47374,103.7601,164,5415
shape_J20CWLMYJB_1,1.47377,103.7602,165,5427
shape_J20CWLMYJB_1,1.47375,103.76033,166,5442
shape_J20CWLMYJB_1,1.47371,103.7605,167,5461
shape_J20CWLMYJB_1,1.47368,103.76066,168,5479
shape_J20CWLMYJB_1,1.47353,103.76131,169,5553
shape_J20CWLMYJB_1,1.47341,103.76177,170,5606
shape_J20CWLMYJB_1,1.47331,103.76217,171,5652
shape_J20CWLMYJB_1,1.47327,103.76232,172,5669
shape_J20CWLMYJB_1,1.47338,103.76246,173,5689
shape_J20CWLMYJB_1,1.47347,103.76252,174,5701
shape_J20CWLMYJB_1,1.47417,103.7627,175,5781
shape_J20CWLMYJB_1,1.4744,103.76275,176,5807
shape_J20CWLMYJB_1,1.47479,103.76284,177,5852
shape_J20CWLMYJB_1,1.47514,103.76293,178,5892
shape_J20CWLMYJB_1,1.47532,103.76302,179,5914
shape_J20CWLMYJB_1,1.47556,103.76308,180,5942
shape_J20CWLMYJB_1,1.47585,103.76316,181,5975
shape_J20CWLMYJB_1,1.47626,103.76327,182,6022
shape_J20CWLMYJB_1,1.47642,103.76329,183,6040
shape_J20CWLMYJB_1,1.47642,103.76331,184,6042
shape_J20CWLMYJB_1,1.47736,103.76353,185,6149
shape_J20CWLMYJB_1,1.47757,103.76358,186,6173
shape_J20CWLMYJB_1,1.47772,103.76362,187,6190
shape_J20CWLMYJB_1,1.47788,103.76368,188,6209
shape_J20CWLMYJB_1,1.47822,103.76375,189,6248
shape_J20CWLMYJB_1,1.47886,103.76393,190,6322
shape_J20CWLMYJB_1,1.47931,103.76404,191,6374
shape_J20CWLMYJB_1,1.47987,103.76421,192,6439
shape_J20CWLMYJB_1,1.47995,103.76423,193,6448
shape_J20CWLMYJB_1,1.48009,103.76427,194,6464
shape_J20CWLMYJB_1,1.4805,103.76435,195,6510
shape_J20CWLMYJB_1,1.48049,103.76437,196,6512
shape_J20CWLMYJB_1,1.48065,103.76441,197,6530
shape_J20CWLMYJB_1,1.48146,103.76463,198,6623
shape_J20CWLMYJB_1,1.48192,103.76475,199,6676
shape_J20CWLMYJB_1,1.48249,103.76491,200,6742
shape_J20CWLMYJB_1,1.48308,103.76508,201,6810
shape_J20CWLMYJB_1,1.48333,103.76514,202,6839
shape_J20CWLMYJB_1,1.48416,103.76535,203,6934
shape_J20CWLMYJB_1,1.48463,103.76551,204,6989
shape_J20CWLMYJB_1,1.48482,103.76556,205,7011
shape_J20CWLMYJB_1,1.48581,103.76583,206,7125
shape_J20CWLMYJB_1,1.48645,103.76601,207,7199
shape_J20CWLMYJB_1,1.48652,103.76603,208,7207
shape_J20CWLMYJB_1,1.48652,103.76603,209,7207
shape_J20CWLMYJB_1,1.48684,103.76614,210,7245
shape_J20CWLMYJB_1,1.48736,103.76628,211,7305
shape_J20CWLMYJB_1,1.48744,103.76629,212,7314
shape_J20CWLMYJB_1,1.4876,103.76633,213,7332
shape_J20CWLMYJB_1,1.48935,103.76684,214,7535
shape_J20CWLMYJB_1,1.48976,103.76693,215,7582
shape_J20CWLMYJB_1,1.49011,103.76696,216,7621
shape_J20CWLMYJB_1,1.49031,103.76697,217,7643
shape_J20CWLMYJB_1,1.49052,103.76696,218,7666
shape_J20CWLMYJB_1,1.49052,103.76695,219,7667
shape_J20CWLMYJB_1,1.49105,103.76689,220,7726
shape_J20CWLMYJB_1,1.49161,103.76677,221,7790
shape_J20CWLMYJB_1,1.49198,103.7667,222,7832
shape_J20CWLMYJB_1,1.49216,103.76666,223,7853
shape_J20CWLMYJB_1,1.49287,103.76653,224,7933
shape_J20CWLMYJB_1,1.49321,103.76646,225,7972
shape_J20CWLMYJB_1,1.49345,103.76645,226,7999
shape_J20CWLMYJB_1,1.49344,103.76642,227,8003
shape_J20CWLMYJB_1,1.49377,103.76636,228,8040
shape_J20CWLMYJB_1,1.49437,103.76625,229,8108
shape_J20CWLMYJB_1,1.49507,103.76611,230,8187
shape_J20CWLMYJB_1,1.49515,103.7661,231,8196
shape_J20CWLMYJB_1,1.49561,103.76601,232,8248
shape_J20CWLMYJB_1,1.49611,103.76592,233,8304
shape_J20CWLMYJB_1,1.49662,103.76583,234,8362
shape_J20CWLMYJB_1,1.49684,103.7658,235,8387
shape_J20CWLMYJB_1,1.49859,103.76544,236,8586
shape_J20CWLMYJB_1,1.49884,103.76539,237,8614
shape_J20CWLMYJB_1,1.49905,103.76535,238,8638
shape_J20CWLMYJB_1,1.49913,103.76533,239,8647
shape_J20CWLMYJB_1,1.49982,103.76521,240,8725
shape_J20CWLMYJB_1,1.50051,103.76503,241,8804
shape_J20CWLMYJB_1,1.50052,103.76509,242,8811
shape_J20CWLMYJB_1,1.50147,103.76491,243,8919
shape_J20CWLMYJB_1,1.50174,103.76485,244,8950
shape_J20CWLMYJB_1,1.50277,103.76458,245,9068
shape_J20CWLMYJB_1,1.50286,103.76455,246,9079
shape_J20CWLMYJB_1,1.50307,103.76449,247,9103
shape_J20CWLMYJB_1,1.50362,103.76432,248,9167
shape_J20CWLMYJB_1,1.50383,103.76416,249,9196
shape_J20CWLMYJB_1,1.50386,103.76424,250,9205
shape_J20CWLMYJB_1,1.50416,103.76411,251,9241
shape_J20CWLMYJB_1,1.50436,103.76399,252,9267
shape_J20CWLMYJB_1,1.50443,103.76395,253,9276
shape_J20CWLMYJB_1,1.5045,103.76391,254,9285
shape_J20CWLMYJB_1,1.50459,103.76384,255,9298
shape_J20CWLMYJB_1,1.50476,103.76369,256,9323
shape_J20CWLMYJB_1,1.50504,103.76343,257,9365
shape_J20CWLMYJB_1,1.50516,103.7633,258,9385
shape_J20CWLMYJB_1,1.50539,103.76304,259,9424
shape_J20CWLMYJB_1,1.50571,103.76267,260,9478
shape_J20CWLMYJB_1,1.50572,103.76268,261,9480
shape_J20CWLMYJB_1,1.506,103.76241,262,9523
shape_J20CWLMYJB_1,1.50628,103.76219,263,9563
shape_J20CWLMYJB_1,1.50659,103.76201,264,9603
shape_J20CWLMYJB_1,1.50703,103.76182,265,9656
shape_J20CWLMYJB_1,1.50729,103.76173,266,9687
shape_J20CWLMYJB_1,1.50931,103.76107,267,9923
shape_J20CWLMYJB_1,1.50975,103.76089,268,9976
shape_J20CWLMYJB_1,1.50976,103.76091,269,9978
shape_J20CWLMYJB_1,1.51039,103.7607,270,10052
shape_J20CWLMYJB_1,1.51048,103.76066,271,10063
shape_J20CWLMYJB_1,1.51074,103.76056,272,10094
shape_J20CWLMYJB_1,1.5113,103.76031,273,10162
shape_J20CWLMYJB_1,1.51195,103.75998,274,10243
shape_J20CWLMYJB_1,1.51206,103.7599,275,10258
shape_J20CWLMYJB_1,1.51215,103.75983,276,10271
shape_J20CWLMYJB_1,1.51219,103.7598,277,10277
shape_J20CWLMYJB_1,1.51246,103.75955,278,10318
shape_J20CWLMYJB_1,1.51267,103.75934,279,10351
shape_J20CWLMYJB_1,1.51302,103.75898,280,10407
shape_J20CWLMYJB_1,1.51333,103.7587,281,10453
shape_J20CWLMYJB_1,1.51343,103.75862,282,10467
shape_J20CWLMYJB_1,1.51368,103.75843,283,10502
shape_J20CWLMYJB_1,1.51391,103.75829,284,10532
shape_J20CWLMYJB_1,1.51408,103.7582,285,10553
shape_J20CWLMYJB_1,1.51425,103.75812,286,10574
shape_J20CWLMYJB_1,1.51431,103.75807,287,10583
shape_J20CWLMYJB_1,1.51432,103.75808,288,10585
shape_J20CWLMYJB_1,1.51434,103.75807,289,10587
shape_J20CWLMYJB_1,1.5145,103.75801,290,10606
shape_J20CWLMYJB_1,1.51488,103.75792,291,10649
shape_J20CWLMYJB_1,1.51523,103.75788,292,10688
shape_J20CWLMYJB_1,1.51541,103.75789,293,10708
shape_J20CWLMYJB_1,1.51555,103.75789,294,10724
shape_J20CWLMYJB_1,1.51568,103.7579,295,10738
shape_J20CWLMYJB_1,1.51581,103.75791,296,10752
shape_J20CWLMYJB_1,1.5163,103.75802,297,10808
shape_J20CWLMYJB_1,1.5164,103.75805,298,10820
shape_J20CWLMYJB_1,1.5167,103.75816,299,10856
shape_J20CWLMYJB_1,1.51724,103.75833,300,10919
shape_J20CWLMYJB_1,1.51763,103.75845,301,10964
shape_J20CWLMYJB_1,1.518,103.75857,302,11007
shape_J20CWLMYJB_1,1.51818,103.75862,303,11028
shape_J20CWLMYJB_1,1.51836,103.75871,304,11050
shape_J20CWLMYJB_1,1.5189,103.75897,305,11117
shape_J20CWLMYJB_1,1.51933,103.75925,306,11174
shape_J20CWLMYJB_1,1.5197,103.75956,307,11228
shape_J20CWLMYJB_1,1.52028,103.76021,308,11325
shape_J20CWLMYJB_1,1.52051,103.76058,309,11373
shape_J20CWLMYJB_1,1.52056,103.76068,310,11385
shape_J20CWLMYJB_1,1.52072,103.76103,311,11428
shape_J20CWLMYJB_1,1.52076,103.76116,312,11443
shape_J20CWLMYJB_1,1.52091,103.76152,313,11486
shape_J20CWLMYJB_1,1.52105,103.76182,314,11523
shape_J20CWLMYJB_1,1.52175,103.76349,315,11724
shape_J20CWLMYJB_1,1.52216,103.76439,316,11834
shape_J20CWLMYJB_1,1.52227,103.76473,317,11874
shape_J20CWLMYJB_1,1.52255,103.76538,318,11953
shape_J20CWLMYJB_1,1.52263,103.76554,319,11973
shape_J20CWLMYJB_1,1.52261,103.76555,320,11975
shape_J20CWLMYJB_1,1.52269,103.76576,321,12000
shape_J20CWLMYJB_1,1.52272,103.76584,322,12009
shape_J20CWLMYJB_1,1.52308,103.76665,323,12108
shape_J20CWLMYJB_1,1.5232,103.76687,324,12136
shape_J20CWLMYJB_1,1.52332,103.76709,325,12164
shape_J20CWLMYJB_1,1.52337,103.76718,326,12175
shape_J20CWLMYJB_1,1.52363,103.76758,327,12228
shape_J20CWLMYJB_1,1.52427,103.76848,328,12351
shape_J20CWLMYJB_1,1.52437,103.76866,329,12374
shape_J20CWLMYJB_1,1.52446,103.76884,330,12396
shape_J20CWLMYJB_1,1.52453,103.76898,331,12413
shape_J20CWLMYJB_1,1.52456,103.76906,332,12422
shape_J20CWLMYJB_1,1.52464,103.76941,333,12462
shape_J20CWLMYJB_1,1.52468,103.76969,334,12493
shape_J20CWLMYJB_1,1.52469,103.76991,335,12517
shape_J20CWLMYJB_1,1.5247,103.77034,336,12565
shape_J20CWLMYJB_1,1.52473,103.77055,337,12589
shape_J20CWLMYJB_1,1.52477,103.77075,338,12612
shape_J20CWLMYJB_1,1.5248,103.77087,339,12626
shape_J20CWLMYJB_1,1.5249,103.77105,340,12649
shape_J20CWLMYJB_1,1.52489,103.77105,341,12650
shape_J20CWLMYJB_1,1.52494,103.77114,342,12661
shape_J20CWLMYJB_1,1.52518,103.77167,343,12726
shape_J20CWLMYJB_1,1.52542,103.77226,344,12797
shape_J20CWLMYJB_1,1.52554,103.7725,345,12827
shape_J20CWLMYJB_1,1.526,103.77355,346,12954
shape_J20CWLMYJB_1,1.52616,103.77395,347,13002
shape_J20CWLMYJB_1,1.5263,103.77423,348,13037
shape_J20CWLMYJB_1,1.52649,103.77471,349,13094
shape_J20CWLMYJB_1,1.52654,103.77484,350,13109
shape_J20CWLMYJB_1,1.52666,103.77513,351,13144
shape_J20CWLMYJB_1,1.52682,103.77553,352,13192
shape_J20CWLMYJB_1,1.52681,103.77553,353,13193
shape_J20CWLMYJB_1,1.52686,103.77569,354,13212
shape_J20CWLMYJB_1,1.52692,103.77597,355,13244
shape_J20CWLMYJB_1,1.52698,103.77636,356,13288
shape_J20CWLMYJB_1,1.52709,103.77762,357,13429
shape_J20CWLMYJB_1,1.52711,103.77788,358,13458
shape_J20CWLMYJB_1,1.5271,103.77809,359,13481
shape_J20CWLMYJB_1,1.52713,103.77848,360,13524
shape_J20CWLMYJB_1,1.52721,103.77876,361,13556
shape_J20CWLMYJB_1,1.5273,103.77899,362,13583
shape_J20CWLMYJB_1,1.52736,103.77911,363,13598
shape_J20CWLMYJB_1,1.52765,103.77958,364,13659
shape_J20CWLMYJB_1,1.52781,103.77979,365,13688
shape_J20CWLMYJB_1,1.52796,103.77993,366,13711
shape_J20CWLMYJB_1,1.52815,103.78008,367,13738
shape_J20CWLMYJB_1,1.52863,103.78037,368,13800
shape_J20CWLMYJB_1,1.52874,103.78041,369,13813
shape_J20CWLMYJB_1,1.52952,103.78073,370,13907
shape_J20CWLMYJB_1,1.52985,103.78085,371,13946
shape_J20CWLMYJB_1,1.53028,103.78103,372,13998
shape_J20CWLMYJB_1,1.53084,103.78125,373,14065
shape_J20CWLMYJB_1,1.53116,103.78145,374,14107
shape_J20CWLMYJB_1,1.53172,103.78188,375,14185
shape_J20CWLMYJB_1,1.53185,103.78199,376,14204
shape_J20CWLMYJB_1,1.532,103.78211,377,14225
shape_J20CWLMYJB_1,1.53212,103.78216,378,14239
shape_J20CWLMYJB_1,1.53209,103.78219,379,14244
shape_J20CWLMYJB_1,1.53243,103.7825,380,14295
shape_J20CWLMYJB_1,1.53297,103.78299,381,14376
shape_J20CWLMYJB_1,1.53325,103.78324,382,14418
shape_J20CWLMYJB_1,1.5336,103.78338,383,14460
shape_J20CWLMYJB_1,1.53351,103.78348,384,14475
shape_J20CWLMYJB_1,1.53382,103.78376,385,14521
shape_J20CWLMYJB_1,1.53416,103.78407,386,14572
shape_J20CWLMYJB_1,1.53465,103.78399,387,14627
shape_J20CWLMYJB_1,1.5348,103.78411,388,14648
shape_J20CWLMYJB_1,1.53509,103.78436,389,14691
shape_J20CWLMYJB_1,1.53515,103.78441,390,14700
shape_J20CWLMYJB_1,1.53543,103.78464,391,14740
shape_J20CWLMYJB_1,1.53572,103.78487,392,14781
shape_J20CWLMYJB_1,1.53593,103.78507,393,14813
shape_J20CWLMYJB_1,1.53653,103.78562,394,14903
shape_J20CWLMYJB_1,1.53647,103.78571,395,14915
shape_J20CWLMYJB_1,1.53639,103.78577,396,14926
shape_J20CWLMYJB_1,1.53603,103.78615,397,14984
shape_J20CWLMYJB_1,1.53572,103.78664,398,15048
shape_J20CWLMYJB_1,1.53565,103.78686,399,15074
shape_J20CWLMYJB_1,1.53556,103.78711,400,15104
shape_J20CWLMYJB_1,1.53547,103.78753,401,15152
shape_J20CWLMYJB_1,1.53541,103.78802,402,15207
shape_J20CWLMYJB_1,1.53538,103.78869,403,15282
shape_J20CWLMYJB_1,1.53529,103.78935,404,15356
shape_J20CWLMYJB_1,1.53525,103.78947,405,15370
shape_J20CWLMYJB_1,1.53526,103.78947,406,15371
shape_J20CWLMYJB_1,1.53519,103.78968,407,15396
shape_J20CWLMYJB_1,1.53499,103.79007,408,15445
shape_J20CWLMYJB_1,1.53492,103.79018,409,15459
shape_J20CWLMYJB_1,1.5348,103.79033,410,15480
shape_J20CWLMYJB_1,1.5343,103.79082,411,15558
shape_J20CWLMYJB_1,1.53411,103.79096,412,15584
shape_J20CWLMYJB_1,1.53391,103.7911,413,15611
shape_J20CWLMYJB_1,1.5334,103.79157,414,15688
shape_J20CWLMYJB_1,1.53328,103.79167,415,15705
shape_J20CWLMYJB_1,1.53293,103.79194,416,15754
shape_J20CWLMYJB_1,1.53273,103.7921,417,15782
shape_J20CWLMYJB_1,1.53273,103.7921,418,15782
shape_J20CWLMYJB_1,1.53273,103.7921,419,15782
shape_J20CWLMYJB_1,1.53149,103.79313,420,15961
shape_J20CWLMYJB_1,1.5313,103.7933,421,15989
shape_J20CWLMYJB_1,1.53109,103.79346,422,16018
shape_J20CWLMYJB_1,1.53102,103.79352,423,16028
shape_J20CWLMYJB_1,1.53087,103.79365,424,16050
shape_J20CWLMYJB_1,1.53032,103.79413,425,16131
shape_J20CWLMYJB_1,1.5298,103.79458,426,16207
shape_J20CWLMYJB_1,1.5298,103.79458,427,16207
shape_J20CWLMYJB_1,1.52877,103.79549,428,16360
shape_J20CWLMYJB_1,1.52861,103.79565,429,16385
shape_J20CWLMYJB_1,1.52844,103.79586,430,16415
shape_J20CWLMYJB_1,1.52844,103.79586,431,16415
shape_J20CWLMYJB_1,1.52795,103.79644,432,16499
shape_J20CWLMYJB_1,1.52768,103.7968,433,16549
shape_J20CWLMYJB_1,1.5276,103.79696,434,16569
shape_J20CWLMYJB_1,1.52752,103.79706,435,16583
shape_J20CWLMYJB_1,1.52725,103.79745,436,16636
shape_J20CWLMYJB_1,1.52722,103.79753,437,16645
shape_J20CWLMYJB_1,1.52716,103.79767,438,16662
shape_J20CWLMYJB_1,1.52712,103.79778,439,16675
shape_J20CWLMYJB_1,1.52699,103.79832,440,16737
shape_J20CWLMYJB_1,1.52697,103.79847,441,16754
shape_J20CWLMYJB_1,1.5270125301749276,103.79859711640934,442,16769
shape_J20CWLMYJB_1,1.52695,103.79858,443,16776
shape_J20CWLMYJB_1,1.52689,103.79885,444,16807
shape_J20CWLMYJB_1,1.52679,103.7994,445,16869
shape_J20CWLMYJB_1,1.52675,103.79961,446,16893
shape_J20CWLMYJB_1,1.52666,103.80004,447,16942
shape_J20CWLMYJB_1,1.52658,103.8005,448,16994
shape_J20CWLMYJB_1,1.52652,103.80077,449,17025
shape_J20CWLMYJB_1,1.52651,103.80081,450,17030
shape_J20CWLMYJB_1,1.52627,103.8018,451,17143
shape_J20CWLMYJB_1,1.52617,103.8023,452,17200
shape_J20CWLMYJB_1,1.52602,103.80308,453,17288
shape_J20CWLMYJB_1,1.52575,103.80395,454,17389
shape_J20CWLMYJB_1,1.52562,103.8043,455,17431
shape_J20CWLMYJB_1,1.52538,103.80498,456,17511
shape_J20CWLMYJB_1,1.5253,103.80522,457,17539
shape_J20CWLMYJB_1,1.52501,103.80592,458,17623
shape_J20CWLMYJB_1,1.52467,103.80675,459,17723
shape_J20CWLMYJB_1,1.5244,103.80739,460,17800
shape_J20CWLMYJB_1,1.52432,103.80759,461,17824
shape_J20CWLMYJB_1,1.52427,103.80767,462,17834
shape_J20CWLMYJB_1,1.52428,103.80767,463,17835
shape_J20CWLMYJB_1,1.52407,103.8082,464,17898
shape_J20CWLMYJB_1,1.52403,103.80846,465,17927
shape_J20CWLMYJB_1,1.52404,103.80864,466,17947
shape_J20CWLMYJB_1,1.52408,103.80891,467,17977
shape_J20CWLMYJB_1,1.52424,103.8097,468,18067
shape_J20CWLMYJB_1,1.52426,103.80983,469,18082
shape_J20CWLMYJB_1,1.52427,103.80986,470,18086
shape_J20CWLMYJB_1,1.52428,103.81004,471,18106
shape_J20CWLMYJB_1,1.52427,103.81024,472,18128
shape_J20CWLMYJB_1,1.52425,103.81036,473,18142
shape_J20CWLMYJB_1,1.52421,103.81052,474,18160
shape_J20CWLMYJB_1,1.52407,103.81081,475,18196
shape_J20CWLMYJB_1,1.52396,103.81095,476,18216
shape_J20CWLMYJB_1,1.52373,103.81125,477,18258
shape_J20CWLMYJB_1,1.52364,103.81137,478,18275
shape_J20CWLMYJB_1,1.52357,103.81146,479,18288
shape_J20CWLMYJB_1,1.52356,103.81146,480,18289
shape_J20CWLMYJB_1,1.52329,103.8118,481,18337
shape_J20CWLMYJB_1,1.52299,103.81218,482,18391
shape_J20CWLMYJB_1,1.52301,103.81248,483,18424
shape_J20CWLMYJB_1,1.52327,103.81269,484,18461
shape_J20CWLMYJB_1,1.52328,103.81268,485,18463
shape_J20CWLMYJB_1,1.52365,103.81296,486,18515
shape_J20CWLMYJB_1,1.52414,103.81333,487,18583
shape_J20CWLMYJB_1,1.5246,103.81367,488,18647
shape_J20CWLMYJB_1,1.52496,103.81396,489,18698
shape_J20CWLMYJB_1,1.52505,103.81402,490,18710
shape_J20CWLMYJB_1,1.52512,103.81407,491,18720
shape_J20CWLMYJB_1,1.52527,103.81419,492,18741
shape_J20CWLMYJB_1,1.52547,103.81435,493,18769
shape_J20CWLMYJB_1,1.52562,103.81446,494,18790
shape_J20CWLMYJB_1,1.52589,103.81469,495,18829
shape_J20CWLMYJB_1,1.52602,103.81481,496,18849
shape_J20CWLMYJB_1,1.52616,103.81492,497,18869
shape_J20CWLMYJB_1,1.5265,103.81513,498,18913
shape_J20CWLMYJB_1,1.52682,103.81533,499,18955
shape_J20CWLMYJB_1,1.5269,103.81538,500,18965
shape_J20CWLMYJB_1,1.52696,103.81545,501,18975
shape_J20CWLMYJB_1,1.52733,103.81573,502,19027
shape_J20CWLMYJB_1,1.52742,103.81582,503,19041
shape_J20CWLMYJB_1,1.52733,103.81591,504,19055
shape_J20CWLMYJB_1,1.52716,103.81611,505,19084
shape_J20CWLMYJB_1,1.52704,103.81624,506,19104
shape_J20CWLMYJB_1,1.52688,103.81641,507,19130
shape_J20CWLMYJB_1,1.52658,103.81672,508,19178
shape_J20CWLMYJB_1,1.52651,103.8168,509,19190
shape_J20CWLMYJB_1,1.52636,103.81691,510,19211
shape_J20CWLMYJB_1,1.52596,103.817,511,19257
shape_J20CWLMYJB_1,1.52597,103.81702,512,19259
shape_J20CWLMYJB_1,1.52593,103.81703,513,19264
shape_J20CWLMYJB_1,1.5257,103.81706,514,19290
shape_J20CWLMYJB_1,1.52526,103.81713,515,19340
shape_J20CWLMYJB_1,1.52471,103.81719,516,19402
shape_J20CWLMYJB_1,1.52434,103.81724,517,19444
shape_J20CWLMYJB_1,1.52425,103.81727,518,19455
shape_J20CWLMYJB_1,1.52402,103.81738,519,19483
shape_J20CWLMYJB_1,1.52381,103.81748,520,19509
shape_J20CWLMYJB_1,1.52353,103.81761,521,19543
shape_J20CWLMYJB_1,1.52343,103.81767,522,19556
shape_J20CWLMYJB_1,1.52331,103.81777,523,19573
shape_J20CWLMYJB_1,1.52325,103.81781,524,19581
shape_J20CWLMYJB_1,1.52276,103.81831,525,19659
shape_J20CWLMYJB_1,1.52258,103.81854,526,19691
shape_J20CWLMYJB_1,1.52218,103.81913,527,19770
shape_J20CWLMYJB_1,1.52216,103.81916,528,19774
shape_J20CWLMYJB_1,1.522,103.81943,529,19809
shape_J20CWLMYJB_1,1.52179,103.81977,530,19853
shape_J20CWLMYJB_1,1.52146,103.82025,531,19918
shape_J20CWLMYJB_1,1.52119,103.82066,532,19973
shape_J20CWLMYJB_1,1.52119,103.82066,533,19973
shape_J20CWLMYJB_1,1.52113,103.82076,534,19986
shape_J20CWLMYJB_1,1.5211,103.82093,535,20005
shape_J20CWLMYJB_1,1.52103,103.82118,536,20034
shape_J20CWLMYJB_1,1.521,103.82133,537,20051
shape_J20CWLMYJB_1,1.52098,103.82166,538,20088
shape_J20CWLMYJB_1,1.52094,103.82187,539,20112
shape_J20CWLMYJB_1,1.52095,103.82206,540,20133
shape_J20CWLMYJB_1,1.52092,103.8222,541,20149
shape_J20CWLMYJB_1,1.52092,103.82221,542,20150
shape_J20CWLMYJB_1,1.52093,103.82234,543,20164
shape_J20CWLMYJB_1,1.52091,103.82284,544,20220
shape_J20CWLMYJB_1,1.52091,103.82286,545,20222
shape_J20CWLMYJB_1,1.52077,103.82349,546,20294
shape_J20CWLMYJB_1,1.52067,103.82379,547,20329
shape_J20CWLMYJB_1,1.52058,103.82401,548,20355
shape_J20CWLMYJB_1,1.52053,103.82415,549,20372
shape_J20CWLMYJB_1,1.52035,103.82453,550,20419
shape_J20CWLMYJB_1,1.52035,103.8245,551,20422
shape_J20CWLMYJB_1,1.51999,103.82494,552,20485
shape_J20CWLMYJB_1,1.5196,103.82534,553,20547
shape_J20CWLMYJB_1,1.51935,103.82559,554,20586
shape_J20CWLMYJB_1,1.51916,103.82576,555,20614
shape_J20CWLMYJB_1,1.51908,103.82585,556,20627
shape_J20CWLMYJB_1,1.51908,103.82585,557,20627
shape_J20CWLMYJB_1,1.51786,103.82709,558,20820
shape_J20CWLMYJB_1,1.51759,103.82732,559,20859
shape_J20CWLMYJB_1,1.51748,103.82738,560,20873
shape_J20CWLMYJB_1,1.51734,103.82746,561,20891
shape_J20CWLMYJB_1,1.51721,103.82751,562,20906
shape_J20CWLMYJB_1,1.51708,103.82754,563,20921
shape_J20CWLMYJB_1,1.51678,103.82756,564,20954
shape_J20CWLMYJB_1,1.51652,103.82757,565,20983
shape_J20CWLMYJB_1,1.51637,103.8276,566,21000
shape_J20CWLMYJB_1,1.51621,103.82767,567,21019
shape_J20CWLMYJB_1,1.51602,103.82781,568,21045
shape_J20CWLMYJB_1,1.51587,103.82797,569,21069
shape_J20CWLMYJB_1,1.51578,103.8281,570,21087
shape_J20CWLMYJB_1,1.51552,103.82857,571,21147
shape_J20CWLMYJB_1,1.51539,103.82886,572,21182
shape_J20CWLMYJB_1,1.51524,103.82905,573,21209
shape_J20CWLMYJB_1,1.51514,103.82913,574,21223
shape_J20CWLMYJB_1,1.51502,103.82926,575,21243
shape_J20CWLMYJB_1,1.51459,103.8296,576,21304
shape_J20CWLMYJB_1,1.5142,103.82987,577,21357
shape_J20CWLMYJB_1,1.51393,103.83005,578,21393
shape_J20CWLMYJB_1,1.51387,103.8301,579,21402
shape_J20CWLMYJB_1,1.51382,103.83018,580,21412
shape_J20CWLMYJB_1,1.51354,103.83065,581,21473
shape_J20CWLMYJB_1,1.5135,103.83073,582,21483
shape_J20CWLMYJB_1,1.51326,103.83113,583,21535
shape_J20CWLMYJB_1,1.51325,103.83114,584,21537
shape_J20CWLMYJB_1,1.51298,103.83157,585,21593
shape_J20CWLMYJB_1,1.51242,103.83244,586,21708
shape_J20CWLMYJB_1,1.51226,103.83262,587,21735
shape_J20CWLMYJB_1,1.51201,103.83285,588,21773
shape_J20CWLMYJB_1,1.51164,103.83307,589,21821
shape_J20CWLMYJB_1,1.51152,103.83313,590,21836
shape_J20CWLMYJB_1,1.51111,103.83332,591,21886
shape_J20CWLMYJB_1,1.51094,103.83349,592,21913
shape_J20CWLMYJB_1,1.51083,103.83366,593,21936
shape_J20CWLMYJB_1,1.51079,103.83374,594,21946
shape_J20CWLMYJB_1,1.51079,103.83374,595,21946
shape_J20CWLMYJB_1,1.51057,103.83414,596,21997
shape_J20CWLMYJB_1,1.51024,103.83471,597,22070
shape_J20CWLMYJB_1,1.5098,103.83573,598,22193
shape_J20CWLMYJB_1,1.50935,103.83677,599,22319
shape_J20CWLMYJB_1,1.50812,103.83957,600,22659
shape_J20CWLMYJB_1,1.50751,103.84114,601,22846
shape_J20CWLMYJB_1,1.50718,103.84229,602,22979
shape_J20CWLMYJB_1,1.50704,103.84273,603,23030
shape_J20CWLMYJB_1,1.50686,103.84334,604,23101
shape_J20CWLMYJB_1,1.5064,103.845,605,23292
shape_J20CWLMYJB_1,1.50621,103.84566,606,23368
shape_J20CWLMYJB_1,1.50603,103.8462,607,23431
shape_J20CWLMYJB_1,1.50579,103.84686,608,23509
shape_J20CWLMYJB_1,1.50575,103.84696,609,23521
shape_J20CWLMYJB_1,1.50544,103.84773,610,23613
shape_J20CWLMYJB_1,1.50537,103.84788,611,23631
shape_J20CWLMYJB_1,1.50528,103.84811,612,23658
shape_J20CWLMYJB_1,1.50522,103.84827,613,23677
shape_J20CWLMYJB_1,1.50516,103.8485,614,23703
shape_J20CWLMYJB_1,1.50465,103.85047,615,23929
shape_J20CWLMYJB_1,1.50446,103.851,616,23992
shape_J20CWLMYJB_1,1.50426,103.85148,617,24050
shape_J20CWLMYJB_1,1.50414,103.85167,618,24075
shape_J20CWLMYJB_1,1.50384,103.85214,619,24137
shape_J20CWLMYJB_1,1.50355,103.85276,620,24213
shape_J20CWLMYJB_1,1.50345,103.85301,621,24243
shape_J20CWLMYJB_1,1.50328747466317,103.853511051888,622,24302
shape_J20CWLMYJB_1,1.50322,103.85348,623,24310
shape_J20CWLMYJB_1,1.50303,103.85391,624,24362
shape_J20CWLMYJB_1,1.50247,103.85513,625,24511
shape_J20CWLMYJB_1,1.5024,103.85524,626,24525
shape_J20CWLMYJB_1,1.50222,103.85545,627,24556
shape_J20CWLMYJB_1,1.50219,103.85548,628,24561
shape_J20CWLMYJB_1,1.50202,103.85564,629,24587
shape_J20CWLMYJB_1,1.50193,103.85576,630,24604
shape_J20CWLMYJB_1,1.50184,103.8559,631,24623
shape_J20CWLMYJB_1,1.50167,103.85621,632,24662
shape_J20CWLMYJB_1,1.50163,103.85629,633,24672
shape_J20CWLMYJB_1,1.50159,103.85638,634,24683
shape_J20CWLMYJB_1,1.50138,103.85679,635,24734
shape_J20CWLMYJB_1,1.50139,103.85679,636,24735
shape_J20CWLMYJB_1,1.50116,103.85727,637,24794
shape_J20CWLMYJB_1,1.50113,103.85732,638,24800
shape_J20CWLMYJB_1,1.50073,103.85817,639,24904
shape_J20CWLMYJB_1,1.50066,103.85832,640,24922
shape_J20CWLMYJB_1,1.50055,103.85853,641,24948
shape_J20CWLMYJB_1,1.50053,103.85858,642,24954
shape_J20CWLMYJB_1,1.50052,103.85872,643,24970
shape_J20CWLMYJB_1,1.50052,103.85882,644,24981
shape_J20CWLMYJB_1,1.50056,103.85933,645,25038
shape_J20CWLMYJB_1,1.50059,103.85959,646,25067
shape_J20CWLMYJB_1,1.50065,103.86025,647,25141
shape_J20CWLMYJB_1,1.50067,103.8605,648,25169
shape_J20CWLMYJB_1,1.5007,103.86078,649,25200
shape_J20CWLMYJB_1,1.50069,103.86098,650,25222
shape_J20CWLMYJB_1,1.50067,103.86109,651,25234
shape_J20CWLMYJB_1,1.50067,103.8611,652,25235
shape_J20CWLMYJB_1,1.50062,103.86131,653,25259
shape_J20CWLMYJB_1,1.50059,103.86139,654,25268
shape_J20CWLMYJB_1,1.5005,103.86159,655,25292
shape_J20CWLMYJB_1,1.50042,103.86177,656,25314
shape_J20CWLMYJB_1,1.50027,103.8621,657,25354
shape_J20CWLMYJB_1,1.50006,103.86257,658,25411
shape_J20CWLMYJB_1,1.4999,103.86291,659,25453
shape_J20CWLMYJB_1,1.4998,103.86314,660,25481
shape_J20CWLMYJB_1,1.4998,103.86314,661,25481
shape_J20CWLMYJB_1,1.49954,103.86372,662,25552
shape_J20CWLMYJB_1,1.49935,103.8642,663,25609
shape_J20CWLMYJB_1,1.49928,103.86436,664,25628
shape_J20CWLMYJB_1,1.49917,103.86455,665,25652
shape_J20CWLMYJB_1,1.49905,103.86469,666,25672
shape_J20CWLMYJB_1,1.49891,103.86481,667,25693
shape_J20CWLMYJB_1,1.49868,103.86502,668,25728
shape_J20CWLMYJB_1,1.49821,103.86543,669,25797
shape_J20CWLMYJB_1,1.49754,103.86603,670,25897
shape_J20CWLMYJB_1,1.49693,103.86658,671,25988
shape_J20CWLMYJB_1,1.49671,103.8668,672,26023
shape_J20CWLMYJB_1,1.49648,103.86707,673,26062
shape_J20CWLMYJB_1,1.49632,103.86735,674,26098
shape_J20CWLMYJB_1,1.49612,103.86786,675,26159
shape_J20CWLMYJB_1,1.49571,103.86944,676,26340
shape_J20CWLMYJB_1,1.49562,103.86967,677,26367
shape_J20CWLMYJB_1,1.49548,103.86988,678,26395
shape_J20CWLMYJB_1,1.49531,103.87009,679,26425
shape_J20CWLMYJB_1,1.49493,103.87036,680,26477
shape_J20CWLMYJB_1,1.49404,103.87097,681,26597
shape_J20CWLMYJB_1,1.49383,103.87118,682,26630
shape_J20CWLMYJB_1,1.49372,103.87134,683,26652
shape_J20CWLMYJB_1,1.49359,103.87162,684,26686
shape_J20CWLMYJB_1,1.49349,103.87202,685,26732
shape_J20CWLMYJB_1,1.49346,103.87222,686,26754
shape_J20CWLMYJB_1,1.49345,103.87231,687,26764
shape_J20CWLMYJB_1,1.49344,103.87231,688,26765
shape_J20CWLMYJB_1,1.4934,103.87253,689,26790
shape_J20CWLMYJB_1,1.4934,103.87262,690,26800
shape_J20CWLMYJB_1,1.4934,103.87266,691,26804
shape_J20CWLMYJB_1,1.49339,103.87281,692,26821
shape_J20CWLMYJB_1,1.49335,103.87306,693,26849
shape_J20CWLMYJB_1,1.49332,103.87338,694,26885
shape_J20CWLMYJB_1,1.49332,103.87343,695,26891
shape_J20CWLMYJB_1,1.49317,103.87432,696,26991
shape_J20CWLMYJB_1,1.49314,103.87451,697,27012
shape_J20CWLMYJB_1,1.49312,103.87464,698,27027
shape_J20CWLMYJB_1,1.49307,103.87503,699,27071
shape_J20CWLMYJB_1,1.49304,103.87524,700,27095
shape_J20CWLMYJB_1,1.493,103.87549,701,27123
shape_J20CWLMYJB_1,1.49298,103.87567,702,27143
shape_J20CWLMYJB_1,1.49291,103.87579,703,27158
shape_J20CWLMYJB_1,1.49289,103.87595,704,27176
shape_J20CWLMYJB_1,1.49286,103.8761,705,27193
shape_J20CWLMYJB_1,1.49271,103.87699,706,27293
shape_J20CWLMYJB_1,1.49265,103.87734,707,27332
shape_J20CWLMYJB_1,1.49262,103.87747,708,27347
shape_J20CWLMYJB_1,1.49257,103.87777,709,27381
shape_J20CWLMYJB_1,1.49259,103.87802,710,27409
shape_J20CWLMYJB_1,1.49255,103.87802,711,27413
shape_J20CWLMYJB_1,1.49253,103.87831,712,27445
shape_J20CWLMYJB_1,1.49248,103.87855,713,27472
shape_J20CWLMYJB_1,1.49246,103.87868,714,27487
shape_J20CWLMYJB_1,1.49241,103.87892,715,27514
shape_J20CWLMYJB_1,1.49234,103.87911,716,27537
shape_J20CWLMYJB_1,1.49232,103.87916,717,27543
shape_J20CWLMYJB_1,1.49224,103.87926,718,27557
shape_J20CWLMYJB_1,1.49205,103.87945,719,27587
shape_J20CWLMYJB_1,1.4919,103.8796,720,27611
shape_J20CWLMYJB_1,1.49172,103.87978,721,27639
shape_J20CWLMYJB_1,1.49162,103.87987,722,27654
shape_J20CWLMYJB_1,1.49158,103.8799,723,27660
shape_J20CWLMYJB_1,1.49151,103.87997,724,27671
shape_J20CWLMYJB_1,1.49113,103.8803,725,27727
shape_J20CWLMYJB_1,1.49077,103.88062,726,27781
shape_J20CWLMYJB_1,1.49069,103.88069,727,27793
shape_J20CWLMYJB_1,1.49043,103.88095,728,27834
shape_J20CWLMYJB_1,1.49044,103.88103,729,27843
shape_J20CWLMYJB_1,1.4904,103.88099,730,27849
shape_J20CWLMYJB_1,1.49026,103.88111,731,27870
shape_J20CWLMYJB_1,1.49021,103.88115,732,27877
shape_J20CWLMYJB_1,1.49005,103.88121,733,27896
shape_J20CWLMYJB_1,1.48995,103.88122,734,27907
shape_J20CWLMYJB_1,1.48981,103.88125,735,27923
shape_J20CWLMYJB_1,1.48945,103.88129,736,27963
shape_J20CWLMYJB_1,1.48915,103.88132,737,27997
shape_J20CWLMYJB_1,1.48901,103.88135,738,28013
shape_J20CWLMYJB_1,1.4889,103.88137,739,28025
shape_J20CWLMYJB_1,1.48876,103.88141,740,28041
shape_J20CWLMYJB_1,1.48829,103.88156,741,28096
shape_J20CWLMYJB_1,1.48789,103.88181,742,28148
shape_J20CWLMYJB_1,1.48785,103.8817,743,28161
shape_J20CWLMYJB_1,1.48771,103.88175,744,28178
shape_J20CWLMYJB_1,1.48732,103.88197,745,28228
shape_J20CWLMYJB_1,1.48728,103.88201,746,28234
shape_J20CWLMYJB_1,1.48714,103.88212,747,28254
shape_J20CWLMYJB_1,1.48691,103.88232,748,28288
shape_J20CWLMYJB_1,1.48675,103.88251,749,28316
shape_J20CWLMYJB_1,1.48669,103.88268,750,28336
shape_J20CWLMYJB_1,1.48667,103.88277,751,28346
shape_J20CWLMYJB_1,1.48661,103.88303,752,28376
shape_J20CWLMYJB_1,1.48657,103.88329,753,28405
shape_J20CWLMYJB_1,1.48657,103.88333,754,28409
shape_J20CWLMYJB_1,1.48654,103.88358,755,28437
shape_J20CWLMYJB_1,1.48653,103.8838,756,28461
shape_J20CWLMYJB_1,1.48652,103.88389,757,28471
shape_J20CWLMYJB_1,1.4865,103.88448,758,28537
shape_J20CWLMYJB_1,1.48649,103.88473,759,28565
shape_J20CWLMYJB_1,1.48681,103.88477,760,28601
shape_J20CWLMYJB_1,1.48715,103.88483,761,28639
shape_J20CWLMYJB_1,1.48714,103.88502,762,28660
shape_J20CWLMYJB_1,1.48712,103.88543,763,28705
shape_J20CWLMYJB_1,1.48682,103.88541,764,28739
shape_J50CWLMYJB_1,1.49487,103.74263,0,0
shape_J50CWLMYJB_1,1.4950048278582568,103.74328862831119,1,75
shape_J50CWLMYJB_1,1.4954070222213802,103.74318670436863,2,121
shape_J50CWLMYJB_1,1.495423109994384,103.74309014484409,3,132
shape_J50CWLMYJB_1,1.4951281674707897,103.74170076057437,4,290
shape_J50CWLMYJB_1,1.4938036069217604,103.74196361705783,5,440
shape_J50CWLMYJB_1,1.49359,103.74157,6,490
shape_J50CWLMYJB_1,1.49314,103.74098,7,572
shape_J50CWLMYJB_1,1.49295,103.74079,8,602
shape_J50CWLMYJB_1,1.49283,103.74071,9,618
shape_J50CWLMYJB_1,1.4927,103.74066,10,633
shape_J50CWLMYJB_1,1.4926,103.74064,11,644
shape_J50CWLMYJB_1,1.4922,103.74067,12,689
shape_J50CWLMYJB_1,1.4919,103.74076,13,724
shape_J50CWLMYJB_1,1.49175,103.74082,14,742
shape_J50CWLMYJB_1,1.49122,103.74091,15,802
shape_J50CWLMYJB_1,1.49076,103.74091,16,853
shape_J50CWLMYJB_1,1.49054,103.74089,17,878
shape_J50CWLMYJB_1,1.49025,103.74082,18,911
shape_J50CWLMYJB_1,1.48948,103.74056,19,1001
shape_J50CWLMYJB_1,1.48936,103.74051,20,1015
shape_J50CWLMYJB_1,1.48823,103.74014,21,1147
shape_J50CWLMYJB_1,1.48809,103.74017,22,1163
shape_J50CWLMYJB_1,1.48793,103.74023,23,1182
shape_J50CWLMYJB_1,1.48778,103.74034,24,1203
shape_J50CWLMYJB_1,1.48769,103.74046,25,1220
shape_J50CWLMYJB_1,1.48765,103.74059,26,1235
shape_J50CWLMYJB_1,1.48764,103.74071,27,1248
shape_J50CWLMYJB_1,1.48765,103.74083,28,1261
shape_J50CWLMYJB_1,1.4877,103.74099,29,1280
shape_J50CWLMYJB_1,1.48778,103.74116,30,1301
shape_J50CWLMYJB_1,1.48789,103.74128,31,1319
shape_J50CWLMYJB_1,1.48802,103.74134,32,1335
shape_J50CWLMYJB_1,1.48815,103.74137,33,1350
shape_J50CWLMYJB_1,1.48828,103.74137,34,1364
shape_J50CWLMYJB_1,1.48844,103.74131,35,1383
shape_J50CWLMYJB_1,1.48858,103.74121,36,1402
shape_J50CWLMYJB_1,1.4887,103.74104,37,1425
shape_J50CWLMYJB_1,1.48878,103.74086,38,1447
shape_J50CWLMYJB_1,1.48895,103.73989,39,1556
shape_J50CWLMYJB_1,1.48904,103.73957,40,1593
shape_J50CWLMYJB_1,1.48915,103.73928,41,1627
shape_J50CWLMYJB_1,1.48975,103.73793,42,1791
shape_J50CWLMYJB_1,1.49004,103.73715,43,1884
shape_J50CWLMYJB_1,1.49021,103.73635,44,1975
shape_J50CWLMYJB_1,1.49029,103.73525,45,2098
shape_J50CWLMYJB_1,1.48998,103.73176,46,2487
shape_J50CWLMYJB_1,1.48993,103.73151,47,2515
shape_J50CWLMYJB_1,1.48986,103.73127,48,2543
shape_J50CWLMYJB_1,1.48856,103.72768,49,2967
shape_J50CWLMYJB_1,1.48811,103.7264,50,3118
shape_J50CWLMYJB_1,1.48793,103.72608,51,3159
shape_J50CWLMYJB_1,1.48701,103.72468,52,3345
shape_J50CWLMYJB_1,1.48677,103.72432,53,3393
shape_J50CWLMYJB_1,1.48673,103.7241,54,3418
shape_J50CWLMYJB_1,1.48666,103.72386,55,3446
shape_J50CWLMYJB_1,1.48659,103.72354,56,3482
shape_J50CWLMYJB_1,1.48655,103.72314,57,3527
shape_J50CWLMYJB_1,1.4865,103.72288,58,3556
shape_J50CWLMYJB_1,1.48628,103.71713,59,4196
shape_J50CWLMYJB_1,1.48635,103.71691,60,4222
shape_J50CWLMYJB_1,1.48674,103.71588,61,4344
shape_J50CWLMYJB_1,1.48728,103.71476,62,4482
shape_J50CWLMYJB_1,1.48883,103.71243,63,4793
shape_J50CWLMYJB_1,1.49244,103.70725,64,5495
shape_J50CWLMYJB_1,1.49382,103.70509,65,5780
shape_J50CWLMYJB_1,1.49493,103.70351,66,5995
shape_J50CWLMYJB_1,1.49665,103.7014,67,6298
shape_J50CWLMYJB_1,1.49839,103.69891,68,6636
shape_J50CWLMYJB_1,1.49887,103.6983,69,6722
shape_J50CWLMYJB_1,1.50074,103.69568,70,7080
shape_J50CWLMYJB_1,1.50249,103.69358,71,7384
shape_J50CWLMYJB_1,1.50474,103.69154,72,7722
shape_J50CWLMYJB_1,1.50587,103.69069,73,7879
shape_J50CWLMYJB_1,1.50824,103.68931,74,8184
shape_J50CWLMYJB_1,1.50993,103.68826,75,8405
shape_J50CWLMYJB_1,1.51163,103.68694,76,8644
shape_J50CWLMYJB_1,1.51364,103.68566,77,8909
shape_J50CWLMYJB_1,1.51525,103.68457,78,9125
shape_J50CWLMYJB_1,1.52272,103.67928,79,10143
shape_J50CWLMYJB_1,1.52311,103.67908,80,10192
shape_J50CWLMYJB_1,1.52421,103.67813,81,10354
shape_J50CWLMYJB_1,1.52503,103.67717,82,10494
shape_J50CWLMYJB_1,1.52532,103.67678,83,10548
shape_J50CWLMYJB_1,1.52573,103.67613,84,10633
shape_J50CWLMYJB_1,1.52601,103.67562,85,10698
shape_J50CWLMYJB_1,1.52777,103.6711,86,11237
shape_J50CWLMYJB_1,1.52795,103.67072,87,11284
shape_J50CWLMYJB_1,1.52808,103.67058,88,11305
shape_J50CWLMYJB_1,1.52839,103.67002,89,11376
shape_J50CWLMYJB_1,1.52894,103.66933,90,11474
shape_J50CWLMYJB_1,1.53049,103.66793,91,11706
shape_J50CWLMYJB_1,1.53504,103.66477,92,12322
shape_J50CWLMYJB_1,1.53593,103.66415,93,12443
shape_J50CWLMYJB_1,1.53634,103.66366,94,12514
shape_J50CWLMYJB_1,1.53675,103.66318,95,12584
shape_J50CWLMYJB_1,1.53721,103.66282,96,12649
shape_J50CWLMYJB_1,1.53863,103.66146,97,12868
shape_J50CWLMYJB_1,1.53883,103.6613,98,12896
shape_J50CWLMYJB_1,1.53952,103.66067,99,13000
shape_J50CWLMYJB_1,1.5406178251269529,103.65965172023773,100,13166
shape_J50CWLMYJB_1,1.54156,103.65878,101,13309
shape_J50CWLMYJB_1,1.5424839125775118,103.65835953372954,102,13422
shape_J50CWLMYJB_1,1.5448154421974785,103.657310291996,103,13706
shape_J50CWLMYJB_1,1.5451,103.65731,104,13738
shape_J50CWLMYJB_1,1.54558,103.65719,105,13793
shape_J50CWLMYJB_1,1.54661,103.65703,106,13909
shape_J50CWLMYJB_1,1.54745,103.657,107,14002
shape_J50CWLMYJB_1,1.54787,103.65695,108,14049
shape_J50CWLMYJB_1,1.54873,103.65399,109,14392
shape_J50CWLMYJB_1,1.54969,103.65196,110,14642
shape_J50CWLMYJB_1,1.5503227697108164,103.65055452247623,111,14813
shape_J50CWLMYJB_1,1.5508053905495534,103.64882717987064,112,15012
shape_J50CWLMYJB_1,1.5509555392324905,103.64792595764163,113,15114
shape_J50CWLMYJB_1,1.5509448143269162,103.64689598937991,114,15228
shape_J50CWLMYJB_1,1.5508375652682225,103.64549051185611,115,15385
shape_J50CWLMYJB_1,1.5503978440707256,103.64392410179141,116,15566
shape_J50CWLMYJB_1,1.5496363754395357,103.64194999595645,117,15801
shape_J50CWLMYJB_1,1.5488105570371,103.63998661895755,118,16038
shape_J50CWLMYJB_1,1.5481885117941636,103.6384094800568,119,16226
shape_J50CWLMYJB_1,1.5476415408262922,103.63701473136905,120,16393
shape_J50CWLMYJB_1,1.5475021168315322,103.63592039009097,121,16516
shape_J50CWLMYJB_1,1.547727340203146,103.63468657394412,122,16655
shape_J50CWLMYJB_1,1.5483493855814086,103.63358150382999,123,16796
shape_J50CWLMYJB_1,1.5495398512273215,103.63239060302737,124,16983
shape_J50CWLMYJB_1,1.5513309108932758,103.63072763343814,125,17255
shape_J50CWLMYJB_1,1.5540764844428305,103.62760327350462,126,17717
shape_J50CWLMYJB_1,1.5569293031777611,103.62469575893248,127,18170
shape_J50CWLMYJB_1,1.5583557110978705,103.62317226421202,128,18402
shape_J50CWLMYJB_1,1.5593423987180226,103.62201354991758,129,18571
shape_J50CWLMYJB_1,1.5606830061563026,103.62033985149229,130,18809
shape_J50CWLMYJB_1,1.56255,103.61756,131,19181
shape_J50CWLMYJB_1,1.56488,103.61356,132,19696
shape_J50CWLMYJB_1,1.56574,103.61151,133,19943
shape_J50CWLMYJB_1,1.56631,103.60915,134,20213
shape_J50CWLMYJB_1,1.56651,103.60628,135,20533
shape_J50CWLMYJB_1,1.56652,103.59868,136,21378
shape_J50CWLMYJB_1,1.56687,103.59484,137,21807
shape_J50CWLMYJB_1,1.5668271007016685,103.5924260118866,138,22075
shape_J50CWLMYJB_1,1.5657546179579547,103.5899035957153,139,22380
shape_J50CWLMYJB_1,1.56432,103.58745,140,22696
shape_J50CWLMYJB_1,1.56186,103.58334,141,23228
shape_J50CWLMYJB_1,1.5610400460049627,103.58192976398468,142,23409
shape_J50CWLMYJB_1,1.560010459743244,103.58014877719879,143,23638
shape_J50CWLMYJB_1,1.559860311704624,103.57814248485565,144,23862
shape_J50CWLMYJB_1,1.559806687402534,103.5762971250534,145,24067
shape_J50CWLMYJB_1,1.559699438794245,103.57497747821807,146,24214
shape_J50CWLMYJB_1,1.5595707404570696,103.57378657741546,147,24347
shape_J50CWLMYJB_1,1.559399142661943,103.57132967395782,148,24621
shape_J50CWLMYJB_1,1.55881,103.56919,149,24868
shape_J50CWLMYJB_1,1.55658,103.56544,150,25353
shape_J50CWLMYJB_1,1.555464612498468,103.56357121800386,151,25595
shape_J50CWLMYJB_1,1.5548211194408936,103.56284165715181,152,25703
shape_J50CWLMYJB_1,1.5540060279530106,103.56202626561128,153,25831
shape_J50CWLMYJB_1,1.5530622374161691,103.5611465010544,154,25974
shape_J50CWLMYJB_1,1.5521506211565232,103.56000924443208,155,26136
shape_J50CWLMYJB_1,1.5516251010164708,103.55822507811988,156,26343
shape_J50CWLMYJB_1,1.5512926290236932,103.55637971831763,157,26551
shape_J50CWLMYJB_1,1.5507778335769702,103.55521027518714,158,26693
shape_J50CWLMYJB_1,1.5501343390924847,103.55441634131873,159,26807
shape_J50CWLMYJB_1,1.5491583720844504,103.55363313628638,160,26946
shape_J50CWLMYJB_1,1.5479893560654683,103.55318252517188,161,27085
shape_J50CWLMYJB_1,1.5465307663673722,103.55283920241797,162,27252
shape_J50CWLMYJB_1,1.5447826023937832,103.55242077781165,163,27452
shape_J50CWLMYJB_1,1.5430666118182714,103.55197016669715,164,27649
shape_J50CWLMYJB_1,1.5414793193033032,103.55160538627112,165,27830
shape_J50CWLMYJB_1,1.5400100001772914,103.55151955558264,166,27994
shape_J50CWLMYJB_1,1.5387122795227832,103.55170194579566,167,28140
shape_J50CWLMYJB_1,1.5375325327880658,103.55222765876258,168,28284
shape_J50CWLMYJB_1,1.5358594363009148,103.55321471168006,169,28500
shape_J50CWLMYJB_1,1.5338324138021164,103.55383698417151,170,28736
shape_J50CWLMYJB_1,1.5328242643309404,103.55396573020423,171,28849
shape_J50CWLMYJB_1,1.5320198894124104,103.55390135718787,172,28939
shape_J50CWLMYJB_1,1.5312047891868694,103.55375115348303,173,29031
shape_J50CWLMYJB_1,1.5294566126580407,103.55305377913916,174,29240
shape_J50CWLMYJB_1,1.5265930320773906,103.55157319976294,175,29598
shape_J50CWLMYJB_1,1.5246518011245898,103.5506290621897,176,29838
shape_J50CWLMYJB_1,1.5229679695432374,103.54979221297705,177,30047
shape_J50CWLMYJB_1,1.5210267353231928,103.54893390609229,178,30283
shape_J50CWLMYJB_1,1.5189996988317604,103.54793612433875,179,30534
shape_J50CWLMYJB_1,1.5170691861195034,103.54650918914282,180,30801
shape_J50CWLMYJB_1,1.5146560428068905,103.54448143912757,181,31151
shape_J50CWLMYJB_1,1.5119318689048777,103.5418080388321,182,31575
shape_J50CWLMYJB_1,1.5101193261071646,103.54058495152131,183,31818
shape_J50CWLMYJB_1,1.5093042176106035,103.54023089993134,184,31917
shape_J50CWLMYJB_1,1.5066658380143683,103.53967300045625,185,32217
shape_J50CWLMYJB_1,1.5039523792427747,103.53925457584992,186,32522
shape_J50CWLMYJB_1,1.5019575022623037,103.53855720150605,187,32757
shape_J50CWLMYJB_1,1.5002951033873184,103.53768816578523,188,32966
shape_J50CWLMYJB_1,1.4989651833777045,103.53657236683503,189,33159
shape_J50CWLMYJB_1,1.497914116992141,103.5355209409012,190,33324
shape_J50CWLMYJB_1,1.4968094242271406,103.53358975041047,191,33571
shape_J50CWLMYJB_1,1.4960801121937655,103.531883865477,192,33777
shape_J50CWLMYJB_1,1.4953722502824571,103.53024235355988,193,33976
shape_J50CWLMYJB_1,1.494857441476285,103.52871885883943,194,34155
shape_J50CWLMYJB_1,1.4950504947927499,103.52781763661042,195,34257
shape_J50CWLMYJB_1,1.49605,103.52536,196,34552
shape_J50CWLMYJB_1,1.49718,103.52232,197,34913
shape_J50CWLMYJB_1,1.49861,103.51845,198,35372
shape_J50CWLMYJB_1,1.50228,103.51731,199,35799
shape_J50CWLMYJB_1,1.50733,103.51226,200,36593
shape_J50CWLMYJB_1,1.50777,103.50991,201,36859
shape_J50CWLMYJB_1,1.50887,103.50718,202,37186
shape_J50CWLMYJB_1,1.5094706064101902,103.50282409255983,203,37675
shape_J50CWLMYJB_1,1.51021,103.49313,204,38756
shape_J50CWLMYJB_1,1.510660454545534,103.49220732009887,205,38870
shape_J50CWLMYJB_1,1.51174369009405,103.49135974205016,206,39023
shape_J50CWLMYJB_1,1.5124032837524284,103.49072674072265,207,39125
shape_J50CWLMYJB_1,1.513148677970598,103.48988989151,208,39250
shape_J50CWLMYJB_1,1.513733195559621,103.48928907669067,209,39343
shape_J50CWLMYJB_1,1.5152132577407624,103.48842540538787,210,39534
shape_J50CWLMYJB_1,1.5168595576019384,103.48730424201965,211,39755
shape_J50CWLMYJB_1,1.51799,103.48643,212,39914
shape_J50CWLMYJB_1,1.5192501954568973,103.4861188637543,213,40058
shape_J50CWLMYJB_1,1.52066,103.48533,214,40238
shape_J50CWLMYJB_1,1.5217378680184273,103.48474527843473,215,40374
shape_J50CWLMYJB_1,1.522338470859699,103.48429466732023,216,40457
shape_J50CWLMYJB_1,1.5225100716407687,103.4840371752548,217,40491
shape_J50CWLMYJB_1,1.5226280471698312,103.48374213226316,218,40526
shape_J50CWLMYJB_1,1.522713847550557,103.48325397022245,219,40581
shape_J50CWLMYJB_1,1.522917623441046,103.48208452709196,220,40713
shape_J50CWLMYJB_1,1.5232715499419263,103.4798958445358,221,40959
shape_J50CWLMYJB_1,1.52357,103.47753,222,41224
shape_J50CWLMYJB_1,1.52443,103.47214,223,41831
shape_J50CWLMYJB_1,1.5249146374818294,103.46893342921942,224,42191
shape_J50CWLMYJB_1,1.5252792886891173,103.4674638273868,225,42359
shape_J50CWLMYJB_1,1.5253436388957555,103.46687374140352,226,42425
shape_J50CWLMYJB_1,1.5252578386198226,103.46582231546968,227,42542
shape_J50CWLMYJB_1,1.5248717373357206,103.46394615211489,228,42755
shape_J50CWLMYJB_1,1.524571436289118,103.4619505886078,229,42979
shape_J50CWLMYJB_1,1.5239708340702554,103.45883922615053,230,43331
shape_J50CWLMYJB_1,1.523842133572987,103.4584744457245,231,43374
shape_J50CWLMYJB_1,1.51957,103.45352,232,44101
shape_J50CWLMYJB_1,1.51497,103.44815,233,44887
shape_J50CWLMYJB_1,1.5141977936840503,103.44718440475467,234,45024
shape_J50CWLMYJB_1,1.51231,103.44623,235,45259
shape_J50CWLMYJB_1,1.50886,103.44488,236,45671
shape_J50CWLMYJB_1,1.5076587866766487,103.4444723042297,237,45812
shape_J50CWLMYJB_1,1.504827352649991,103.44470833862302,238,46128
shape_J50CWLMYJB_1,1.5035832365360737,103.44470833862302,239,46266
shape_J50CWLMYJB_1,1.50016,103.44211,240,46744
shape_J50CWLMYJB_1,1.4987871792467196,103.44105857406616,241,46936
shape_J50CWLMYJB_1,1.497585960381604,103.43981402908325,242,47128
shape_J50CWLMYJB_1,1.4959,103.43719,243,47475
shape_J50CWLMYJB_1,1.4945861651026828,103.43516224998473,244,47744
shape_J50CWLMYJB_1,1.4916045613594566,103.4303128160858,245,48377
shape_J50CWLMYJB_1,1.4893,103.4263,246,48891
shape_J50CWLMYJB_1,1.4872943844780158,103.42330665473936,247,49292
shape_J50CWLMYJB_1,1.48515,103.4198,248,49749
shape_J50CWLMYJB_1,1.48409,103.41716,249,50065
shape_J50CWLMYJB_1,1.48379,103.41277,250,50554
shape_J50CWLMYJB_1,1.48399,103.4091,251,50963
shape_J50CWLMYJB_1,1.48373,103.40598,252,51311
shape_J50CWLMYJB_1,1.48204,103.40267,253,51724
shape_J50CWLMYJB_1,1.4816860668186291,103.40125379364012,254,51886
shape_J50CWLMYJB_1,1.4811498043148488,103.39922604362486,255,52119
shape_J50CWLMYJB_1,1.4804741133753254,103.39694139488763,256,52384
shape_J50CWLMYJB_1,1.4787,103.39152,257,53018
shape_J50CWLMYJB_1,1.4782924399601742,103.38946006347653,258,53251
shape_J50CWLMYJB_1,1.47798,103.38857,259,53356
shape_J50CWLMYJB_1,1.4779853626333403,103.38802819377901,260,53416
shape_J50CWLMYJB_1,1.4779719560499691,103.38794236309053,261,53426
shape_J50CWLMYJB_1,1.4780631208153765,103.38790212995531,262,53437
shape_J50CWLMYJB_1,1.4781033405636452,103.38778947717668,263,53450
shape_J50CWLMYJB_1,1.4780792087147756,103.38769023544313,264,53461
shape_J50CWLMYJB_1,1.4781703734757812,103.38758562929155,265,53476
shape_J50CWLMYJB_1,1.4783258898241545,103.3875775826645,266,53493
shape_J50CWLMYJB_1,1.4789908561563252,103.38773046857835,267,53569
shape_J50CWLMYJB_1,1.4797148112107623,103.38796918518068,268,53654
shape_J50CWLMYJB_1,1.4806666776819914,103.38828032142641,269,53765
shape_J50CWLMYJB_1,1.480634501920622,103.38841711408617,270,53781
shape_J50CWLMYJB_1,1.4805460185744452,103.38848416931154,271,53793
shape_J50CWLMYJB_1,1.4795646575892636,103.38879798776628,272,53908
shape_J50CWLMYJB_1,1.47936,103.38831,273,53967
shape_J30CWLMYJB_0,1.66247,103.59879,0,0
shape_J30CWLMYJB_0,1.6624571784441617,103.59908959201337,1,33
shape_J30CWLMYJB_0,1.662536,103.59912,2,42
shape_J30CWLMYJB_0,1.662614,103.599148,3,51
shape_J30CWLMYJB_0,1.662672,103.599168,4,58
shape_J30CWLMYJB_0,1.662813,103.599217,5,75
shape_J30CWLMYJB_0,1.662948,103.599274,6,91
shape_J30CWLMYJB_0,1.6629956486508801,103.59929937607477,7,97
shape_J30CWLMYJB_0,1.6629397838097804,103.59940266952951,8,110
shape_J30CWLMYJB_0,1.66282,103.5996,9,136
shape_J30CWLMYJB_0,1.662778,103.59967,10,145
shape_J30CWLMYJB_0,1.662741,103.599688,11,150
shape_J30CWLMYJB_0,1.6627173513496203,103.59972542270187,12,155
shape_J30CWLMYJB_0,1.662634,103.599911,13,178
shape_J30CWLMYJB_0,1.6625323567823704,103.60012291534427,14,204
shape_J30CWLMYJB_0,1.662354,103.600534,15,254
shape_J30CWLMYJB_0,1.662236,103.600795,16,286
shape_J30CWLMYJB_0,1.662128,103.601005,17,312
shape_J30CWLMYJB_0,1.662077,103.601104,18,324
shape_J30CWLMYJB_0,1.662022,103.601277,19,344
shape_J30CWLMYJB_0,1.661928,103.601498,20,371
shape_J30CWLMYJB_0,1.661793,103.601869,21,415
shape_J30CWLMYJB_0,1.661668,103.602194,22,454
shape_J30CWLMYJB_0,1.661543,103.602501,23,491
shape_J30CWLMYJB_0,1.6615,103.602623,24,505
shape_J30CWLMYJB_0,1.661469,103.602793,25,524
shape_J30CWLMYJB_0,1.661425,103.602964,26,544
shape_J30CWLMYJB_0,1.66137,103.603045,27,555
shape_J30CWLMYJB_0,1.661307,103.603362,28,591
shape_J30CWLMYJB_0,1.661195870264457,103.60367195337292,29,628
shape_J30CWLMYJB_0,1.66109,103.60393,30,659
shape_J30CWLMYJB_0,1.66096,103.60432,31,705
shape_J30CWLMYJB_0,1.66084,103.60454,32,733
shape_J30CWLMYJB_0,1.66058,103.60492,33,784
shape_J30CWLMYJB_0,1.65905,103.60679,34,1053
shape_J30CWLMYJB_0,1.65815,103.60768,35,1194
shape_J30CWLMYJB_0,1.65713,103.60848,36,1338
shape_J30CWLMYJB_0,1.65657,103.60883,37,1411
shape_J30CWLMYJB_0,1.65438,103.60962,38,1670
shape_J30CWLMYJB_0,1.65288,103.61009,39,1845
shape_J30CWLMYJB_0,1.65234,103.61031,40,1910
shape_J30CWLMYJB_0,1.65099,103.61133,41,2098
shape_J30CWLMYJB_0,1.64856,103.61301,42,2426
shape_J30CWLMYJB_0,1.64841,103.61313,43,2447
shape_J30CWLMYJB_0,1.6462638385692654,103.6148260932541,44,2751
shape_J30CWLMYJB_0,1.6460521732266833,103.61505437301639,45,2786
shape_J30CWLMYJB_0,1.6458734055122652,103.6153299705696,46,2823
shape_J30CWLMYJB_0,1.645395728307198,103.61621889087677,47,2935
shape_J30CWLMYJB_0,1.64518,103.61653,48,2977
shape_J30CWLMYJB_0,1.64414,103.61854,49,3229
shape_J30CWLMYJB_0,1.64289,103.62043,50,3481
shape_J30CWLMYJB_0,1.63981,103.62447,51,4046
shape_J30CWLMYJB_0,1.63584,103.62972,52,4778
shape_J30CWLMYJB_0,1.63356,103.63263,53,5189
shape_J30CWLMYJB_0,1.63293,103.63332,54,5293
shape_J30CWLMYJB_0,1.62874,103.63793,55,5986
shape_J30CWLMYJB_0,1.62437,103.6427,56,6705
shape_J30CWLMYJB_0,1.62125,103.6455,57,7171
shape_J30CWLMYJB_0,1.62082,103.64581,58,7230
shape_J30CWLMYJB_0,1.6206,103.6459,59,7256
shape_J30CWLMYJB_0,1.62052,103.64603,60,7273
shape_J30CWLMYJB_0,1.61999,103.64611,61,7333
shape_J30CWLMYJB_0,1.61591,103.64706,62,7799
shape_J30CWLMYJB_0,1.61306,103.64731,63,8117
shape_J30CWLMYJB_0,1.61284,103.64736,64,8142
shape_J30CWLMYJB_0,1.60639,103.64782,65,8861
shape_J30CWLMYJB_0,1.60581,103.64786,66,8926
shape_J30CWLMYJB_0,1.60555,103.64785,67,8955
shape_J30CWLMYJB_0,1.60494,103.64769,68,9025
shape_J30CWLMYJB_0,1.60454,103.64752,69,9073
shape_J30CWLMYJB_0,1.60425,103.64732,70,9112
shape_J30CWLMYJB_0,1.60319,103.64648,71,9262
shape_J30CWLMYJB_0,1.60279,103.64608,72,9325
shape_J30CWLMYJB_0,1.6023,103.64552,73,9408
shape_J30CWLMYJB_0,1.60212,103.64537,74,9434
shape_J30CWLMYJB_0,1.60181,103.6452,75,9473
shape_J30CWLMYJB_0,1.60129,103.64505,76,9533
shape_J30CWLMYJB_0,1.60108,103.64491,77,9561
shape_J30CWLMYJB_0,1.60072,103.64482,78,9602
shape_J30CWLMYJB_0,1.60031,103.64476,79,9648
shape_J30CWLMYJB_0,1.59993,103.64478,80,9690
shape_J30CWLMYJB_0,1.59954,103.64491,81,9736
shape_J30CWLMYJB_0,1.59934,103.64502,82,9761
shape_J30CWLMYJB_0,1.59871,103.64543,83,9845
shape_J30CWLMYJB_0,1.59836,103.64555,84,9886
shape_J30CWLMYJB_0,1.59795,103.64561,85,9932
shape_J30CWLMYJB_0,1.59739,103.64557,86,9994
shape_J30CWLMYJB_0,1.59698,103.64551,87,10040
shape_J30CWLMYJB_0,1.59637,103.64548,88,10108
shape_J30CWLMYJB_0,1.59598,103.64553,89,10152
shape_J30CWLMYJB_0,1.59549,103.64571,90,10210
shape_J30CWLMYJB_0,1.59277,103.64715,91,10552
shape_J30CWLMYJB_0,1.59139,103.64769,92,10717
shape_J30CWLMYJB_0,1.5911,103.64792,93,10758
shape_J30CWLMYJB_0,1.59049,103.64793,94,10826
shape_J30CWLMYJB_0,1.58984,103.64807,95,10900
shape_J30CWLMYJB_0,1.58781,103.64834,96,11128
shape_J30CWLMYJB_0,1.58738,103.64845,97,11177
shape_J30CWLMYJB_0,1.58622,103.64891,98,11316
shape_J30CWLMYJB_0,1.58561,103.64921,99,11392
shape_J30CWLMYJB_0,1.58492,103.64967,100,11484
shape_J30CWLMYJB_0,1.58455,103.64997,101,11537
shape_J30CWLMYJB_0,1.58417,103.65035,102,11597
shape_J30CWLMYJB_0,1.58314,103.65165,103,11781
shape_J30CWLMYJB_0,1.5827,103.65236,104,11874
shape_J30CWLMYJB_0,1.58173,103.65426,105,12111
shape_J30CWLMYJB_0,1.58136,103.65466,106,12172
shape_J30CWLMYJB_0,1.58104,103.65508,107,12231
shape_J30CWLMYJB_0,1.58072,103.65545,108,12285
shape_J30CWLMYJB_0,1.57982,103.6563,109,12423
shape_J30CWLMYJB_0,1.57915,103.65679,110,12515
shape_J30CWLMYJB_0,1.57859,103.65713,111,12588
shape_J30CWLMYJB_0,1.57626,103.65833,112,12879
shape_J30CWLMYJB_0,1.57182,103.66052,113,13429
shape_J30CWLMYJB_0,1.5711,103.66072,114,13512
shape_J30CWLMYJB_0,1.57091,103.6608,115,13535
shape_J30CWLMYJB_0,1.56978,103.6609,116,13661
shape_J30CWLMYJB_0,1.56864,103.66091,117,13788
shape_J30CWLMYJB_0,1.5654,103.66071,118,14149
shape_J30CWLMYJB_0,1.564577,103.660601,119,14241
shape_J30CWLMYJB_0,1.563532,103.660515,120,14358
shape_J30CWLMYJB_0,1.562845,103.66036,121,14436
shape_J30CWLMYJB_0,1.56222,103.66027,122,14506
shape_J30CWLMYJB_0,1.561459,103.660081,123,14593
shape_J30CWLMYJB_0,1.560515,103.659855,124,14701
shape_J30CWLMYJB_0,1.55992,103.659678,125,14770
shape_J30CWLMYJB_0,1.559523,103.659533,126,14817
shape_J30CWLMYJB_0,1.559159,103.659431,127,14859
shape_J30CWLMYJB_0,1.55874,103.659389,128,14906
shape_J30CWLMYJB_0,1.558299,103.65934,129,14955
shape_J30CWLMYJB_0,1.557618,103.659206,130,15032
shape_J30CWLMYJB_0,1.556774200993763,103.65907755092618,131,15127
shape_J30CWLMYJB_0,1.55472,103.65882,132,15357
shape_J30CWLMYJB_0,1.5540582620046755,103.65887827976226,133,15431
shape_J30CWLMYJB_0,1.55221,103.65844,134,15642
shape_J30CWLMYJB_0,1.54967,103.65748,135,15944
shape_J30CWLMYJB_0,1.54852,103.65723,136,16075
shape_J30CWLMYJB_0,1.5478,103.65717,137,16155
shape_J30CWLMYJB_0,1.54656,103.65719,138,16293
shape_J30CWLMYJB_0,1.5456,103.65735,139,16401
shape_J30CWLMYJB_0,1.54487,103.65754,140,16485
shape_J30CWLMYJB_0,1.54437,103.65784,141,16550
shape_J30CWLMYJB_0,1.54349,103.65818,142,16655
shape_J30CWLMYJB_0,1.54321,103.65839,143,16694
shape_J30CWLMYJB_0,1.54255,103.65871,144,16776
shape_J30CWLMYJB_0,1.54212,103.65897,145,16832
shape_J30CWLMYJB_0,1.541465362476746,103.65936049570084,146,16917
shape_J30CWLMYJB_0,1.5409209999999964,103.65972245767212,147,16990
shape_J30CWLMYJB_0,1.540607,103.65998,148,17035
shape_J30CWLMYJB_0,1.540465,103.660031,149,17052
shape_J30CWLMYJB_0,1.540226,103.660162,150,17082
shape_J30CWLMYJB_0,1.5399732567515498,103.66041364418031,151,17122
shape_J30CWLMYJB_0,1.53982,103.6606,152,17149
shape_J30CWLMYJB_0,1.539509,103.660845,153,17193
shape_J30CWLMYJB_0,1.539174,103.661138,154,17242
shape_J30CWLMYJB_0,1.538694,103.661597,155,17316
shape_J30CWLMYJB_0,1.5378284695090092,103.66244311904906,156,17451
shape_J30CWLMYJB_0,1.5375,103.66291,157,17514
shape_J30CWLMYJB_0,1.5357,103.66472,158,17798
shape_J30CWLMYJB_0,1.5346512312715277,103.6654297668648,159,17939
shape_J30CWLMYJB_0,1.5317,103.66724,160,18324
shape_J30CWLMYJB_0,1.53097,103.66781,161,18427
shape_J30CWLMYJB_0,1.52949,103.6691,162,18645
shape_J30CWLMYJB_0,1.52915,103.66943,163,18698
shape_J30CWLMYJB_0,1.52858,103.67012,164,18797
shape_J30CWLMYJB_0,1.52811,103.67087,165,18895
shape_J30CWLMYJB_0,1.5278514500436609,103.67135291534426,166,18956
shape_J30CWLMYJB_0,1.527643,103.672016,167,19033
shape_J30CWLMYJB_0,1.52746,103.672627,168,19104
shape_J30CWLMYJB_0,1.527257,103.673148,169,19166
shape_J30CWLMYJB_0,1.526849,103.674097,170,19281
shape_J30CWLMYJB_0,1.526458,103.675036,171,19394
shape_J30CWLMYJB_0,1.5260073871777826,103.67594894973756,172,19507
shape_J30CWLMYJB_0,1.5255950752324903,103.67662661838533,173,19595
shape_J30CWLMYJB_0,1.5251333242016214,103.67734233135221,174,19690
shape_J30CWLMYJB_0,1.524544500775915,103.67800833862307,175,19789
shape_J30CWLMYJB_0,1.5242040630036224,103.67839927116397,176,19847
shape_J30CWLMYJB_0,1.52261,103.67966,177,20073
shape_J30CWLMYJB_0,1.51513,103.68491,178,21089
shape_J30CWLMYJB_0,1.51153,103.68748,179,21581
shape_J30CWLMYJB_0,1.50915,103.68898,180,21894
shape_J30CWLMYJB_0,1.508414,103.68938,181,21987
shape_J30CWLMYJB_0,1.50769,103.689812,182,22081
shape_J30CWLMYJB_0,1.507046,103.690209,183,22165
shape_J30CWLMYJB_0,1.506242,103.6907,184,22270
shape_J30CWLMYJB_0,1.5056781786598523,103.69103921230317,185,22343
shape_J30CWLMYJB_0,1.50524,103.691362,186,22404
shape_J30CWLMYJB_0,1.504873912296618,103.69164851289746,187,22456
shape_J30CWLMYJB_0,1.504532,103.69196,188,22507
shape_J30CWLMYJB_0,1.5041033391067562,103.69227708465579,189,22566
shape_J30CWLMYJB_0,1.503516,103.692778,190,22652
shape_J30CWLMYJB_0,1.503151,103.693146,191,22710
shape_J30CWLMYJB_0,1.5026660877197775,103.69358413988112,192,22783
shape_J30CWLMYJB_0,1.502325,103.693951,193,22839
shape_J30CWLMYJB_0,1.501628,103.694731,194,22955
shape_J30CWLMYJB_0,1.501222175460928,103.69525999999999,195,23029
shape_J30CWLMYJB_0,1.50081,103.69585,196,23109
shape_J30CWLMYJB_0,1.500416,103.696354,197,23180
shape_J30CWLMYJB_0,1.499912,103.697092,198,23279
shape_J30CWLMYJB_0,1.499408,103.697818,199,23377
shape_J30CWLMYJB_0,1.4990233393934154,103.6983673472214,200,23452
shape_J30CWLMYJB_0,1.49892,103.69862,201,23482
shape_J30CWLMYJB_0,1.4970641205290556,103.70139880950924,202,23853
shape_J30CWLMYJB_0,1.495821373097204,103.70321006347653,203,24097
shape_J30CWLMYJB_0,1.494427407021099,103.70527509262085,204,24374
shape_J30CWLMYJB_0,1.49263,103.70768,205,24708
shape_J30CWLMYJB_0,1.48961,103.71202,206,25296
shape_J30CWLMYJB_0,1.4878324818127113,103.71433839748383,207,25621
shape_J30CWLMYJB_0,1.487651317459517,103.71460349933625,208,25657
shape_J30CWLMYJB_0,1.487564,103.714735,209,25675
shape_J30CWLMYJB_0,1.487454,103.714955,210,25702
shape_J30CWLMYJB_0,1.4873784617262478,103.71516164418028,211,25726
shape_J30CWLMYJB_0,1.4873629008853686,103.71529586011889,212,25741
shape_J30CWLMYJB_0,1.4873655821906846,103.71547682209012,213,25761
shape_J30CWLMYJB_0,1.4874087691368616,103.71572658895492,214,25789
shape_J30CWLMYJB_0,1.48761,103.7164,215,25867
shape_J30CWLMYJB_0,1.4875934065251746,103.71667743435862,216,25898
shape_J30CWLMYJB_0,1.4875629008814777,103.71687524785044,217,25920
shape_J30CWLMYJB_0,1.4874976480613844,103.71703658895491,218,25939
shape_J30CWLMYJB_0,1.4873976480639914,103.71718072883607,219,25959
shape_J30CWLMYJB_0,1.4872672522196442,103.7172859766865,220,25978
shape_J30CWLMYJB_0,1.4870977578646747,103.71739023313522,221,26000
shape_J30CWLMYJB_0,1.486869,103.717464,222,26027
shape_J30CWLMYJB_0,1.4865740219594137,103.71751486871719,223,26060
shape_J30CWLMYJB_0,1.486086,103.717625,224,26116
shape_J30CWLMYJB_0,1.4857749872380956,103.71769355704309,225,26151
shape_J30CWLMYJB_0,1.485559,103.717742,226,26176
shape_J30CWLMYJB_0,1.485386,103.717771,227,26196
shape_J30CWLMYJB_0,1.485201,103.717882,228,26220
shape_J30CWLMYJB_0,1.4850303957999298,103.71800583068851,229,26243
shape_J30CWLMYJB_0,1.484903912150305,103.71813023313526,230,26263
shape_J30CWLMYJB_0,1.484521340654389,103.71865743435858,231,26335
shape_J30CWLMYJB_0,1.48383,103.7197,232,26474
shape_J30CWLMYJB_0,1.483631,103.720022,233,26516
shape_J30CWLMYJB_0,1.483239,103.720586,234,26592
shape_J30CWLMYJB_0,1.48286,103.721136,235,26666
shape_J30CWLMYJB_0,1.482473,103.72169,236,26741
shape_J30CWLMYJB_0,1.48224,103.72198,237,26782
shape_J30CWLMYJB_0,1.48205,103.72219,238,26813
shape_J30CWLMYJB_0,1.48143,103.72274,239,26905
shape_J30CWLMYJB_0,1.48079,103.72321,240,26993
shape_J30CWLMYJB_0,1.48017,103.72354,241,27071
shape_J30CWLMYJB_0,1.47975,103.7237,242,27121
shape_J30CWLMYJB_0,1.47919,103.72387,243,27186
shape_J30CWLMYJB_0,1.47805,103.72407,244,27315
shape_J30CWLMYJB_0,1.476773,103.724403,245,27462
shape_J30CWLMYJB_0,1.475809999999994,103.72456827976227,246,27571
shape_J30CWLMYJB_0,1.47516,103.72474,247,27646
shape_J30CWLMYJB_0,1.474377,103.724916,248,27735
shape_J30CWLMYJB_0,1.473937,103.725031,249,27786
shape_J30CWLMYJB_0,1.4730129011630195,103.72523096197129,250,27891
shape_J30CWLMYJB_0,1.472320945146973,103.72542364418028,251,27971
shape_J30CWLMYJB_0,1.471577,103.725628,252,28057
shape_J30CWLMYJB_0,1.470569,103.725939,253,28174
shape_J30CWLMYJB_0,1.469888,103.726194,254,28255
shape_J30CWLMYJB_0,1.46829,103.72672,255,28442
shape_J30CWLMYJB_0,1.4681026813285631,103.7268521865082,256,28467
shape_J30CWLMYJB_0,1.467742,103.727169,257,28520
shape_J30CWLMYJB_0,1.466967,103.727853,258,28635
shape_J30CWLMYJB_0,1.466166,103.728589,259,28756
shape_J30CWLMYJB_0,1.465488,103.729182,260,28856
shape_J30CWLMYJB_0,1.465132,103.729553,261,28913
shape_J30CWLMYJB_0,1.4649142284181642,103.72977363725663,262,28947
shape_J30CWLMYJB_0,1.46473,103.72993,263,28974
shape_J30CWLMYJB_0,1.4630399794616022,103.73154881932017,264,29234
shape_J30CWLMYJB_0,1.462805,103.731789,265,29271
shape_J30CWLMYJB_0,1.462564,103.732005,266,29307
shape_J30CWLMYJB_0,1.462161,103.732415,267,29371
shape_J30CWLMYJB_0,1.461814,103.732762,268,29426
shape_J30CWLMYJB_0,1.461581,103.733075,269,29469
shape_J30CWLMYJB_0,1.4613912306439298,103.73330900859834,270,29502
shape_J30CWLMYJB_0,1.46118,103.73359,271,29541
shape_J30CWLMYJB_0,1.46069,103.73448,272,29654
shape_J30CWLMYJB_0,1.460495012306313,103.73484061342239,273,29700
shape_J30CWLMYJB_0,1.4602988679590534,103.73527175214959,274,29753
shape_J30CWLMYJB_0,1.46017,103.735653,275,29798
shape_J30CWLMYJB_0,1.460019,103.736179,276,29859
shape_J30CWLMYJB_0,1.459848,103.73692,277,29944
shape_J30CWLMYJB_0,1.459507204122715,103.7382776322937,278,30100
shape_J30CWLMYJB_0,1.45947,103.73857,279,30133
shape_J30CWLMYJB_0,1.459390,103.738824,280,30163
shape_J30CWLMYJB_0,1.459330,103.739162,281,30201
shape_J30CWLMYJB_0,1.459219,103.739594,282,30251
shape_J30CWLMYJB_0,1.459136,103.739890,283,30285
shape_J30CWLMYJB_0,1.458976,103.740493,284,30354
shape_J30CWLMYJB_0,1.458790,103.741155,285,30430
shape_J30CWLMYJB_0,1.458562,103.741897,286,30516
shape_J30CWLMYJB_0,1.458329,103.742686,287,30607
shape_J30CWLMYJB_0,1.458134,103.743433,288,30693
shape_J30CWLMYJB_0,1.458070,103.743805,289,30735
shape_J30CWLMYJB_0,1.457925,103.744403,290,30803
shape_J30CWLMYJB_0,1.457798,103.744917,291,30862
shape_J30CWLMYJB_0,1.457658,103.745523,292,30931
shape_J30CWLMYJB_0,1.457548,103.745979,293,30983
shape_J30CWLMYJB_0,1.457460896390998,103.74637588839533,294,31028
shape_J30CWLMYJB_0,1.45748,103.74656,295,31049
shape_J30CWLMYJB_0,1.45676,103.74912,296,31345
shape_J30CWLMYJB_0,1.456388,103.749785,297,31430
shape_J30CWLMYJB_0,1.456093,103.750429,298,31509
shape_J30CWLMYJB_0,1.45558,103.75148,299,31639
shape_J30CWLMYJB_0,1.455395,103.751999,300,31700
shape_J30CWLMYJB_0,1.455163,103.752650,301,31777
shape_J30CWLMYJB_0,1.454917,103.753506,302,31876
shape_J30CWLMYJB_0,1.454826,103.753808,303,31911
shape_J30CWLMYJB_0,1.454755,103.754114,304,31946
shape_J30CWLMYJB_0,1.4546845272266273,103.75441798834323,305,31981
shape_J30CWLMYJB_0,1.454588549242556,103.75486396502968,306,32032
shape_J30CWLMYJB_0,1.454538,103.755122,307,32061
shape_J30CWLMYJB_0,1.454518,103.755406,308,32093
shape_J30CWLMYJB_0,1.454503,103.755687,309,32124
shape_J30CWLMYJB_0,1.454446,103.755957,310,32155
shape_J30CWLMYJB_0,1.454408,103.756327,311,32196
shape_J30CWLMYJB_0,1.4544,103.75662,312,32229
shape_J30CWLMYJB_0,1.45443,103.75732,313,32307
shape_J30CWLMYJB_0,1.45523,103.76126,314,32754
shape_J30CWLMYJB_0,1.45546,103.76188,315,32828
shape_J30CWLMYJB_0,1.455558,103.762389,316,32886
shape_J30CWLMYJB_0,1.456,103.76371,317,33041
shape_J30CWLMYJB_0,1.45652,103.76484,318,33179
shape_J30CWLMYJB_0,1.456639,103.765079,319,33209
shape_J30CWLMYJB_0,1.456731,103.765258,320,33231
shape_J30CWLMYJB_0,1.456875,103.765437,321,33257
shape_J30CWLMYJB_0,1.457046,103.765657,322,33288
shape_J30CWLMYJB_0,1.45736,103.7662,323,33358
shape_J30CWLMYJB_0,1.45756,103.7664,324,33389
shape_J30CWLMYJB_0,1.45777,103.76654,325,33417
shape_J30CWLMYJB_0,1.45797,103.76663,326,33441
shape_J30CWLMYJB_0,1.45826,103.76671,327,33474
shape_J30CWLMYJB_0,1.45883,103.7668,328,33538
shape_J30CWLMYJB_0,1.45904,103.76686,329,33562
shape_J30CWLMYJB_0,1.45916,103.76694,330,33578
shape_J30CWLMYJB_0,1.45927,103.76704,331,33595
shape_J30CWLMYJB_0,1.459362461254136,103.76712209937095,332,33609
shape_J30CWLMYJB_0,1.459478,103.767165,333,33623
shape_J30CWLMYJB_0,1.4595905502050377,103.7672091545963,334,33636
shape_J30CWLMYJB_0,1.4596656153147491,103.76719658895493,335,33644
shape_J30CWLMYJB_0,1.459747823937578,103.76710743435859,336,33657
shape_J30CWLMYJB_0,1.45997,103.76697,337,33686
shape_J30CWLMYJB_0,1.4600801100362728,103.76689011656758,338,33701
shape_J30CWLMYJB_0,1.460172,103.766824,339,33714
shape_J30CWLMYJB_0,1.460375,103.766686,340,33741
shape_J30CWLMYJB_0,1.460501,103.766607,341,33758
shape_J30CWLMYJB_0,1.460731,103.766461,342,33788
shape_J30CWLMYJB_0,1.460836,103.766411,343,33801
shape_J30CWLMYJB_0,1.461003,103.766332,344,33822
shape_J30CWLMYJB_0,1.461172,103.766264,345,33842
shape_J30CWLMYJB_0,1.461371,103.766182,346,33866
shape_J30CWLMYJB_0,1.461530,103.766116,347,33885
shape_J30CWLMYJB_0,1.461684,103.766046,348,33904
shape_J30CWLMYJB_0,1.461855,103.765934,349,33927
shape_J30CWLMYJB_0,1.462045,103.765818,350,33952
shape_J30CWLMYJB_0,1.462345,103.765647,351,33990
shape_J30CWLMYJB_0,1.462659,103.765470,352,34030
shape_J30CWLMYJB_0,1.463052,103.765245,353,34080
shape_J30CWLMYJB_0,1.463398,103.765060,354,34124
shape_J30CWLMYJB_0,1.4634910098967393,103.76500761382582,355,34136
shape_J30CWLMYJB_0,1.46352,103.76496,356,34142
shape_J300CWLMYJB_0,1.65547,103.57217,0,0
shape_J300CWLMYJB_0,1.655606725945401,103.57204331415056,1,21
shape_J300CWLMYJB_0,1.6566934132643305,103.57308437532423,2,188
shape_J300CWLMYJB_0,1.6558696890311932,103.57393460845945,3,320
shape_J300CWLMYJB_0,1.65523,103.57459,4,422
shape_J300CWLMYJB_0,1.65426,103.5754,5,562
shape_J300CWLMYJB_0,1.65155,103.57796,6,976
shape_J300CWLMYJB_0,1.65132,103.57801,7,1002
shape_J300CWLMYJB_0,1.6511400929562936,103.57838758997117,8,1048
shape_J300CWLMYJB_0,1.6509364230193557,103.57857606613157,9,1079
shape_J300CWLMYJB_0,1.650260900942859,103.57919831265453,10,1181
shape_J300CWLMYJB_0,1.65097,103.57995,11,1296
shape_J300CWLMYJB_0,1.65234,103.58142,12,1519
shape_J300CWLMYJB_0,1.65361,103.58214,13,1681
shape_J300CWLMYJB_0,1.65562,103.58314,14,1931
shape_J300CWLMYJB_0,1.65582,103.5832,15,1954
shape_J300CWLMYJB_0,1.65648,103.58325,16,2028
shape_J300CWLMYJB_0,1.65651,103.58323,17,2032
shape_J300CWLMYJB_0,1.65658,103.58322,18,2040
shape_J300CWLMYJB_0,1.65663,103.58299,19,2066
shape_J300CWLMYJB_0,1.65695,103.58219,20,2162
shape_J300CWLMYJB_0,1.65842,103.57844,21,2610
shape_J300CWLMYJB_0,1.65909,103.57706,22,2781
shape_J300CWLMYJB_0,1.66015,103.57564,23,2978
shape_J300CWLMYJB_0,1.660247935126404,103.57551586011886,24,2996
shape_J300CWLMYJB_0,1.660358983824201,103.57548708465576,25,3009
shape_J300CWLMYJB_0,1.660482389234535,103.57551049570083,26,3023
shape_J300CWLMYJB_0,1.6605646378348247,103.57552075826646,27,3032
shape_J300CWLMYJB_0,1.66064,103.57552,28,3040
shape_J300CWLMYJB_0,1.6608071568238476,103.57581213226315,29,3077
shape_J300CWLMYJB_0,1.6611396109974403,103.57610717525479,30,3126
shape_J300CWLMYJB_0,1.6627428972747553,103.57750192394253,31,3362
shape_J300CWLMYJB_0,1.66303,103.57765,32,3398
shape_J300CWLMYJB_0,1.6645,103.57898,33,3618
shape_J300CWLMYJB_0,1.66457,103.57906,34,3630
shape_J300CWLMYJB_0,1.66464,103.57902,35,3639
shape_J300CWLMYJB_0,1.66662,103.57665,36,3982
shape_J300CWLMYJB_0,1.66685,103.5765,37,4013
shape_J300CWLMYJB_0,1.66701,103.57631,38,4041
shape_J300CWLMYJB_0,1.66745,103.57659,39,4099
shape_J300CWLMYJB_0,1.6678,103.57701,40,4160
shape_J300CWLMYJB_0,1.66848,103.57755,41,4257
shape_J300CWLMYJB_0,1.66859,103.5776,42,4270
shape_J300CWLMYJB_0,1.66852,103.57857,43,4378
shape_J300CWLMYJB_0,1.66852,103.57885,44,4409
shape_J300CWLMYJB_0,1.66855,103.57913,45,4440
shape_J300CWLMYJB_0,1.66866,103.57968,46,4502
shape_J300CWLMYJB_0,1.66869,103.57991,47,4528
shape_J300CWLMYJB_0,1.66877,103.58028,48,4570
shape_J300CWLMYJB_0,1.66892,103.58092,49,4643
shape_J300CWLMYJB_0,1.66897,103.58125,50,4680
shape_J300CWLMYJB_0,1.66906,103.58279,51,4851
shape_J300CWLMYJB_0,1.66898,103.58374,52,4957
shape_J300CWLMYJB_0,1.66898,103.58565,53,5169
shape_J300CWLMYJB_0,1.66892,103.58598,54,5206
shape_J300CWLMYJB_0,1.66838,103.58761,55,5397
shape_J300CWLMYJB_0,1.66826,103.58785,56,5427
shape_J300CWLMYJB_0,1.66806,103.58839,57,5491
shape_J300CWLMYJB_0,1.66658,103.59165,58,5889
shape_J300CWLMYJB_0,1.66594,103.59314,59,6069
shape_J300CWLMYJB_0,1.66487,103.59519,60,6326
shape_J300CWLMYJB_0,1.66478,103.59538,61,6349
shape_J300CWLMYJB_0,1.66464,103.59575,62,6393
shape_J300CWLMYJB_0,1.66448,103.59633,63,6460
shape_J300CWLMYJB_0,1.66414,103.59725,64,6569
shape_J300CWLMYJB_0,1.66378,103.59797,65,6658
shape_J300CWLMYJB_0,1.66308,103.59914,66,6810
shape_J300CWLMYJB_0,1.66247,103.59879,67,6888
shape_J34CWLMYJB_1,1.46352,103.76496,0,0
shape_J34CWLMYJB_1,1.463997,103.764696,1,61
shape_J34CWLMYJB_1,1.464249,103.764594,2,91
shape_J34CWLMYJB_1,1.464442,103.764455,3,117
shape_J34CWLMYJB_1,1.464617,103.76432,4,142
shape_J34CWLMYJB_1,1.464845,103.764165,5,173
shape_J34CWLMYJB_1,1.465019,103.76402,6,198
shape_J34CWLMYJB_1,1.465172,103.763907,7,219
shape_J34CWLMYJB_1,1.46522,103.763749,8,237
shape_J34CWLMYJB_1,1.465247,103.763655,9,248
shape_J34CWLMYJB_1,1.46529,103.76358,10,258
shape_J34CWLMYJB_1,1.465357,103.763494,11,270
shape_J34CWLMYJB_1,1.465483,103.763502,12,284
shape_J34CWLMYJB_1,1.46559,103.763537,13,297
shape_J34CWLMYJB_1,1.465657,103.763604,14,308
shape_J34CWLMYJB_1,1.46566,103.763736,15,323
shape_J34CWLMYJB_1,1.465614,103.763829,16,335
shape_J34CWLMYJB_1,1.465539,103.763915,17,348
shape_J34CWLMYJB_1,1.465424,103.76402,18,365
shape_J34CWLMYJB_1,1.465236,103.764114,19,388
shape_J34CWLMYJB_1,1.464981,103.764261,20,421
shape_J34CWLMYJB_1,1.464649,103.764481,21,465
shape_J34CWLMYJB_1,1.464287,103.764728,22,514
shape_J34CWLMYJB_1,1.46374,103.765055,23,585
shape_J34CWLMYJB_1,1.463233,103.765339,24,650
shape_J34CWLMYJB_1,1.462547,103.765702,25,736
shape_J34CWLMYJB_1,1.462217,103.765862,26,777
shape_J34CWLMYJB_1,1.461466,103.766337,27,876
shape_J34CWLMYJB_1,1.460219,103.766922,28,1029
shape_J34CWLMYJB_1,1.459348,103.767442,29,1142
shape_J34CWLMYJB_1,1.4590966602730746,103.76720725760269,30,1180
shape_J34CWLMYJB_1,1.458600549280747,103.76699030786516,31,1240
shape_J34CWLMYJB_1,1.4580861090620088,103.76686956183244,32,1299
shape_J34CWLMYJB_1,1.457712,103.766696,33,1345
shape_J34CWLMYJB_1,1.457336,103.766394,34,1399
shape_J34CWLMYJB_1,1.45693,103.766164,35,1451
shape_J34CWLMYJB_1,1.456442,103.76589,36,1513
shape_J34CWLMYJB_1,1.456184,103.765627,37,1554
shape_J34CWLMYJB_1,1.45602,103.7654,38,1585
shape_J34CWLMYJB_1,1.45487,103.76126,39,2063
shape_J34CWLMYJB_1,1.45426,103.75828,40,2401
shape_J34CWLMYJB_1,1.454226,103.757828,41,2451
shape_J34CWLMYJB_1,1.454191,103.757453,42,2493
shape_J34CWLMYJB_1,1.454138,103.757069,43,2536
shape_J34CWLMYJB_1,1.454143,103.75671,44,2576
shape_J34CWLMYJB_1,1.454202,103.756211,45,2632
shape_J34CWLMYJB_1,1.454328,103.755921,46,2667
shape_J34CWLMYJB_1,1.454449,103.755556,47,2710
shape_J34CWLMYJB_1,1.45447,103.755312,48,2737
shape_J34CWLMYJB_1,1.454532,103.754982,49,2774
shape_J34CWLMYJB_1,1.454696,103.754277,50,2854
shape_J34CWLMYJB_1,1.454862,103.753751,51,2915
shape_J34CWLMYJB_1,1.454994,103.753156,52,2983
shape_J34CWLMYJB_1,1.455147,103.752686,53,3038
shape_J34CWLMYJB_1,1.455278,103.752139,54,3101
shape_J34CWLMYJB_1,1.455265,103.751933,55,3124
shape_J34CWLMYJB_1,1.455305,103.751533,56,3169
shape_J34CWLMYJB_1,1.455436,103.751136,57,3215
shape_J34CWLMYJB_1,1.455643,103.750731,58,3266
shape_J34CWLMYJB_1,1.45581,103.750347,59,3313
shape_J34CWLMYJB_1,1.455938,103.750103,60,3344
shape_J34CWLMYJB_1,1.456078,103.749714,61,3390
shape_J34CWLMYJB_1,1.456319,103.749207,62,3452
shape_J34CWLMYJB_1,1.456556,103.748553,63,3529
shape_J34CWLMYJB_1,1.45671,103.74825,64,3567
shape_J34CWLMYJB_1,1.45938,103.73828,65,4714
shape_J34CWLMYJB_1,1.45945,103.737852,66,4762
shape_J34CWLMYJB_1,1.459547,103.737501,67,4802
shape_J34CWLMYJB_1,1.45971,103.736924,68,4869
shape_J34CWLMYJB_1,1.459818,103.736452,69,4923
shape_J34CWLMYJB_1,1.459933,103.736052,70,4969
shape_J34CWLMYJB_1,1.460274,103.735069,71,5085
shape_J34CWLMYJB_1,1.460459,103.734624,72,5139
shape_J34CWLMYJB_1,1.460683,103.734252,73,5187
shape_J34CWLMYJB_1,1.460881,103.733922,74,5230
shape_J34CWLMYJB_1,1.461484,103.73303,75,5350
shape_J34CWLMYJB_1,1.461723,103.732687,76,5396
shape_J34CWLMYJB_1,1.462015,103.732357,77,5445
shape_J34CWLMYJB_1,1.462585,103.7318,78,5534
shape_J34CWLMYJB_1,1.4628,103.73158,79,5568
shape_J34CWLMYJB_1,1.46453,103.72975,80,5848
shape_J34CWLMYJB_1,1.464949,103.729355,81,5912
shape_J34CWLMYJB_1,1.465271,103.729076,82,5959
shape_J34CWLMYJB_1,1.465643,103.728843,83,6008
shape_J34CWLMYJB_1,1.465973,103.728586,84,6055
shape_J34CWLMYJB_1,1.466318,103.728241,85,6109
shape_J34CWLMYJB_1,1.466887,103.727703,86,6196
shape_J34CWLMYJB_1,1.467493,103.727126,87,6289
shape_J34CWLMYJB_1,1.46808,103.726648,88,6373
shape_J34CWLMYJB_1,1.468345,103.726476,89,6408
shape_J34CWLMYJB_1,1.468832,103.726379,90,6463
shape_J34CWLMYJB_1,1.469325,103.726255,91,6520
shape_J34CWLMYJB_1,1.470128,103.725971,92,6615
shape_J34CWLMYJB_1,1.470795,103.725773,93,6692
shape_J34CWLMYJB_1,1.4722519999999966,103.72529286011886,94,6863
shape_J34CWLMYJB_1,1.47286,103.725056,95,6936
shape_J34CWLMYJB_1,1.47321,103.72495,96,6977
shape_J34CWLMYJB_1,1.4738913626432077,103.72480917790985,97,7054
shape_J34CWLMYJB_1,1.47459,103.724656,98,7134
shape_J34CWLMYJB_1,1.475158,103.724522,99,7199
shape_J34CWLMYJB_1,1.476204,103.724248,100,7319
shape_J34CWLMYJB_1,1.477048,103.724088,101,7415
shape_J34CWLMYJB_1,1.477886,103.723929,102,7510
shape_J34CWLMYJB_1,1.478377,103.723808,103,7566
shape_J34CWLMYJB_1,1.479191,103.72365,104,7658
shape_J34CWLMYJB_1,1.479619,103.723532,105,7707
shape_J34CWLMYJB_1,1.480054,103.723368,106,7759
shape_J34CWLMYJB_1,1.480496,103.723178,107,7812
shape_J34CWLMYJB_1,1.481014,103.722918,108,7876
shape_J34CWLMYJB_1,1.481421,103.722644,109,7931
shape_J34CWLMYJB_1,1.481936,103.722177,110,8008
shape_J34CWLMYJB_1,1.482172,103.721885,111,8050
shape_J34CWLMYJB_1,1.482612,103.721225,112,8138
shape_J34CWLMYJB_1,1.484055,103.719151,113,8419
shape_J34CWLMYJB_1,1.48411,103.71892,114,8445
shape_J34CWLMYJB_1,1.48452,103.718343,115,8524
shape_J34CWLMYJB_1,1.484774,103.717989,116,8572
shape_J34CWLMYJB_1,1.484952,103.717817,117,8600
shape_J34CWLMYJB_1,1.485204,103.717597,118,8637
shape_J34CWLMYJB_1,1.485421,103.717479,119,8664
shape_J34CWLMYJB_1,1.48558,103.717365,120,8686
shape_J34CWLMYJB_1,1.485701,103.717219,121,8707
shape_J34CWLMYJB_1,1.485709,103.717106,122,8720
shape_J34CWLMYJB_1,1.485728,103.716964,123,8736
shape_J34CWLMYJB_1,1.485671,103.716803,124,8755
shape_J34CWLMYJB_1,1.48562,103.716701,125,8768
shape_J34CWLMYJB_1,1.485513,103.716631,126,8782
shape_J34CWLMYJB_1,1.485094,103.716325,127,8840
shape_J34CWLMYJB_1,1.484555,103.715957,128,8913
shape_J34CWLMYJB_1,1.484021,103.715627,129,8983
shape_J34CWLMYJB_1,1.483759,103.71541,130,9021
shape_J34CWLMYJB_1,1.483595417732488,103.71523550429917,131,9048
shape_J34CWLMYJB_1,1.483456,103.715005,132,9078
shape_J34CWLMYJB_1,1.483279,103.714729,133,9114
shape_J34CWLMYJB_1,1.483187,103.7146,134,9132
shape_J34CWLMYJB_1,1.483002,103.714391,135,9163
shape_J34CWLMYJB_1,1.482866,103.714195,136,9190
shape_J34CWLMYJB_1,1.482748,103.714032,137,9212
shape_J34CWLMYJB_1,1.48238,103.713388,138,9294
shape_J34CWLMYJB_1,1.482096,103.712817,139,9365
shape_J34CWLMYJB_1,1.481948373763115,103.7125398407655,140,9400
shape_J34CWLMYJB_1,1.4817989783368717,103.7122131312828,141,9440
shape_J34CWLMYJB_1,1.4817211980127933,103.71184541964338,142,9482
shape_J34CWLMYJB_1,1.48182,103.711739,143,9498
shape_J34CWLMYJB_1,1.482029,103.711742,144,9521
shape_J34CWLMYJB_1,1.48211,103.711823,145,9534
shape_J34CWLMYJB_1,1.482161,103.712037,146,9558
shape_J34CWLMYJB_1,1.482225,103.712271,147,9585
shape_J34CWLMYJB_1,1.482429,103.712727,148,9641
shape_J34CWLMYJB_1,1.482581,103.71311,149,9687
shape_J34CWLMYJB_1,1.482707,103.713376,150,9720
shape_J34CWLMYJB_1,1.482993,103.713924,151,9789
shape_J34CWLMYJB_1,1.483089,103.714203,152,9822
shape_J34CWLMYJB_1,1.483328,103.714586,153,9872
shape_J34CWLMYJB_1,1.483475,103.714809,154,9902
shape_J34CWLMYJB_1,1.483757,103.715249,155,9960
shape_J34CWLMYJB_1,1.483945,103.715405,156,9987
shape_J34CWLMYJB_1,1.484138,103.715553,157,10014
shape_J34CWLMYJB_1,1.484403,103.715746,158,10050
shape_J34CWLMYJB_1,1.484637,103.71585,159,10078
shape_J34CWLMYJB_1,1.485301,103.71635,160,10170
shape_J34CWLMYJB_1,1.485684,103.716572,161,10219
shape_J34CWLMYJB_1,1.485856,103.716564,162,10238
shape_J34CWLMYJB_1,1.4860168682376322,103.71643830919263,163,10261
shape_J34CWLMYJB_1,1.4862659887469076,103.71610264781569,164,10307
shape_J34CWLMYJB_1,1.486587626125699,103.71563134225848,165,10370
shape_J34CWLMYJB_1,1.4870378006262828,103.7150059470825,166,10456
shape_J34CWLMYJB_1,1.487372,103.714477,167,10526
shape_J34CWLMYJB_1,1.488188,103.713417,168,10675
shape_J34CWLMYJB_1,1.488713,103.712685,169,10775
shape_J34CWLMYJB_1,1.48883,103.71243,170,10806
shape_J34CWLMYJB_1,1.49244,103.70725,171,11508
shape_J34CWLMYJB_1,1.49382,103.70509,172,11793
shape_J34CWLMYJB_1,1.49493,103.70351,173,12008
shape_J34CWLMYJB_1,1.49665,103.7014,174,12311
shape_J34CWLMYJB_1,1.49887,103.6983,175,12735
shape_J34CWLMYJB_1,1.50074,103.69568,176,13093
shape_J34CWLMYJB_1,1.501014,103.695355,177,13140
shape_J34CWLMYJB_1,1.5012959006132316,103.69492534722134,178,13197
shape_J34CWLMYJB_1,1.50169,103.694521,179,13260
shape_J34CWLMYJB_1,1.502538,103.693655,180,13395
shape_J34CWLMYJB_1,1.50407,103.692221,181,13628
shape_J34CWLMYJB_1,1.506265,103.690479,182,13940
shape_J34CWLMYJB_1,1.507446,103.689774,183,14093
shape_J34CWLMYJB_1,1.507991,103.689431,184,14165
shape_J34CWLMYJB_1,1.50824,103.68931,185,14196
shape_J34CWLMYJB_1,1.51163,103.68694,186,14656
shape_J34CWLMYJB_1,1.51525,103.68457,187,15137
shape_J34CWLMYJB_1,1.515614,103.684292,188,15188
shape_J34CWLMYJB_1,1.515946,103.684086,189,15231
shape_J34CWLMYJB_1,1.516228,103.683874,190,15270
shape_J34CWLMYJB_1,1.517139,103.683229,191,15394
shape_J34CWLMYJB_1,1.51799,103.682647,192,15509
shape_J34CWLMYJB_1,1.518746,103.682086,193,15614
shape_J34CWLMYJB_1,1.519561,103.681497,194,15726
shape_J34CWLMYJB_1,1.520687,103.680757,195,15876
shape_J34CWLMYJB_1,1.521286,103.680273,196,15962
shape_J34CWLMYJB_1,1.521283,103.679881,197,16006
shape_J34CWLMYJB_1,1.521119,103.679677,198,16035
shape_J34CWLMYJB_1,1.520572,103.678967,199,16135
shape_J34CWLMYJB_1,1.520148,103.678431,200,16211
shape_J34CWLMYJB_1,1.519499,103.677578,201,16330
shape_J34CWLMYJB_1,1.518844,103.676705,202,16451
shape_J34CWLMYJB_1,1.518297,103.675885,203,16561
shape_J34CWLMYJB_1,1.517975,103.675418,204,16624
shape_J34CWLMYJB_1,1.51738,103.674496,205,16746
shape_J34CWLMYJB_1,1.517187,103.674188,206,16786
shape_J34CWLMYJB_1,1.516857,103.673673,207,16854
shape_J34CWLMYJB_1,1.516079,103.672426,208,17017
shape_J34CWLMYJB_1,1.5158598685669857,103.67209156564142,209,17061
shape_J34CWLMYJB_1,1.516012,103.671983,210,17082
shape_J34CWLMYJB_1,1.516209,103.671843,211,17109
shape_J34CWLMYJB_1,1.516339,103.671746,212,17127
shape_J34CWLMYJB_1,1.516501,103.67164,213,17149
shape_J34CWLMYJB_1,1.516644,103.671528,214,17169
shape_J34CWLMYJB_1,1.516726,103.671475,215,17180
shape_J34CWLMYJB_1,1.51681,103.671402,216,17192
shape_J34CWLMYJB_1,1.516877,103.671327,217,17203
shape_J34CWLMYJB_1,1.516899,103.671287,218,17208
shape_J34CWLMYJB_1,1.516973,103.671346,219,17219
shape_J34CWLMYJB_1,1.517013,103.671377,220,17225
shape_J34CWLMYJB_1,1.517044,103.671427,221,17232
shape_J34CWLMYJB_1,1.51703,103.67147,222,17237
shape_J34CWLMYJB_1,1.517018,103.671533,223,17244
shape_J34CWLMYJB_1,1.516974,103.671552,224,17249
shape_J34CWLMYJB_1,1.516923,103.671556,225,17255
shape_J34CWLMYJB_1,1.516838,103.671518,226,17265
shape_J34CWLMYJB_1,1.516802,103.671493,227,17270
shape_J34CWLMYJB_1,1.516778,103.671475,228,17273
shape_J34CWLMYJB_1,1.516716,103.671515,229,17281
shape_J34CWLMYJB_1,1.516633,103.671585,230,17293
shape_J34CWLMYJB_1,1.516478,103.671688,231,17314
shape_J34CWLMYJB_1,1.516302,103.671825,232,17339
shape_J34CWLMYJB_1,1.516125,103.671945,233,17363
shape_J34CWLMYJB_1,1.515991,103.672038,234,17381
shape_J34CWLMYJB_1,1.516098,103.672258,235,17408
shape_J34CWLMYJB_1,1.516239,103.672456,236,17435
shape_J34CWLMYJB_1,1.516531,103.672916,237,17496
shape_J34CWLMYJB_1,1.516818,103.673385,238,17557
shape_J34CWLMYJB_1,1.51707,103.67379,239,17610
shape_J34CWLMYJB_1,1.517335,103.674184,240,17663
shape_J34CWLMYJB_1,1.51746230142236,103.67438484655763,241,17689
shape_J34CWLMYJB_1,1.5175254501464148,103.67430381349182,242,17700
shape_J34CWLMYJB_1,1.517615185022348,103.67417554844475,243,17717
shape_J34CWLMYJB_1,1.517662,103.674208,244,17723
shape_J34CWLMYJB_1,1.517721,103.674242,245,17731
shape_J34CWLMYJB_1,1.517796,103.674275,246,17740
shape_J34CWLMYJB_1,1.517848,103.674282,247,17746
shape_J34CWLMYJB_1,1.517931,103.674267,248,17755
shape_J34CWLMYJB_1,1.518005,103.674242,249,17764
shape_J34CWLMYJB_1,1.518064,103.674192,250,17773
shape_J34CWLMYJB_1,1.51801,103.67413,251,17782
shape_J15CWLMYJB_1,1.46352,103.76496,0,0
shape_J15CWLMYJB_1,1.464151,103.764643,1,79
shape_J15CWLMYJB_1,1.464548,103.764407,2,130
shape_J15CWLMYJB_1,1.46488,103.764096,3,181
shape_J15CWLMYJB_1,1.465127,103.763956,4,213
shape_J15CWLMYJB_1,1.465234,103.763763,5,238
shape_J15CWLMYJB_1,1.465288,103.763559,6,261
shape_J15CWLMYJB_1,1.465535,103.763474,7,290
shape_J15CWLMYJB_1,1.465696,103.763592,8,312
shape_J15CWLMYJB_1,1.465674,103.763914,9,348
shape_J15CWLMYJB_1,1.465578,103.764074,10,369
shape_J15CWLMYJB_1,1.465267,103.764203,11,406
shape_J15CWLMYJB_1,1.464923,103.764407,12,450
shape_J15CWLMYJB_1,1.464183,103.764858,13,546
shape_J15CWLMYJB_1,1.463411,103.765308,14,645
shape_J15CWLMYJB_1,1.46236,103.765855,15,777
shape_J15CWLMYJB_1,1.461974,103.766167,16,832
shape_J15CWLMYJB_1,1.46132,103.766413,17,910
shape_J15CWLMYJB_1,1.460773,103.766596,18,974
shape_J15CWLMYJB_1,1.459958,103.767036,19,1077
shape_J15CWLMYJB_1,1.459518,103.767357,20,1138
shape_J15CWLMYJB_1,1.4592177042846184,103.76737925396729,21,1171
shape_J15CWLMYJB_1,1.458917,103.767057,22,1220
shape_J15CWLMYJB_1,1.458542,103.766993,23,1262
shape_J15CWLMYJB_1,1.458059,103.766875,24,1317
shape_J15CWLMYJB_1,1.457448,103.766521,25,1396
shape_J15CWLMYJB_1,1.457019,103.766306,26,1449
shape_J15CWLMYJB_1,1.456697,103.766027,27,1496
shape_J15CWLMYJB_1,1.4562247672202613,103.76569435581973,28,1560
shape_J15CWLMYJB_1,1.45602,103.7654,29,1600
shape_J15CWLMYJB_1,1.45487,103.76126,30,2078
shape_J15CWLMYJB_1,1.454655,103.760325,31,2185
shape_J15CWLMYJB_1,1.454617,103.759697,32,2255
shape_J15CWLMYJB_1,1.455685,103.759488,33,2376
shape_J15CWLMYJB_1,1.456858,103.759241,34,2509
shape_J15CWLMYJB_1,1.45723,103.75915,35,2552
shape_J15CWLMYJB_1,1.45782,103.75904,36,2619
shape_J15CWLMYJB_1,1.458635,103.758874,37,2711
shape_J15CWLMYJB_1,1.459198,103.758786,38,2774
shape_J15CWLMYJB_1,1.459557,103.758697,39,2815
shape_J15CWLMYJB_1,1.459759,103.758574,40,2841
shape_J15CWLMYJB_1,1.45996,103.75839,41,2871
shape_J15CWLMYJB_1,1.46386,103.75489,42,3454
shape_J15CWLMYJB_1,1.46653,103.75269,43,3839
shape_J15CWLMYJB_1,1.467112,103.752355,44,3914
shape_J15CWLMYJB_1,1.46775,103.752055,45,3992
shape_J15CWLMYJB_1,1.468506,103.751556,46,4093
shape_J15CWLMYJB_1,1.469021,103.751293,47,4157
shape_J15CWLMYJB_1,1.469579,103.750966,48,4229
shape_J15CWLMYJB_1,1.470292,103.751991,49,4368
shape_J15CWLMYJB_1,1.470807,103.752624,50,4459
shape_J15CWLMYJB_1,1.471102,103.752929,51,4506
shape_J15CWLMYJB_1,1.471434,103.753375,52,4568
shape_J15CWLMYJB_1,1.471745,103.753906,53,4636
shape_J15CWLMYJB_1,1.472105,103.754528,54,4716
shape_J15CWLMYJB_1,1.472394,103.755118,55,4789
shape_J15CWLMYJB_1,1.472813,103.75566,56,4865
shape_J15CWLMYJB_1,1.47336,103.756711,57,4997
shape_J15CWLMYJB_1,1.473735,103.75765,58,5109
shape_J15CWLMYJB_1,1.473987,103.758583,59,5216
shape_J15CWLMYJB_1,1.473944,103.75898,60,5260
shape_J15CWLMYJB_1,1.473901,103.759538,61,5322
shape_J15CWLMYJB_1,1.47373,103.760021,62,5379
shape_J15CWLMYJB_1,1.473504,103.760804,63,5470
shape_J15CWLMYJB_1,1.473376,103.76148,64,5546
shape_J15CWLMYJB_1,1.473258,103.762092,65,5615
shape_J15CWLMYJB_1,1.473183,103.762457,66,5656
shape_J15CWLMYJB_1,1.474008098856989,103.76270374603271,67,5752
shape_J15CWLMYJB_1,1.475027,103.762983,68,5869
shape_J15CWLMYJB_1,1.47569,103.763142,69,5945
shape_J15CWLMYJB_1,1.47642,103.76329,70,6028
shape_J15CWLMYJB_1,1.4805,103.76435,71,6497
shape_J15CWLMYJB_1,1.48652,103.76603,72,7192
shape_J15CWLMYJB_1,1.49052,103.76696,73,7649
shape_J15CWLMYJB_1,1.49345,103.76645,74,7980
shape_J15CWLMYJB_1,1.495164,103.766091,75,8175
shape_J15CWLMYJB_1,1.4952,103.76674,76,8247
shape_J15CWLMYJB_1,1.49565,103.77237,77,8875
shape_J15CWLMYJB_1,1.49598,103.77645,78,9330
shape_J15CWLMYJB_1,1.495991,103.776836,79,9373
shape_J15CWLMYJB_1,1.496002,103.777002,80,9391
shape_J15CWLMYJB_1,1.496012,103.777104,81,9402
shape_J15CWLMYJB_1,1.496055,103.777201,82,9414
shape_J15CWLMYJB_1,1.496122,103.777273,83,9425
shape_J15CWLMYJB_1,1.496192,103.777332,84,9435
shape_J15CWLMYJB_1,1.496275,103.777364,85,9445
shape_J15CWLMYJB_1,1.4973534160379383,103.77727043684004,86,9565
shape_J15CWLMYJB_1,1.49753,103.77726,87,9585
shape_J15CWLMYJB_1,1.497959,103.777235,88,9633
shape_J15CWLMYJB_1,1.498552,103.777205,89,9699
shape_J15CWLMYJB_1,1.499008,103.777168,90,9750
shape_J15CWLMYJB_1,1.499338,103.777157,91,9787
shape_J15CWLMYJB_1,1.499649,103.777117,92,9822
shape_J15CWLMYJB_1,1.499868,103.777079,93,9847
shape_J15CWLMYJB_1,1.500155,103.776924,94,9883
shape_J15CWLMYJB_1,1.500487295442577,103.77660158035661,95,9934
shape_J15CWLMYJB_1,1.501147,103.775921,96,10039
shape_J15CWLMYJB_1,1.501464,103.775561,97,10092
shape_J15CWLMYJB_1,1.501622,103.775416,98,10116
shape_J15CWLMYJB_1,1.501791,103.775280,99,10140
shape_J15CWLMYJB_1,1.501917,103.775162,100,10159
shape_J15CWLMYJB_1,1.502000,103.775057,101,10174
shape_J15CWLMYJB_1,1.502051,103.775001,102,10182
shape_J15CWLMYJB_1,1.502064,103.774931,103,10190
shape_J15CWLMYJB_1,1.502086,103.774896,104,10195
shape_J15CWLMYJB_1,1.502166,103.774884,105,10204
shape_J15CWLMYJB_1,1.502233,103.774936,106,10213
shape_J15CWLMYJB_1,1.502252,103.774985,107,10219
shape_J15CWLMYJB_1,1.502276,103.775033,108,10225
shape_J15CWLMYJB_1,1.502212,103.775078,109,10234
shape_J15CWLMYJB_1,1.502161,103.775089,110,10240
shape_J15CWLMYJB_1,1.502113,103.775105,111,10246
shape_J15CWLMYJB_1,1.501970,103.775277,112,10271
shape_J15CWLMYJB_1,1.501748,103.775543,113,10310
shape_J15CWLMYJB_1,1.501512,103.775784,114,10348
shape_J15CWLMYJB_1,1.501257,103.776039,115,10388
shape_J15CWLMYJB_1,1.500873,103.776396,116,10446
shape_J15CWLMYJB_1,1.50061,103.77667,117,10488
shape_J30CWLMYJB_1,1.46352,103.76496,0,0
shape_J30CWLMYJB_1,1.4635939779990583,103.76494997668648,1,8
shape_J30CWLMYJB_1,1.463711,103.764889,2,23
shape_J30CWLMYJB_1,1.463883,103.764791,3,45
shape_J30CWLMYJB_1,1.463997,103.764736,4,59
shape_J30CWLMYJB_1,1.464077,103.764686,5,69
shape_J30CWLMYJB_1,1.464187,103.764617,6,83
shape_J30CWLMYJB_1,1.464267,103.764568,7,93
shape_J30CWLMYJB_1,1.46435,103.76452,8,104
shape_J30CWLMYJB_1,1.464478,103.764423,9,122
shape_J30CWLMYJB_1,1.464678,103.764266,10,150
shape_J30CWLMYJB_1,1.464825,103.764148,11,171
shape_J30CWLMYJB_1,1.464979,103.764049,12,191
shape_J30CWLMYJB_1,1.465094,103.763973,13,206
shape_J30CWLMYJB_1,1.465137,103.763937,14,212
shape_J30CWLMYJB_1,1.465158,103.763887,15,218
shape_J30CWLMYJB_1,1.465188,103.763789,16,229
shape_J30CWLMYJB_1,1.465229,103.763668,17,243
shape_J30CWLMYJB_1,1.465296,103.763575,18,256
shape_J30CWLMYJB_1,1.46536,103.763522,19,265
shape_J30CWLMYJB_1,1.465412,103.763502,20,271
shape_J30CWLMYJB_1,1.465468,103.763493,21,277
shape_J30CWLMYJB_1,1.465527,103.763508,22,284
shape_J30CWLMYJB_1,1.465578,103.763534,23,290
shape_J30CWLMYJB_1,1.465619,103.763576,24,297
shape_J30CWLMYJB_1,1.465631,103.76361,25,301
shape_J30CWLMYJB_1,1.465629,103.763665,26,307
shape_J30CWLMYJB_1,1.465632,103.763742,27,316
shape_J30CWLMYJB_1,1.465626,103.763797,28,322
shape_J30CWLMYJB_1,1.465601,103.763849,29,328
shape_J30CWLMYJB_1,1.465569,103.763901,30,335
shape_J30CWLMYJB_1,1.465527,103.763935,31,341
shape_J30CWLMYJB_1,1.465448,103.763975,32,351
shape_J30CWLMYJB_1,1.465285,103.764068,33,372
shape_J30CWLMYJB_1,1.465129,103.764153,34,392
shape_J30CWLMYJB_1,1.464999,103.764239,35,409
shape_J30CWLMYJB_1,1.464843,103.764326,36,429
shape_J30CWLMYJB_1,1.464679,103.764445,37,452
shape_J30CWLMYJB_1,1.464514,103.764572,38,475
shape_J30CWLMYJB_1,1.464384,103.764672,39,493
shape_J30CWLMYJB_1,1.464224,103.764767,40,514
shape_J30CWLMYJB_1,1.464005,103.764898,41,542
shape_J30CWLMYJB_1,1.463713,103.765064,42,579
shape_J30CWLMYJB_1,1.463328,103.765265,43,627
shape_J30CWLMYJB_1,1.463069,103.765402,44,660
shape_J30CWLMYJB_1,1.462775,103.76556,45,697
shape_J30CWLMYJB_1,1.462376,103.765778,46,748
shape_J30CWLMYJB_1,1.46197,103.766037,47,802
shape_J30CWLMYJB_1,1.461508,103.766301,48,861
shape_J30CWLMYJB_1,1.46113,103.76643,49,905
shape_J30CWLMYJB_1,1.4605804062588157,103.76674516319468,50,975
shape_J30CWLMYJB_1,1.4603127363549695,103.76689099140167,51,1009
shape_J30CWLMYJB_1,1.46019246126799,103.76696335276125,52,1025
shape_J30CWLMYJB_1,1.460038054132642,103.7670624196434,53,1045
shape_J30CWLMYJB_1,1.4599602852052926,103.76711501471522,54,1055
shape_J30CWLMYJB_1,1.459894,103.767154,55,1064
shape_J30CWLMYJB_1,1.459825,103.767197,56,1073
shape_J30CWLMYJB_1,1.459787,103.767224,57,1078
shape_J30CWLMYJB_1,1.45979,103.767306,58,1087
shape_J30CWLMYJB_1,1.459795,103.767363,59,1093
shape_J30CWLMYJB_1,1.4597431416997795,103.76739979571819,60,1100
shape_J30CWLMYJB_1,1.459584,103.767507,61,1121
shape_J30CWLMYJB_1,1.459522,103.767559,62,1130
shape_J30CWLMYJB_1,1.459471,103.767608,63,1138
shape_J30CWLMYJB_1,1.4594267033473465,103.76755166195393,64,1146
shape_J30CWLMYJB_1,1.459391,103.767485,65,1154
shape_J30CWLMYJB_1,1.459317,103.767373,66,1169
shape_J30CWLMYJB_1,1.45919,103.76726,67,1188
shape_J30CWLMYJB_1,1.4590492746424908,103.76715682209013,68,1207
shape_J30CWLMYJB_1,1.4588825712927762,103.76706486871721,69,1228
shape_J30CWLMYJB_1,1.458671340669922,103.7670049852848,70,1252
shape_J30CWLMYJB_1,1.45804,103.76685,71,1324
shape_J30CWLMYJB_1,1.45784,103.76676,72,1348
shape_J30CWLMYJB_1,1.45738,103.76642,73,1412
shape_J30CWLMYJB_1,1.45714,103.76628,74,1443
shape_J30CWLMYJB_1,1.4569,103.76616,75,1473
shape_J30CWLMYJB_1,1.45636,103.76583,76,1543
shape_J30CWLMYJB_1,1.4561,103.76554,77,1586
shape_J30CWLMYJB_1,1.45602,103.7654,78,1604
shape_J30CWLMYJB_1,1.4549,103.76127,79,2080
shape_J30CWLMYJB_1,1.45487,103.76126,80,2084
shape_J30CWLMYJB_1,1.45426,103.75828,81,2422
shape_J30CWLMYJB_1,1.45411,103.75733,82,2529
shape_J30CWLMYJB_1,1.45407,103.75688,83,2579
shape_J30CWLMYJB_1,1.45413,103.7564,84,2633
shape_J30CWLMYJB_1,1.45444,103.75561,85,2727
shape_J30CWLMYJB_1,1.45466,103.75439,86,2865
shape_J30CWLMYJB_1,1.45514,103.75266,87,3065
shape_J30CWLMYJB_1,1.45523,103.75243,88,3092
shape_J30CWLMYJB_1,1.45527,103.75219,89,3119
shape_J30CWLMYJB_1,1.45526,103.75187,90,3155
shape_J30CWLMYJB_1,1.45528,103.75165,91,3180
shape_J30CWLMYJB_1,1.45537,103.75131,92,3219
shape_J30CWLMYJB_1,1.45671,103.74825,93,3590
shape_J30CWLMYJB_1,1.45708,103.74722,94,3712
shape_J30CWLMYJB_1,1.457324,103.746376,95,3810
shape_J30CWLMYJB_1,1.4574635387781691,103.74566790674591,96,3890
shape_J30CWLMYJB_1,1.457758,103.744415,97,4033
shape_J30CWLMYJB_1,1.457962,103.743578,98,4129
shape_J30CWLMYJB_1,1.458074,103.742962,99,4199
shape_J30CWLMYJB_1,1.458316,103.741932,100,4317
shape_J30CWLMYJB_1,1.458857,103.740156,101,4523
shape_J30CWLMYJB_1,1.459152,103.73896,102,4660
shape_J30CWLMYJB_1,1.45938,103.73828,103,4740
shape_J30CWLMYJB_1,1.45981,103.73641,104,4953
shape_J30CWLMYJB_1,1.46008,103.73554,105,5054
shape_J30CWLMYJB_1,1.4604,103.73475,106,5149
shape_J30CWLMYJB_1,1.46055,103.73444,107,5187
shape_J30CWLMYJB_1,1.46096,103.73372,108,5279
shape_J30CWLMYJB_1,1.46118,103.7334,109,5322
shape_J30CWLMYJB_1,1.46132,103.73316,110,5353
shape_J30CWLMYJB_1,1.46202,103.73232,111,5475
shape_J30CWLMYJB_1,1.4628,103.73158,112,5595
shape_J30CWLMYJB_1,1.46453,103.72975,113,5875
shape_J30CWLMYJB_1,1.464752,103.729572,114,5907
shape_J30CWLMYJB_1,1.46505,103.729285,115,5953
shape_J30CWLMYJB_1,1.465345,103.729033,116,5996
shape_J30CWLMYJB_1,1.4655,103.728931,117,6017
shape_J30CWLMYJB_1,1.465631,103.728888,118,6032
shape_J30CWLMYJB_1,1.466028,103.728496,119,6094
shape_J30CWLMYJB_1,1.466929,103.727627,120,6233
shape_J30CWLMYJB_1,1.46769,103.72694,121,6347
shape_J30CWLMYJB_1,1.46797,103.72673,122,6386
shape_J30CWLMYJB_1,1.468171,103.726582,123,6414
shape_J30CWLMYJB_1,1.468343,103.726491,124,6436
shape_J30CWLMYJB_1,1.468549,103.726443,125,6460
shape_J30CWLMYJB_1,1.468943,103.726337,126,6505
shape_J30CWLMYJB_1,1.469208,103.726281,127,6535
shape_J30CWLMYJB_1,1.4698372527044095,103.72606358895493,128,6609
shape_J30CWLMYJB_1,1.469956,103.725971,129,6626
shape_J30CWLMYJB_1,1.470043,103.72593,130,6637
shape_J30CWLMYJB_1,1.470189,103.72587,131,6655
shape_J30CWLMYJB_1,1.470676,103.725681,132,6713
shape_J30CWLMYJB_1,1.47107,103.725542,133,6759
shape_J30CWLMYJB_1,1.471402,103.72544,134,6798
shape_J30CWLMYJB_1,1.471979,103.725264,135,6865
shape_J30CWLMYJB_1,1.472506,103.725122,136,6926
shape_J30CWLMYJB_1,1.472973,103.725008,137,6979
shape_J30CWLMYJB_1,1.47321,103.72495,138,7006
shape_J30CWLMYJB_1,1.473737,103.724823,139,7066
shape_J30CWLMYJB_1,1.474168,103.724721,140,7115
shape_J30CWLMYJB_1,1.4745597252832412,103.72462006994057,141,7160
shape_J30CWLMYJB_1,1.474906,103.724521,142,7200
shape_J30CWLMYJB_1,1.475312,103.724419,143,7247
shape_J30CWLMYJB_1,1.475735,103.724322,144,7295
shape_J30CWLMYJB_1,1.476219,103.724211,145,7350
shape_J30CWLMYJB_1,1.476878,103.724057,146,7425
shape_J30CWLMYJB_1,1.47716,103.724018,147,7457
shape_J30CWLMYJB_1,1.477269,103.724008,148,7469
shape_J30CWLMYJB_1,1.477325,103.72404,149,7476
shape_J30CWLMYJB_1,1.477423,103.724045,150,7487
shape_J30CWLMYJB_1,1.47787,103.723929,151,7538
shape_J30CWLMYJB_1,1.47859,103.723763,152,7620
shape_J30CWLMYJB_1,1.478811,103.723726,153,7645
shape_J30CWLMYJB_1,1.47905,103.723686,154,7672
shape_J30CWLMYJB_1,1.479265,103.723647,155,7696
shape_J30CWLMYJB_1,1.479509,103.723581,156,7724
shape_J30CWLMYJB_1,1.4796529010348773,103.7235387754631,157,7741
shape_J30CWLMYJB_1,1.48015,103.72335,158,7800
shape_J30CWLMYJB_1,1.48048,103.72321,159,7840
shape_J30CWLMYJB_1,1.48078,103.72306,160,7877
shape_J30CWLMYJB_1,1.48153,103.7225,161,7981
shape_J30CWLMYJB_1,1.48195,103.7221,162,8045
shape_J30CWLMYJB_1,1.48236,103.72158,163,8119
shape_J30CWLMYJB_1,1.4834727911353933,103.720015364418,164,8332
shape_J30CWLMYJB_1,1.483604,103.719835,165,8357
shape_J30CWLMYJB_1,1.483667,103.719727,166,8371
shape_J30CWLMYJB_1,1.483677,103.719669,167,8378
shape_J30CWLMYJB_1,1.483695,103.719602,168,8386
shape_J30CWLMYJB_1,1.483751,103.719452,169,8404
shape_J30CWLMYJB_1,1.483888,103.719264,170,8430
shape_J30CWLMYJB_1,1.4840496249501431,103.7190181360722,171,8463
shape_J30CWLMYJB_1,1.48411,103.71892,172,8476
shape_J30CWLMYJB_1,1.484293,103.718652,173,8512
shape_J30CWLMYJB_1,1.484478,103.71839,174,8548
shape_J30CWLMYJB_1,1.484661,103.718129,175,8583
shape_J30CWLMYJB_1,1.4848710112174175,103.71789769692421,176,8618
shape_J30CWLMYJB_1,1.4851060878483666,103.71767795948983,177,8654
shape_J30CWLMYJB_1,1.485280109808889,103.71755454844478,178,8678
shape_J30CWLMYJB_1,1.4854349233870652,103.7174652772808,179,8698
shape_J30CWLMYJB_1,1.485569,103.717368,180,8716
shape_J30CWLMYJB_1,1.485639,103.717299,181,8727
shape_J30CWLMYJB_1,1.485685,103.717221,182,8737
shape_J30CWLMYJB_1,1.485713,103.717143,183,8746
shape_J30CWLMYJB_1,1.485719,103.717072,184,8754
shape_J30CWLMYJB_1,1.485733,103.716992,185,8763
shape_J30CWLMYJB_1,1.485699,103.716862,186,8778
shape_J30CWLMYJB_1,1.485616,103.716726,187,8796
shape_J30CWLMYJB_1,1.485537,103.716632,188,8810
shape_J30CWLMYJB_1,1.485391,103.716541,189,8829
shape_J30CWLMYJB_1,1.485112,103.716327,190,8868
shape_J30CWLMYJB_1,1.484521,103.715926,191,8947
shape_J30CWLMYJB_1,1.484043,103.715595,192,9012
shape_J30CWLMYJB_1,1.483862,103.715493,193,9035
shape_J30CWLMYJB_1,1.483764,103.715409,194,9049
shape_J30CWLMYJB_1,1.483694,103.715332,195,9061
shape_J30CWLMYJB_1,1.48363,103.715246,196,9073
shape_J30CWLMYJB_1,1.483573,103.715156,197,9085
shape_J30CWLMYJB_1,1.483478,103.715007,198,9105
shape_J30CWLMYJB_1,1.483402,103.714884,199,9121
shape_J30CWLMYJB_1,1.483319,103.714762,200,9137
shape_J30CWLMYJB_1,1.483257,103.714653,201,9151
shape_J30CWLMYJB_1,1.483189,103.714531,202,9167
shape_J30CWLMYJB_1,1.483107,103.714429,203,9182
shape_J30CWLMYJB_1,1.483028,103.714351,204,9194
shape_J30CWLMYJB_1,1.482957,103.7143,205,9204
shape_J30CWLMYJB_1,1.482777,103.714053,206,9238
shape_J30CWLMYJB_1,1.482606,103.713772,207,9275
shape_J30CWLMYJB_1,1.482444,103.713493,208,9311
shape_J30CWLMYJB_1,1.482279,103.713221,209,9346
shape_J30CWLMYJB_1,1.482133,103.712927,210,9382
shape_J30CWLMYJB_1,1.48199,103.712637,211,9418
shape_J30CWLMYJB_1,1.481836,103.71225,212,9464
shape_J30CWLMYJB_1,1.481785,103.71205,213,9487
shape_J30CWLMYJB_1,1.481738,103.711851,214,9510
shape_J30CWLMYJB_1,1.481756,103.711771,215,9519
shape_J30CWLMYJB_1,1.481812,103.711732,216,9527
shape_J30CWLMYJB_1,1.481887,103.711714,217,9536
shape_J30CWLMYJB_1,1.481993,103.711722,218,9548
shape_J30CWLMYJB_1,1.482068,103.711777,219,9558
shape_J30CWLMYJB_1,1.482178,103.712086,220,9594
shape_J30CWLMYJB_1,1.482373,103.712684,221,9664
shape_J30CWLMYJB_1,1.482649,103.713263,222,9735
shape_J30CWLMYJB_1,1.482963,103.713845,223,9809
shape_J30CWLMYJB_1,1.483036,103.714011,224,9829
shape_J30CWLMYJB_1,1.483054,103.714133,225,9843
shape_J30CWLMYJB_1,1.483311,103.714577,226,9900
shape_J30CWLMYJB_1,1.483529,103.714925,227,9946
shape_J30CWLMYJB_1,1.483759,103.715264,228,9992
shape_J30CWLMYJB_1,1.483979,103.715448,229,10024
shape_J30CWLMYJB_1,1.484258,103.715649,230,10062
shape_J30CWLMYJB_1,1.484566,103.71585,231,10103
shape_J30CWLMYJB_1,1.484954,103.716122,232,10156
shape_J30CWLMYJB_1,1.485318,103.716369,233,10205
shape_J30CWLMYJB_1,1.485574659859313,103.71653839384842,234,10239
shape_J30CWLMYJB_1,1.4857270996074499,103.71656115211486,235,10256
shape_J30CWLMYJB_1,1.485845,103.71657,236,10269
shape_J30CWLMYJB_1,1.485928,103.716554,237,10278
shape_J30CWLMYJB_1,1.4859795715046344,103.71650529447746,238,10286
shape_J30CWLMYJB_1,1.4860412308516722,103.7164233411045,239,10297
shape_J30CWLMYJB_1,1.48609,103.716316,240,10310
shape_J30CWLMYJB_1,1.486175,103.71623,241,10323
shape_J30CWLMYJB_1,1.486332,103.716008,242,10353
shape_J30CWLMYJB_1,1.48652,103.715736,243,10390
shape_J30CWLMYJB_1,1.486699,103.715468,244,10426
shape_J30CWLMYJB_1,1.486882,103.715206,245,10462
shape_J30CWLMYJB_1,1.487061,103.71494,246,10498
shape_J30CWLMYJB_1,1.487236,103.714676,247,10533
shape_J30CWLMYJB_1,1.487527,103.714266,248,10589
shape_J30CWLMYJB_1,1.487682,103.714042,249,10619
shape_J30CWLMYJB_1,1.487891,103.713811,250,10654
shape_J30CWLMYJB_1,1.488106,103.713529,251,10693
shape_J30CWLMYJB_1,1.488274,103.713282,252,10726
shape_J30CWLMYJB_1,1.488484,103.713011,253,10764
shape_J30CWLMYJB_1,1.488687,103.712748,254,10801
shape_J30CWLMYJB_1,1.488800490343059,103.71256072637448,255,10825
shape_J30CWLMYJB_1,1.48883,103.71243,256,10840
shape_J30CWLMYJB_1,1.488964,103.712349,257,10857
shape_J30CWLMYJB_1,1.48918,103.712057,258,10897
shape_J30CWLMYJB_1,1.489515,103.711562,259,10963
shape_J30CWLMYJB_1,1.489881,103.710994,260,11038
shape_J30CWLMYJB_1,1.490267,103.710408,261,11116
shape_J30CWLMYJB_1,1.490664,103.709847,262,11192
shape_J30CWLMYJB_1,1.490891,103.709533,263,11235
shape_J30CWLMYJB_1,1.491225,103.70904,264,11301
shape_J30CWLMYJB_1,1.491518,103.708598,265,11360
shape_J30CWLMYJB_1,1.491767,103.708259,266,11407
shape_J30CWLMYJB_1,1.491952,103.707989,267,11443
shape_J30CWLMYJB_1,1.4923612321030453,103.70738355224422,268,11524
shape_J30CWLMYJB_1,1.49244,103.70725,269,11541
shape_J30CWLMYJB_1,1.492552,103.707101,270,11562
shape_J30CWLMYJB_1,1.492697,103.706868,271,11593
shape_J30CWLMYJB_1,1.49285,103.706646,272,11623
shape_J30CWLMYJB_1,1.493004,103.706378,273,11657
shape_J30CWLMYJB_1,1.493164,103.706093,274,11693
shape_J30CWLMYJB_1,1.493329,103.705818,275,11729
shape_J30CWLMYJB_1,1.493518,103.705546,276,11766
shape_J30CWLMYJB_1,1.4936924315091635,103.70528991384319,277,11800
shape_J30CWLMYJB_1,1.49382,103.70509,278,11826
shape_J30CWLMYJB_1,1.493928,103.704959,279,11845
shape_J30CWLMYJB_1,1.494077,103.704745,280,11874
shape_J30CWLMYJB_1,1.494285,103.704449,281,11914
shape_J30CWLMYJB_1,1.494474,103.704177,282,11951
shape_J30CWLMYJB_1,1.494766,103.703752,283,12008
shape_J30CWLMYJB_1,1.49493,103.70351,284,12040
shape_J30CWLMYJB_1,1.495164,103.703227,285,12081
shape_J30CWLMYJB_1,1.495367,103.702965,286,12118
shape_J30CWLMYJB_1,1.495579,103.702692,287,12156
shape_J30CWLMYJB_1,1.495781,103.702424,288,12193
shape_J30CWLMYJB_1,1.495903,103.70228,289,12214
shape_J30CWLMYJB_1,1.495999,103.702186,290,12229
shape_J30CWLMYJB_1,1.496125,103.702106,291,12246
shape_J30CWLMYJB_1,1.496221,103.702069,292,12257
shape_J30CWLMYJB_1,1.496374,103.701851,293,12287
shape_J30CWLMYJB_1,1.496572,103.701554,294,12327
shape_J30CWLMYJB_1,1.49665,103.7014,295,12346
shape_J30CWLMYJB_1,1.496827,103.701202,296,12376
shape_J30CWLMYJB_1,1.497165,103.700722,297,12441
shape_J30CWLMYJB_1,1.497407,103.700374,298,12488
shape_J30CWLMYJB_1,1.497769,103.699846,299,12559
shape_J30CWLMYJB_1,1.498041,103.699498,300,12608
shape_J30CWLMYJB_1,1.498298,103.69915,301,12656
shape_J30CWLMYJB_1,1.4987063924167157,103.69857185989457,302,12735
shape_J30CWLMYJB_1,1.49887,103.6983,303,12770
shape_J30CWLMYJB_1,1.50074,103.69568,304,13128
shape_J30CWLMYJB_1,1.500912,103.69551,305,13155
shape_J30CWLMYJB_1,1.50107,103.695269,306,13187
shape_J30CWLMYJB_1,1.501288,103.694959,307,13229
shape_J30CWLMYJB_1,1.501495,103.694711,308,13265
shape_J30CWLMYJB_1,1.501749,103.694448,309,13306
shape_J30CWLMYJB_1,1.502015,103.694181,310,13348
shape_J30CWLMYJB_1,1.502315,103.693881,311,13395
shape_J30CWLMYJB_1,1.5027112061527053,103.69345795948982,312,13459
shape_J30CWLMYJB_1,1.502999,103.693167,313,13504
shape_J30CWLMYJB_1,1.503451,103.69277,314,13571
shape_J30CWLMYJB_1,1.503894,103.692387,315,13636
shape_J30CWLMYJB_1,1.504191,103.692113,316,13681
shape_J30CWLMYJB_1,1.50466,103.691703,317,13750
shape_J30CWLMYJB_1,1.5050885669014047,103.6913440815054,318,13812
shape_J30CWLMYJB_1,1.505404,103.691096,319,13857
shape_J30CWLMYJB_1,1.505762,103.690832,320,13906
shape_J30CWLMYJB_1,1.5061971164625956,103.69053443187714,321,13965
shape_J30CWLMYJB_1,1.50824,103.68931,322,14230
shape_J30CWLMYJB_1,1.50882,103.688959,323,14305
shape_J30CWLMYJB_1,1.509416,103.688602,324,14382
shape_J30CWLMYJB_1,1.509733,103.688424,325,14422
shape_J30CWLMYJB_1,1.510379,103.687974,326,14510
shape_J30CWLMYJB_1,1.511046,103.687513,327,14600
shape_J30CWLMYJB_1,1.511465,103.687229,328,14656
shape_J30CWLMYJB_1,1.5116084791794215,103.6870580618334,329,14681
shape_J30CWLMYJB_1,1.51163,103.68694,330,14694
shape_J30CWLMYJB_1,1.511872,103.686942,331,14721
shape_J30CWLMYJB_1,1.512382,103.686604,332,14789
shape_J30CWLMYJB_1,1.512837,103.686277,333,14851
shape_J30CWLMYJB_1,1.514036828382222,103.68544005886075,334,15014
shape_J30CWLMYJB_1,1.51525,103.68457,335,15180
shape_J30CWLMYJB_1,1.52272,103.67928,336,16198
shape_J30CWLMYJB_1,1.52311,103.67908,337,16247
shape_J30CWLMYJB_1,1.523253,103.678896,338,16273
shape_J30CWLMYJB_1,1.52343,103.678791,339,16296
shape_J30CWLMYJB_1,1.523711,103.678654,340,16331
shape_J30CWLMYJB_1,1.523913,103.678528,341,16357
shape_J30CWLMYJB_1,1.5243252941761405,103.67810854232788,342,16422
shape_J30CWLMYJB_1,1.52473,103.677702,343,16486
shape_J30CWLMYJB_1,1.524977,103.677391,344,16530
shape_J30CWLMYJB_1,1.5253088509138348,103.67696078769683,345,16590
shape_J30CWLMYJB_1,1.5256497947824132,103.67640180852891,346,16663
shape_J30CWLMYJB_1,1.5259874007610765,103.67582959259036,347,16737
shape_J30CWLMYJB_1,1.5262647194701497,103.67523107969284,348,16810
shape_J30CWLMYJB_1,1.526951,103.673381,349,17029
shape_J30CWLMYJB_1,1.527436,103.672122,350,17179
shape_J30CWLMYJB_1,1.527711,103.671456,351,17259
shape_J30CWLMYJB_1,1.527958,103.67089,352,17328
shape_J30CWLMYJB_1,1.5280331189132832,103.67072,353,17349
shape_J30CWLMYJB_1,1.52808,103.67058,354,17365
shape_J30CWLMYJB_1,1.528167,103.67053,355,17376
shape_J30CWLMYJB_1,1.528262,103.670395,356,17394
shape_J30CWLMYJB_1,1.528463,103.670115,357,17432
shape_J30CWLMYJB_1,1.528657,103.669841,358,17469
shape_J30CWLMYJB_1,1.528965,103.669476,359,17522
shape_J30CWLMYJB_1,1.529298,103.669132,360,17575
shape_J30CWLMYJB_1,1.529622,103.668789,361,17627
shape_J30CWLMYJB_1,1.53015,103.668304,362,17707
shape_J30CWLMYJB_1,1.5304913406260852,103.6679890085983,363,17759
shape_J30CWLMYJB_1,1.530855,103.66768,364,17812
shape_J30CWLMYJB_1,1.531232,103.667388,365,17865
shape_J30CWLMYJB_1,1.53161,103.667109,366,17917
shape_J30CWLMYJB_1,1.532346,103.666593,367,18017
shape_J30CWLMYJB_1,1.533968,103.665585,368,18229
shape_J30CWLMYJB_1,1.534376,103.665322,369,18283
shape_J30CWLMYJB_1,1.534709,103.665059,370,18330
shape_J30CWLMYJB_1,1.5349251963343833,103.66486412095765,371,18362
shape_J30CWLMYJB_1,1.53504,103.66477,372,18379
shape_J30CWLMYJB_1,1.535381,103.664519,373,18426
shape_J30CWLMYJB_1,1.5357,103.664258,374,18472
shape_J30CWLMYJB_1,1.536144,103.663856,375,18539
shape_J30CWLMYJB_1,1.5367383953146356,103.66330701639497,376,18629
shape_J30CWLMYJB_1,1.53675,103.66318,377,18643
shape_J30CWLMYJB_1,1.537036,103.663045,378,18678
shape_J30CWLMYJB_1,1.537289,103.662793,379,18718
shape_J30CWLMYJB_1,1.537722,103.662399,380,18783
shape_J30CWLMYJB_1,1.5379898906794982,103.66213965029714,381,18824
shape_J30CWLMYJB_1,1.538326,103.661815,382,18876
shape_J30CWLMYJB_1,1.538626,103.661518,383,18923
shape_J30CWLMYJB_1,1.538884,103.661276,384,18962
shape_J30CWLMYJB_1,1.5392990275059153,103.66090408217428,385,19024
shape_J30CWLMYJB_1,1.53952,103.66067,386,19060
shape_J30CWLMYJB_1,1.539895,103.660339,387,19116
shape_J30CWLMYJB_1,1.540292,103.659984,388,19175
shape_J30CWLMYJB_1,1.540652,103.659631,389,19231
shape_J30CWLMYJB_1,1.541192,103.659192,390,19308
shape_J30CWLMYJB_1,1.54146434972198,103.65899198280336,391,19346
shape_J30CWLMYJB_1,1.54156,103.65878,392,19372
shape_J30CWLMYJB_1,1.541758,103.658796,393,19394
shape_J30CWLMYJB_1,1.542045,103.658601,394,19433
shape_J30CWLMYJB_1,1.542359,103.658446,395,19472
shape_J30CWLMYJB_1,1.542668917928725,103.65829650181769,396,19510
shape_J30CWLMYJB_1,1.543213,103.658045,397,19577
shape_J30CWLMYJB_1,1.543727,103.657854,398,19638
shape_J30CWLMYJB_1,1.54455,103.65749,399,19738
shape_J30CWLMYJB_1,1.54483,103.65729,400,19776
shape_J30CWLMYJB_1,1.54506,103.657296,401,19802
shape_J30CWLMYJB_1,1.54561,103.657175,402,19865
shape_J30CWLMYJB_1,1.54621,103.657073,403,19933
shape_J30CWLMYJB_1,1.54661,103.65703,404,19978
shape_J30CWLMYJB_1,1.547009,103.656987,405,20023
shape_J30CWLMYJB_1,1.5474473187691715,103.65697854232789,406,20072
shape_J30CWLMYJB_1,1.547827,103.656991,407,20114
shape_J30CWLMYJB_1,1.548206,103.657034,408,20156
shape_J30CWLMYJB_1,1.5486031577451849,103.65710548098565,409,20201
shape_J30CWLMYJB_1,1.54899,103.65717,410,20245
shape_J30CWLMYJB_1,1.549339,103.657249,411,20285
shape_J30CWLMYJB_1,1.54975,103.65736,412,20332
shape_J30CWLMYJB_1,1.550449,103.657564,413,20413
shape_J30CWLMYJB_1,1.55089,103.657723,414,20465
shape_J30CWLMYJB_1,1.551398,103.657918,415,20526
shape_J30CWLMYJB_1,1.551951,103.658123,416,20592
shape_J30CWLMYJB_1,1.552416,103.658301,417,20647
shape_J30CWLMYJB_1,1.552825,103.658393,418,20694
shape_J30CWLMYJB_1,1.5531031179351944,103.65845536441803,419,20726
shape_J30CWLMYJB_1,1.553395,103.658488,420,20759
shape_J30CWLMYJB_1,1.553605,103.658535,421,20783
shape_J30CWLMYJB_1,1.553698013133563,103.6585486588955,422,20793
shape_J30CWLMYJB_1,1.55379,103.65847,423,20806
shape_J30CWLMYJB_1,1.553999,103.658605,424,20834
shape_J30CWLMYJB_1,1.554368,103.658676,425,20876
shape_J30CWLMYJB_1,1.55454,103.6587,426,20895
shape_J30CWLMYJB_1,1.554867,103.658729,427,20932
shape_J30CWLMYJB_1,1.555462,103.658752,428,20998
shape_J30CWLMYJB_1,1.55593,103.65874,429,21050
shape_J30CWLMYJB_1,1.556428,103.65874,430,21105
shape_J30CWLMYJB_1,1.557599,103.658664,431,21235
shape_J30CWLMYJB_1,1.558126,103.658624,432,21294
shape_J30CWLMYJB_1,1.558444,103.658594,433,21330
shape_J30CWLMYJB_1,1.559038430870142,103.65857440244675,434,21396
shape_J30CWLMYJB_1,1.5595298986507637,103.6586012245369,435,21451
shape_J30CWLMYJB_1,1.5599811223840607,103.65866148710248,436,21502
shape_J30CWLMYJB_1,1.5603634060721943,103.65873075826644,437,21545
shape_J30CWLMYJB_1,1.5607846375722236,103.65888416931155,438,21595
shape_J30CWLMYJB_1,1.561128,103.659012,439,21636
shape_J30CWLMYJB_1,1.56163,103.659209,440,21696
shape_J30CWLMYJB_1,1.562001,103.659401,441,21742
shape_J30CWLMYJB_1,1.562417,103.659609,442,21794
shape_J30CWLMYJB_1,1.56297,103.659884,443,21863
shape_J30CWLMYJB_1,1.56336,103.660057,444,21910
shape_J30CWLMYJB_1,1.563808,103.660202,445,21962
shape_J30CWLMYJB_1,1.5640686593951498,103.66027670552253,446,21992
shape_J30CWLMYJB_1,1.5645,103.66039,447,22042
shape_J30CWLMYJB_1,1.5648397818696673,103.66047670552253,448,22081
shape_J30CWLMYJB_1,1.56496,103.6605,449,22095
shape_J30CWLMYJB_1,1.565397,103.660545,450,22144
shape_J30CWLMYJB_1,1.566589,103.660643,451,22277
shape_J30CWLMYJB_1,1.567603,103.660718,452,22390
shape_J30CWLMYJB_1,1.568583,103.660781,453,22499
shape_J30CWLMYJB_1,1.5695463759468968,103.66079413988113,454,22606
shape_J30CWLMYJB_1,1.570524130813074,103.6606578134918,455,22716
shape_J30CWLMYJB_1,1.57097,103.66052,456,22768
shape_J30CWLMYJB_1,1.5714907900186568,103.66041583068848,457,22827
shape_J30CWLMYJB_1,1.57241,103.660044,458,22937
shape_J30CWLMYJB_1,1.5732934059894437,103.65963758035662,459,23045
shape_J30CWLMYJB_1,1.574184,103.659172,460,23157
shape_J30CWLMYJB_1,1.5749986973969132,103.65876953372957,461,23258
shape_J30CWLMYJB_1,1.5757691331966723,103.65838979629518,462,23354
shape_J30CWLMYJB_1,1.576561,103.657971,463,23454
shape_J30CWLMYJB_1,1.577749,103.657368,464,23602
shape_J30CWLMYJB_1,1.578461231661501,103.65700317790987,465,23691
shape_J30CWLMYJB_1,1.57921,103.65658,466,23787
shape_J30CWLMYJB_1,1.5796,103.6563,467,23840
shape_J30CWLMYJB_1,1.58016,103.65583,468,23921
shape_J30CWLMYJB_1,1.5808094930703585,103.65515999999997,469,24025
shape_J30CWLMYJB_1,1.581226,103.654666,470,24097
shape_J30CWLMYJB_1,1.5817306534187763,103.653872974205,471,24201
shape_J30CWLMYJB_1,1.58197,103.65337,472,24263
shape_J30CWLMYJB_1,1.582148,103.653036,473,24305
shape_J30CWLMYJB_1,1.582473,103.652324,474,24392
shape_J30CWLMYJB_1,1.58268,103.65196,475,24439
shape_J30CWLMYJB_1,1.583,103.65146,476,24505
shape_J30CWLMYJB_1,1.58314,103.65127,477,24531
shape_J30CWLMYJB_1,1.58353,103.65081,478,24598
shape_J30CWLMYJB_1,1.5839495644774864,103.6503999705696,479,24663
shape_J30CWLMYJB_1,1.58407,103.65027,480,24683
shape_J30CWLMYJB_1,1.584286,103.650101,481,24713
shape_J30CWLMYJB_1,1.584452,103.649968,482,24737
shape_J30CWLMYJB_1,1.584789965896744,103.64969723065374,483,24785
shape_J30CWLMYJB_1,1.585155,103.649426,484,24836
shape_J30CWLMYJB_1,1.585523,103.649184,485,24885
shape_J30CWLMYJB_1,1.585888227044904,103.64897857175826,486,24932
shape_J30CWLMYJB_1,1.586346,103.648754,487,24989
shape_J30CWLMYJB_1,1.58678,103.64855,488,25042
shape_J30CWLMYJB_1,1.58738,103.64834,489,25113
shape_J30CWLMYJB_1,1.587762,103.648253,490,25157
shape_J30CWLMYJB_1,1.588078,103.64819,491,25193
shape_J30CWLMYJB_1,1.588666,103.648112,492,25259
shape_J30CWLMYJB_1,1.589249,103.648046,493,25324
shape_J30CWLMYJB_1,1.589838,103.647954,494,25390
shape_J30CWLMYJB_1,1.590152258159001,103.64789664781571,495,25426
shape_J30CWLMYJB_1,1.59027,103.64784,496,25441
shape_J30CWLMYJB_1,1.590712,103.647796,497,25490
shape_J30CWLMYJB_1,1.591175,103.647669,498,25543
shape_J30CWLMYJB_1,1.5914976822127644,103.64755976686477,499,25581
shape_J30CWLMYJB_1,1.59188,103.64743,500,25626
shape_J30CWLMYJB_1,1.59216,103.6473,501,25660
shape_J30CWLMYJB_1,1.592588,103.6471,502,25713
shape_J30CWLMYJB_1,1.593206,103.646794,503,25790
shape_J30CWLMYJB_1,1.59522,103.64569,504,26045
shape_J30CWLMYJB_1,1.59554,103.64551,505,26086
shape_J30CWLMYJB_1,1.59598,103.64539,506,26137
shape_J30CWLMYJB_1,1.59631,103.64534,507,26174
shape_J30CWLMYJB_1,1.59669,103.64534,508,26216
shape_J30CWLMYJB_1,1.59726,103.64542,509,26280
shape_J30CWLMYJB_1,1.597607,103.64546,510,26319
shape_J30CWLMYJB_1,1.597842,103.645464,511,26345
shape_J30CWLMYJB_1,1.598104,103.645453,512,26374
shape_J30CWLMYJB_1,1.598305,103.645436,513,26396
shape_J30CWLMYJB_1,1.598457,103.645397,514,26413
shape_J30CWLMYJB_1,1.598617,103.645357,515,26431
shape_J30CWLMYJB_1,1.5987638407728455,103.64530037913323,516,26448
shape_J30CWLMYJB_1,1.59941,103.64488,517,26534
shape_J30CWLMYJB_1,1.599579,103.644817,518,26554
shape_J30CWLMYJB_1,1.5998601451584122,103.64471915459633,519,26587
shape_J30CWLMYJB_1,1.59991,103.64467,520,26595
shape_J30CWLMYJB_1,1.6004,103.64468,521,26649
shape_J30CWLMYJB_1,1.60065,103.64471,522,26677
shape_J30CWLMYJB_1,1.600909,103.644778,523,26707
shape_J30CWLMYJB_1,1.601349,103.644918,524,26758
shape_J30CWLMYJB_1,1.60165,103.64504,525,26794
shape_J30CWLMYJB_1,1.60211,103.64526,526,26851
shape_J30CWLMYJB_1,1.60234,103.64542,527,26882
shape_J30CWLMYJB_1,1.602626,103.645753,528,26931
shape_J30CWLMYJB_1,1.602815,103.645947,529,26961
shape_J30CWLMYJB_1,1.6029596014493255,103.64606597668646,530,26982
shape_J30CWLMYJB_1,1.60307,103.64617,531,26999
shape_J30CWLMYJB_1,1.603345,103.646372,532,27037
shape_J30CWLMYJB_1,1.603827,103.646746,533,27105
shape_J30CWLMYJB_1,1.6042213767333184,103.6470676674938,534,27162
shape_J30CWLMYJB_1,1.60446,103.64726,535,27196
shape_J30CWLMYJB_1,1.60471,103.64739,536,27227
shape_J30CWLMYJB_1,1.60496,103.6475,537,27257
shape_J30CWLMYJB_1,1.605234,103.647597,538,27289
shape_J30CWLMYJB_1,1.605622,103.647639,539,27332
shape_J30CWLMYJB_1,1.60573,103.64764,540,27344
shape_J30CWLMYJB_1,1.606106,103.647629,541,27386
shape_J30CWLMYJB_1,1.606427,103.64762,542,27422
shape_J30CWLMYJB_1,1.606787,103.647597,543,27462
shape_J30CWLMYJB_1,1.607293,103.647564,544,27518
shape_J30CWLMYJB_1,1.60759,103.64756,545,27551
shape_J30CWLMYJB_1,1.607691,103.647562,546,27562
shape_J30CWLMYJB_1,1.607955,103.647578,547,27591
shape_J30CWLMYJB_1,1.60828912989784,103.6475582797623,548,27628
shape_J30CWLMYJB_1,1.608679,103.647535,549,27671
shape_J30CWLMYJB_1,1.609242,103.647489,550,27734
shape_J30CWLMYJB_1,1.609655,103.647469,551,27780
shape_J30CWLMYJB_1,1.610335,103.647413,552,27856
shape_J30CWLMYJB_1,1.611012,103.647365,553,27931
shape_J30CWLMYJB_1,1.611621,103.64732,554,27999
shape_J30CWLMYJB_1,1.61223,103.647265,555,28067
shape_J30CWLMYJB_1,1.6126244963054526,103.64724154596327,556,28111
shape_J30CWLMYJB_1,1.61283,103.64722,557,28134
shape_J30CWLMYJB_1,1.613348,103.647183,558,28192
shape_J30CWLMYJB_1,1.613906,103.647141,559,28254
shape_J30CWLMYJB_1,1.614692,103.647047,560,28342
shape_J30CWLMYJB_1,1.615275,103.646964,561,28407
shape_J30CWLMYJB_1,1.615841,103.646891,562,28470
shape_J30CWLMYJB_1,1.616337,103.646824,563,28526
shape_J30CWLMYJB_1,1.616786,103.646745,564,28577
shape_J30CWLMYJB_1,1.61732,103.64662,565,28638
shape_J30CWLMYJB_1,1.61918,103.64619,566,28850
shape_J30CWLMYJB_1,1.62027,103.6458,567,28979
shape_J30CWLMYJB_1,1.62082,103.64555,568,29046
shape_J30CWLMYJB_1,1.6214552187135816,103.64513510185245,569,29130
shape_J30CWLMYJB_1,1.621895145252485,103.6447785423279,570,29193
shape_J30CWLMYJB_1,1.622373,103.644391,571,29261
shape_J30CWLMYJB_1,1.623255,103.643621,572,29391
shape_J30CWLMYJB_1,1.624113,103.642812,573,29522
shape_J30CWLMYJB_1,1.62465,103.642244,574,29609
shape_J30CWLMYJB_1,1.625168,103.641675,575,29695
shape_J30CWLMYJB_1,1.625693,103.641103,576,29781
shape_J30CWLMYJB_1,1.626227,103.640528,577,29868
shape_J30CWLMYJB_1,1.627015,103.639676,578,29997
shape_J30CWLMYJB_1,1.627551,103.639096,579,30085
shape_J30CWLMYJB_1,1.628074,103.638514,580,30172
shape_J30CWLMYJB_1,1.628606,103.637945,581,30259
shape_J30CWLMYJB_1,1.629113,103.637364,582,30345
shape_J30CWLMYJB_1,1.62932,103.63714,583,30379
shape_J30CWLMYJB_1,1.629636,103.636776,584,30433
shape_J30CWLMYJB_1,1.629893,103.636481,585,30476
shape_J30CWLMYJB_1,1.63029,103.636036,586,30542
shape_J30CWLMYJB_1,1.630706,103.635586,587,30610
shape_J30CWLMYJB_1,1.631174,103.635079,588,30687
shape_J30CWLMYJB_1,1.6314767028042898,103.63474708465577,589,30737
shape_J30CWLMYJB_1,1.63162,103.63458,590,30761
shape_J30CWLMYJB_1,1.63249,103.63364,591,30903
shape_J30CWLMYJB_1,1.63327,103.63275,592,31035
shape_J30CWLMYJB_1,1.63417,103.6317,593,31189
shape_J30CWLMYJB_1,1.63523,103.63033,594,31382
shape_J30CWLMYJB_1,1.6368,103.62834,595,31664
shape_J30CWLMYJB_1,1.63725,103.62763,596,31757
shape_J30CWLMYJB_1,1.63918,103.62508,597,32113
shape_J30CWLMYJB_1,1.639622,103.624553,598,32189
shape_J30CWLMYJB_1,1.639954,103.624065,599,32255
shape_J30CWLMYJB_1,1.640474,103.623435,600,32346
shape_J30CWLMYJB_1,1.640782,103.623013,601,32404
shape_J30CWLMYJB_1,1.641176,103.622508,602,32475
shape_J30CWLMYJB_1,1.641466,103.622164,603,32525
shape_J30CWLMYJB_1,1.641965,103.621501,604,32617
shape_J30CWLMYJB_1,1.642364,103.620975,605,32690
shape_J30CWLMYJB_1,1.6426675944663165,103.62055897668647,606,32747
shape_J30CWLMYJB_1,1.642862,103.620276,607,32785
shape_J30CWLMYJB_1,1.643349,103.619559,608,32881
shape_J30CWLMYJB_1,1.643848,103.618822,609,32980
shape_J30CWLMYJB_1,1.644191,103.618260,610,33053
shape_J30CWLMYJB_1,1.644584,103.617500,611,33148
shape_J30CWLMYJB_1,1.644920,103.616879,612,33226
shape_J30CWLMYJB_1,1.645370563418735,103.6161012643528,613,33326
shape_J30CWLMYJB_1,1.64544,103.61591,614,33349
shape_J30CWLMYJB_1,1.645715,103.615504,615,33404
shape_J30CWLMYJB_1,1.645948,103.615037,616,33462
shape_J30CWLMYJB_1,1.646127,103.614833,617,33492
shape_J30CWLMYJB_1,1.646301,103.614654,618,33520
shape_J30CWLMYJB_1,1.646655,103.614359,619,33571
shape_J30CWLMYJB_1,1.647427885467788,103.61378644411084,620,33678
shape_J30CWLMYJB_1,1.64748,103.61371,621,33688
shape_J30CWLMYJB_1,1.647666,103.613609,622,33712
shape_J30CWLMYJB_1,1.647952,103.613426,623,33750
shape_J30CWLMYJB_1,1.648599,103.612944,624,33840
shape_J30CWLMYJB_1,1.649268,103.612455,625,33932
shape_J30CWLMYJB_1,1.649817,103.612044,626,34008
shape_J30CWLMYJB_1,1.650312,103.611674,627,34077
shape_J30CWLMYJB_1,1.650783,103.611325,628,34142
shape_J30CWLMYJB_1,1.651095,103.611086,629,34186
shape_J30CWLMYJB_1,1.65118,103.61097,630,34202
shape_J30CWLMYJB_1,1.651388,103.610867,631,34228
shape_J30CWLMYJB_1,1.651806,103.610550,632,34286
shape_J30CWLMYJB_1,1.652092,103.610351,633,34325
shape_J30CWLMYJB_1,1.6522511241395623,103.61026291534425,634,34345
shape_J30CWLMYJB_1,1.6524553621871647,103.61017157423973,635,34370
shape_J30CWLMYJB_1,1.652748,103.610066,636,34405
shape_J30CWLMYJB_1,1.653242,103.609895,637,34463
shape_J30CWLMYJB_1,1.6539393838205245,103.60966693865777,638,34545
shape_J30CWLMYJB_1,1.65428,103.60954,639,34585
shape_J30CWLMYJB_1,1.65653,103.60876,640,34850
shape_J30CWLMYJB_1,1.65681,103.60861,641,34885
shape_J30CWLMYJB_1,1.65711,103.60841,642,34925
shape_J30CWLMYJB_1,1.658098043257856,103.60762682209017,643,35065
shape_J30CWLMYJB_1,1.65851,103.60718,644,35133
shape_J30CWLMYJB_1,1.65895,103.60669,645,35206
shape_J30CWLMYJB_1,1.66049,103.60483,646,35474
shape_J30CWLMYJB_1,1.66073,103.60449,647,35520
shape_J30CWLMYJB_1,1.66083,103.60428,648,35546
shape_J30CWLMYJB_1,1.660890,103.604168,649,35560
shape_J30CWLMYJB_1,1.661013,103.603877,650,35595
shape_J30CWLMYJB_1,1.661069,103.603753,651,35610
shape_J30CWLMYJB_1,1.661168,103.603494,652,35641
shape_J30CWLMYJB_1,1.661227,103.603308,653,35663
shape_J30CWLMYJB_1,1.661328,103.603084,654,35690
shape_J30CWLMYJB_1,1.661393,103.602979,655,35704
shape_J30CWLMYJB_1,1.661440,103.602825,656,35722
shape_J30CWLMYJB_1,1.661514,103.602497,657,35759
shape_J30CWLMYJB_1,1.661696,103.602043,658,35813
shape_J30CWLMYJB_1,1.661871,103.601576,659,35868
shape_J30CWLMYJB_1,1.662046,103.601116,660,35923
shape_J30CWLMYJB_1,1.662266,103.600674,661,35978
shape_J30CWLMYJB_1,1.6626927135090799,103.59976661226847,662,36089
shape_J30CWLMYJB_1,1.662716,103.599706,663,36096
shape_J30CWLMYJB_1,1.662715,103.599674,664,36100
shape_J30CWLMYJB_1,1.662718,103.599629,665,36105
shape_J30CWLMYJB_1,1.662765,103.599534,666,36117
shape_J30CWLMYJB_1,1.6627826162214587,103.59948667055225,667,36123
shape_J30CWLMYJB_1,1.6627759243321825,103.59944396502974,668,36128
shape_J30CWLMYJB_1,1.6627793297301086,103.59938924173352,669,36134
shape_J30CWLMYJB_1,1.662788,103.599341,670,36139
shape_J30CWLMYJB_1,1.662778,103.599294,671,36144
shape_J30CWLMYJB_1,1.662757,103.599260,672,36148
shape_J30CWLMYJB_1,1.66273,103.59923,673,36152
shape_J30CWLMYJB_1,1.662706,103.599202,674,36156
shape_J30CWLMYJB_1,1.6626695592350391,103.59917639355996,675,36161
shape_J30CWLMYJB_1,1.662631,103.599164,676,36166
shape_J30CWLMYJB_1,1.662593,103.599152,677,36170
shape_J30CWLMYJB_1,1.662553,103.599136,678,36175
shape_J30CWLMYJB_1,1.662514,103.599123,679,36180
shape_J30CWLMYJB_1,1.662479,103.599110,680,36184
shape_J30CWLMYJB_1,1.662442,103.599095,681,36188
shape_J30CWLMYJB_1,1.662447,103.599056,682,36192
shape_J30CWLMYJB_1,1.662449,103.598994,683,36199
shape_J30CWLMYJB_1,1.662450,103.598933,684,36206
shape_J30CWLMYJB_1,1.662453,103.598869,685,36213
shape_J30CWLMYJB_1,1.662455,103.598818,686,36219
shape_J30CWLMYJB_1,1.6624542054407616,103.59879042356727,687,36222
shape_J30CWLMYJB_1,1.66247,103.59879,688,36224
shape_J11CWLMYJB_0,1.56337,103.734,0,0
shape_J11CWLMYJB_0,1.5630983184012353,103.73441367157731,1,59
shape_J11CWLMYJB_0,1.562977,103.734620,2,86
shape_J11CWLMYJB_0,1.562902,103.734760,3,104
shape_J11CWLMYJB_0,1.562757,103.734856,4,123
shape_J11CWLMYJB_0,1.562607,103.735028,5,148
shape_J11CWLMYJB_0,1.562500,103.735194,6,170
shape_J11CWLMYJB_0,1.562333,103.735371,7,197
shape_J11CWLMYJB_0,1.562172,103.735570,8,225
shape_J11CWLMYJB_0,1.562060,103.735736,9,247
shape_J11CWLMYJB_0,1.562086,103.735870,10,262
shape_J11CWLMYJB_0,1.562371,103.735972,11,296
shape_J11CWLMYJB_0,1.562526,103.736036,12,315
shape_J11CWLMYJB_0,1.562430,103.736144,13,331
shape_J11CWLMYJB_0,1.562891,103.736450,14,393
shape_J11CWLMYJB_0,1.563341,103.736718,15,451
shape_J11CWLMYJB_0,1.564961,103.737973,16,679
shape_J11CWLMYJB_0,1.566977,103.739791,17,981
shape_J11CWLMYJB_0,1.568500,103.741465,18,1233
shape_J11CWLMYJB_0,1.569916,103.743112,19,1474
shape_J11CWLMYJB_0,1.57098,103.74435,20,1657
shape_J11CWLMYJB_0,1.571921,103.745611,21,1831
shape_J11CWLMYJB_0,1.572645,103.746647,22,1972
shape_J11CWLMYJB_0,1.573229,103.747329,23,2072
shape_J11CWLMYJB_0,1.573487,103.747549,24,2110
shape_J11CWLMYJB_0,1.574334,103.747967,25,2215
shape_J11CWLMYJB_0,1.574586,103.748053,26,2245
shape_J11CWLMYJB_0,1.574774,103.748016,27,2266
shape_J11CWLMYJB_0,1.574892,103.748139,28,2285
shape_J11CWLMYJB_0,1.576216,103.748214,29,2432
shape_J11CWLMYJB_0,1.5769,103.74831,30,2505
shape_J11CWLMYJB_0,1.577466,103.748402,31,2573
shape_J11CWLMYJB_0,1.57798,103.74873,32,2641
shape_J11CWLMYJB_0,1.57875,103.74912,33,2737
shape_J11CWLMYJB_0,1.57883,103.7491,34,2746
shape_J11CWLMYJB_0,1.57893,103.74913,35,2758
shape_J11CWLMYJB_0,1.57899,103.7492,36,2768
shape_J11CWLMYJB_0,1.579,103.74925,37,2774
shape_J11CWLMYJB_0,1.57899,103.74931,38,2781
shape_J11CWLMYJB_0,1.57893,103.74939,39,2792
shape_J11CWLMYJB_0,1.57889,103.74942,40,2798
shape_J11CWLMYJB_0,1.57879,103.74942,41,2809
shape_J11CWLMYJB_0,1.57835,103.7503,42,2918
shape_J11CWLMYJB_0,1.57833,103.75057,43,2948
shape_J11CWLMYJB_0,1.57811,103.75129,44,3032
shape_J11CWLMYJB_0,1.57777,103.75591,45,3547
shape_J11CWLMYJB_0,1.5777,103.75626,46,3587
shape_J11CWLMYJB_0,1.57766,103.75662,47,3627
shape_J11CWLMYJB_0,1.57765,103.75747,48,3721
shape_J11CWLMYJB_0,1.57752,103.75914,49,3907
shape_J11CWLMYJB_0,1.5775,103.75925,50,3919
shape_J11CWLMYJB_0,1.57647,103.75917,51,4034
shape_J11CWLMYJB_0,1.57483,103.7591,52,4217
shape_J11CWLMYJB_0,1.57469,103.75911,53,4233
shape_J11CWLMYJB_0,1.57328,103.75937,54,4392
shape_J11CWLMYJB_0,1.57332,103.75941,55,4398
shape_J11CWLMYJB_0,1.57033,103.75995,56,4736
shape_J11CWLMYJB_0,1.57001,103.75995,57,4772
shape_J11CWLMYJB_0,1.56965,103.75988,58,4813
shape_J11CWLMYJB_0,1.56884,103.75943,59,4916
shape_J11CWLMYJB_0,1.5688,103.7594,60,4922
shape_J11CWLMYJB_0,1.56869,103.75937,61,4935
shape_J11CWLMYJB_0,1.56852,103.75934,62,4954
shape_J11CWLMYJB_0,1.56809,103.7593,63,5002
shape_J11CWLMYJB_0,1.5669,103.75935,64,5134
shape_J11CWLMYJB_0,1.56645,103.75927,65,5185
shape_J11CWLMYJB_0,1.56259,103.75863,66,5620
shape_J11CWLMYJB_0,1.56258,103.75866,67,5624
shape_J11CWLMYJB_0,1.56254,103.75872,68,5632
shape_J11CWLMYJB_0,1.56246,103.75873,69,5641
shape_J11CWLMYJB_0,1.56239,103.7587,70,5649
shape_J11CWLMYJB_0,1.56236,103.75863,71,5657
shape_J11CWLMYJB_0,1.56223,103.75857,72,5673
shape_J11CWLMYJB_0,1.56195,103.75851,73,5705
shape_J11CWLMYJB_0,1.56141,103.75843,74,5766
shape_J11CWLMYJB_0,1.56133,103.75843,75,5775
shape_J11CWLMYJB_0,1.55917,103.75828,76,6016
shape_J11CWLMYJB_0,1.55911,103.75829,77,6023
shape_J11CWLMYJB_0,1.55832,103.75825,78,6111
shape_J11CWLMYJB_0,1.55705,103.75822,79,6252
shape_J11CWLMYJB_0,1.55529,103.75833,80,6448
shape_J11CWLMYJB_0,1.55014,103.75864,81,7022
shape_J11CWLMYJB_0,1.54929,103.75879,82,7118
shape_J11CWLMYJB_0,1.54867,103.75902,83,7192
shape_J11CWLMYJB_0,1.54821,103.75928,84,7251
shape_J11CWLMYJB_0,1.54802,103.75942,85,7277
shape_J11CWLMYJB_0,1.54575,103.76177,86,7640
shape_J11CWLMYJB_0,1.54512,103.76234,87,7734
shape_J11CWLMYJB_0,1.54399,103.76317,88,7890
shape_J11CWLMYJB_0,1.54382,103.76328,89,7913
shape_J11CWLMYJB_0,1.54382,103.76333,90,7919
shape_J11CWLMYJB_0,1.5438,103.76338,91,7925
shape_J11CWLMYJB_0,1.54376,103.76341,92,7931
shape_J11CWLMYJB_0,1.54371,103.76342,93,7937
shape_J11CWLMYJB_0,1.54367,103.76341,94,7942
shape_J11CWLMYJB_0,1.54362,103.76337,95,7949
shape_J11CWLMYJB_0,1.54287,103.76348,96,8033
shape_J11CWLMYJB_0,1.5424,103.7635,97,8085
shape_J11CWLMYJB_0,1.54214,103.76349,98,8114
shape_J11CWLMYJB_0,1.53845,103.76317,99,8526
shape_J11CWLMYJB_0,1.53661,103.76285,100,8734
shape_J11CWLMYJB_0,1.5356,103.76264,101,8849
shape_J11CWLMYJB_0,1.53533,103.76256,102,8880
shape_J11CWLMYJB_0,1.5339126265683989,103.76188463558196,103,9055
shape_J11CWLMYJB_0,1.53398458282537,103.76176524785042,104,9070
shape_J11CWLMYJB_0,1.5341053078166818,103.76156714293955,105,9096
shape_J11CWLMYJB_0,1.53553,103.75949,106,9376
shape_J11CWLMYJB_0,1.53558,103.75965,107,9395
shape_J11CWLMYJB_0,1.53594,103.75889,108,9488
shape_J11CWLMYJB_0,1.53595,103.75874,109,9505
shape_J11CWLMYJB_0,1.53594,103.75863,110,9517
shape_J11CWLMYJB_0,1.53587,103.75844,111,9540
shape_J11CWLMYJB_0,1.53572,103.75816,112,9575
shape_J11CWLMYJB_0,1.53393,103.75596,113,9890
shape_J11CWLMYJB_0,1.53383,103.75577,114,9914
shape_J11CWLMYJB_0,1.53372,103.75552,115,9944
shape_J11CWLMYJB_0,1.53313,103.75485,116,10043
shape_J11CWLMYJB_0,1.53179,103.75292,117,10304
shape_J11CWLMYJB_0,1.53168,103.75274,118,10327
shape_J11CWLMYJB_0,1.53158,103.75249,119,10357
shape_J11CWLMYJB_0,1.53154,103.75229,120,10380
shape_J11CWLMYJB_0,1.53137,103.7523,121,10399
shape_J11CWLMYJB_0,1.53156,103.75168,122,10471
shape_J11CWLMYJB_0,1.53189,103.75078,123,10578
shape_J11CWLMYJB_0,1.53243,103.75101,124,10643
shape_J11CWLMYJB_0,1.53296,103.75137,125,10714
shape_J11CWLMYJB_0,1.53535,103.7529,126,11030
shape_J11CWLMYJB_0,1.53622,103.75155,127,11209
shape_J11CWLMYJB_0,1.5356903971743858,103.75065594841006,128,11325
shape_J11CWLMYJB_0,1.5350860480847481,103.74998606613161,129,11425
shape_J11CWLMYJB_0,1.5348183359329326,103.74976638294221,130,11464
shape_J11CWLMYJB_0,1.53424,103.74937,131,11542
shape_J11CWLMYJB_0,1.5328766749368625,103.7485518379593,132,11719
shape_J11CWLMYJB_0,1.53169,103.75158,133,12081
shape_J11CWLMYJB_0,1.53163,103.7519,134,12117
shape_J11CWLMYJB_0,1.53164,103.75228,135,12159
shape_J11CWLMYJB_0,1.53168,103.75248,136,12182
shape_J11CWLMYJB_0,1.53175,103.7527,137,12208
shape_J11CWLMYJB_0,1.53217,103.75345,138,12304
shape_J11CWLMYJB_0,1.53393,103.75596,139,12645
shape_J11CWLMYJB_0,1.53572,103.75816,140,12960
shape_J11CWLMYJB_0,1.53587,103.75844,141,12995
shape_J11CWLMYJB_0,1.53594,103.75863,142,13018
shape_J11CWLMYJB_0,1.53595,103.75874,143,13030
shape_J11CWLMYJB_0,1.53594,103.75889,144,13047
shape_J11CWLMYJB_0,1.53191,103.76479,145,13841
shape_J11CWLMYJB_0,1.53266,103.76376,146,13983
shape_J11CWLMYJB_0,1.53092,103.76627,147,14323
shape_J11CWLMYJB_0,1.53099,103.76613,148,14340
shape_J11CWLMYJB_0,1.52963,103.76809,149,14605
shape_J11CWLMYJB_0,1.52922,103.76874,150,14690
shape_J11CWLMYJB_0,1.52857,103.76962,151,14812
shape_J11CWLMYJB_0,1.52835,103.77003,152,14864
shape_J11CWLMYJB_0,1.52809,103.77045,153,14919
shape_J11CWLMYJB_0,1.52793,103.77065,154,14947
shape_J11CWLMYJB_0,1.52756,103.77095,155,15000
shape_J11CWLMYJB_0,1.52597,103.77201,156,15212
shape_J11CWLMYJB_0,1.52578,103.77216,157,15239
shape_J11CWLMYJB_0,1.52564,103.77231,158,15262
shape_J11CWLMYJB_0,1.5256,103.77236,159,15269
shape_J11CWLMYJB_0,1.52555,103.77251,160,15287
shape_J11CWLMYJB_0,1.52555,103.7726,161,15297
shape_J11CWLMYJB_0,1.5264705746319644,103.77471495700838,162,15553
shape_J11CWLMYJB_0,1.52639,103.77486,163,15571
shape_J11CWLMYJB_0,1.52674,103.77531,164,15634
shape_J11CWLMYJB_0,1.52682,103.77553,165,15660
shape_J11CWLMYJB_0,1.52695,103.77605,166,15720
shape_J11CWLMYJB_0,1.52713,103.77846,167,15989
shape_J11CWLMYJB_0,1.52722,103.77884,168,16032
shape_J11CWLMYJB_0,1.52728,103.77901,169,16052
shape_J11CWLMYJB_0,1.52743,103.77932,170,16090
shape_J11CWLMYJB_0,1.52765,103.77965,171,16134
shape_J11CWLMYJB_0,1.52793,103.77996,172,16180
shape_J11CWLMYJB_0,1.52817,103.78017,173,16215
shape_J11CWLMYJB_0,1.52832,103.78034,174,16240
shape_J11CWLMYJB_0,1.52834,103.78044,175,16251
shape_J11CWLMYJB_0,1.52832,103.78055,176,16263
shape_J11CWLMYJB_0,1.52827,103.78062,177,16273
shape_J11CWLMYJB_0,1.5282,103.78065,178,16281
shape_J11CWLMYJB_0,1.52811,103.78066,179,16291
shape_J11CWLMYJB_0,1.52794,103.78061,180,16311
shape_J11CWLMYJB_0,1.52766,103.78039,181,16351
shape_J11CWLMYJB_0,1.52748,103.78019,182,16381
shape_J11CWLMYJB_0,1.52732,103.77991,183,16417
shape_J11CWLMYJB_0,1.5271,103.7793,184,16489
shape_J11CWLMYJB_0,1.52703,103.77906,185,16517
shape_J11CWLMYJB_0,1.52698,103.77882,186,16544
shape_J11CWLMYJB_0,1.52688,103.77658,187,16793
shape_J11CWLMYJB_0,1.52671,103.77565,188,16898
shape_J11CWLMYJB_0,1.52657,103.77525,189,16945
shape_J11CWLMYJB_0,1.52486,103.77133,190,17420
shape_J11CWLMYJB_0,1.52466,103.77084,191,17479
shape_J11CWLMYJB_0,1.52457,103.77048,192,17520
shape_J11CWLMYJB_0,1.52455,103.77034,193,17536
shape_J11CWLMYJB_0,1.5245,103.7696,194,17618
shape_J11CWLMYJB_0,1.52445,103.7693,195,17652
shape_J11CWLMYJB_0,1.52435,103.76902,196,17685
shape_J11CWLMYJB_0,1.52424,103.76882,197,17710
shape_J11CWLMYJB_0,1.52292,103.7667,198,17988
shape_J11CWLMYJB_0,1.52257,103.7658,199,18095
shape_J11CWLMYJB_0,1.52049,103.76078,200,18699
shape_J11CWLMYJB_0,1.52016,103.76023,201,18770
shape_J11CWLMYJB_0,1.51996,103.75996,202,18807
shape_J11CWLMYJB_0,1.51968,103.75968,203,18851
shape_J11CWLMYJB_0,1.51939,103.75942,204,18894
shape_J11CWLMYJB_0,1.51905,103.75918,205,18940
shape_J11CWLMYJB_0,1.5184,103.75881,206,19023
shape_J11CWLMYJB_0,1.51796,103.75864,207,19075
shape_J11CWLMYJB_0,1.51602,103.75805,208,19300
shape_J11CWLMYJB_0,1.51577,103.75801,209,19328
shape_J11CWLMYJB_0,1.51538,103.758,210,19371
shape_J11CWLMYJB_0,1.51482,103.75806,211,19434
shape_J11CWLMYJB_0,1.51474,103.75813,212,19446
shape_J11CWLMYJB_0,1.51458,103.75812,213,19464
shape_J11CWLMYJB_0,1.51425,103.75824,214,19503
shape_J11CWLMYJB_0,1.51403,103.75834,215,19530
shape_J11CWLMYJB_0,1.51385,103.75845,216,19553
shape_J11CWLMYJB_0,1.51362,103.75863,217,19585
shape_J11CWLMYJB_0,1.5129,103.75934,218,19697
shape_J11CWLMYJB_0,1.51242,103.75976,219,19768
shape_J11CWLMYJB_0,1.51205,103.76004,220,19820
shape_J11CWLMYJB_0,1.51137,103.76039,221,19905
shape_J11CWLMYJB_0,1.51019,103.76087,222,20047
shape_J11CWLMYJB_0,1.50984,103.7611,223,20094
shape_J11CWLMYJB_0,1.50932,103.76119,224,20153
shape_J11CWLMYJB_0,1.50705,103.76197,225,20420
shape_J11CWLMYJB_0,1.50661,103.76216,226,20473
shape_J11CWLMYJB_0,1.50628,103.76236,227,20516
shape_J11CWLMYJB_0,1.50599,103.76258,228,20556
shape_J11CWLMYJB_0,1.50609,103.76255,229,20568
shape_J11CWLMYJB_0,1.50559,103.76299,230,20642
shape_J11CWLMYJB_0,1.50496,103.76366,231,20744
shape_J11CWLMYJB_0,1.50458,103.764,232,20801
shape_J11CWLMYJB_0,1.50442,103.76411,233,20823
shape_J11CWLMYJB_0,1.50386,103.76435,234,20891
shape_J11CWLMYJB_0,1.50372,103.76451,235,20915
shape_J11CWLMYJB_0,1.50283,103.76468,236,21016
shape_J11CWLMYJB_0,1.50152,103.76505,237,21167
shape_J11CWLMYJB_0,1.50113,103.76521,238,21214
shape_J11CWLMYJB_0,1.50061,103.76523,239,21272
shape_J11CWLMYJB_0,1.49432,103.76647,240,21949
shape_J11CWLMYJB_0,1.49166,103.76699,241,22287
shape_J11CWLMYJB_0,1.49077,103.76706,242,22386
shape_J11CWLMYJB_0,1.49028,103.76708,243,22441
shape_J11CWLMYJB_0,1.48993,103.76707,244,22480
shape_J11CWLMYJB_0,1.48705,103.76632,245,22811
shape_J11CWLMYJB_0,1.48677,103.76628,246,22842
shape_J11CWLMYJB_0,1.48089,103.76463,247,23521
shape_J11CWLMYJB_0,1.48106,103.76468,248,23541
shape_J11CWLMYJB_0,1.47719,103.76365,249,23986
shape_J11CWLMYJB_0,1.47738,103.7637,250,24008
shape_J11CWLMYJB_0,1.47511,103.76312,251,24269
shape_J11CWLMYJB_0,1.4749,103.7631,252,24292
shape_J11CWLMYJB_0,1.4736,103.76286,253,24439
shape_J11CWLMYJB_0,1.47329,103.76276,254,24475
shape_J11CWLMYJB_0,1.47307,103.76254,255,24510
shape_J11CWLMYJB_0,1.47299,103.76237,256,24531
shape_J11CWLMYJB_0,1.47298,103.76229,257,24540
shape_J11CWLMYJB_0,1.47353,103.76022,258,24778
shape_J11CWLMYJB_0,1.47371,103.75972,259,24837
shape_J11CWLMYJB_0,1.47379,103.75944,260,24869
shape_J11CWLMYJB_0,1.47385,103.7589,261,24929
shape_J11CWLMYJB_0,1.47385,103.75865,262,24957
shape_J11CWLMYJB_0,1.47381,103.75822,263,25005
shape_J11CWLMYJB_0,1.47372,103.75785,264,25047
shape_J11CWLMYJB_0,1.47185,103.75419,265,25504
shape_J11CWLMYJB_0,1.47105,103.75304,266,25660
shape_J11CWLMYJB_0,1.47076,103.75269,267,25711
shape_J11CWLMYJB_0,1.47043,103.75239,268,25761
shape_J11CWLMYJB_0,1.46947,103.75121,269,25930
shape_J11CWLMYJB_0,1.46938,103.75117,270,25941
shape_J11CWLMYJB_0,1.46913,103.75117,271,25969
shape_J11CWLMYJB_0,1.46692,103.75249,272,26255
shape_J11CWLMYJB_0,1.46626,103.75285,273,26339
shape_J11CWLMYJB_0,1.46601,103.75303,274,26373
shape_J11CWLMYJB_0,1.46455,103.75428,275,26587
shape_J11CWLMYJB_0,1.46453,103.75429,276,26589
shape_J11CWLMYJB_0,1.46338,103.75535,277,26763
shape_J11CWLMYJB_0,1.46319,103.7555,278,26790
shape_J11CWLMYJB_0,1.4632,103.75553,279,26794
shape_J11CWLMYJB_0,1.46075,103.75769,280,27157
shape_J11CWLMYJB_0,1.46062,103.75777,281,27174
shape_J11CWLMYJB_0,1.45974,103.7586,282,27308
shape_J11CWLMYJB_0,1.45961,103.75867,283,27324
shape_J11CWLMYJB_0,1.45949,103.75871,284,27338
shape_J11CWLMYJB_0,1.45837,103.75892,285,27465
shape_J11CWLMYJB_0,1.45822,103.75896,286,27482
shape_J11CWLMYJB_0,1.4568,103.75929,287,27644
shape_J11CWLMYJB_0,1.4549070475953976,103.75965930290224,288,27858
shape_J11CWLMYJB_0,1.4550934461756888,103.76055361705777,289,27960
shape_J11CWLMYJB_0,1.4552060626248788,103.76118105026244,290,28031
shape_J11CWLMYJB_0,1.45546,103.76188,291,28114
shape_J11CWLMYJB_0,1.455551865660933,103.76232927116392,292,28165
shape_J11CWLMYJB_0,1.45569,103.76281,293,28221
shape_J11CWLMYJB_0,1.456,103.76371,294,28327
shape_J11CWLMYJB_0,1.45691,103.76555,295,28555
shape_J11CWLMYJB_0,1.45652,103.76484,296,28645
shape_J11CWLMYJB_0,1.45736,103.7662,297,28823
shape_J11CWLMYJB_0,1.45756,103.7664,298,28854
shape_J11CWLMYJB_0,1.45777,103.76654,299,28882
shape_J11CWLMYJB_0,1.45797,103.76663,300,28906
shape_J11CWLMYJB_0,1.45826,103.76671,301,28939
shape_J11CWLMYJB_0,1.45883,103.7668,302,29003
shape_J11CWLMYJB_0,1.45904,103.76686,303,29027
shape_J11CWLMYJB_0,1.45916,103.76694,304,29043
shape_J11CWLMYJB_0,1.45927,103.76704,305,29060
shape_J11CWLMYJB_0,1.4594,103.76722,306,29085
shape_J11CWLMYJB_0,1.45949,103.76724,307,29095
shape_J11CWLMYJB_0,1.45978,103.76709,308,29131
shape_J11CWLMYJB_0,1.45997,103.76697,309,29156
shape_J11CWLMYJB_0,1.46006,103.76687,310,29171
shape_J11CWLMYJB_0,1.46026,103.7668,311,29195
shape_J11CWLMYJB_0,1.46352,103.76496,312,29611
shape_J205CWLMYJB_0,1.48444,103.9359,0,0
shape_J205CWLMYJB_0,1.48447,103.936586,1,76
shape_J205CWLMYJB_0,1.484448,103.937254,2,150
shape_J205CWLMYJB_0,1.484451,103.937586,3,187
shape_J205CWLMYJB_0,1.48444,103.937838,4,215
shape_J205CWLMYJB_0,1.484504,103.937948,5,229
shape_J205CWLMYJB_0,1.484588,103.938034,6,242
shape_J205CWLMYJB_0,1.484746,103.938055,7,260
shape_J205CWLMYJB_0,1.485598,103.938055,8,355
shape_J205CWLMYJB_0,1.486352,103.938047,9,439
shape_J205CWLMYJB_0,1.486464,103.938063,10,452
shape_J205CWLMYJB_0,1.486537,103.937964,11,466
shape_J205CWLMYJB_0,1.486652,103.937948,12,479
shape_J205CWLMYJB_0,1.486743,103.937972,13,489
shape_J205CWLMYJB_0,1.486799,103.938071,14,502
shape_J205CWLMYJB_0,1.487046,103.938058,15,530
shape_J205CWLMYJB_0,1.487759,103.938063,16,609
shape_J205CWLMYJB_0,1.488778,103.938058,17,722
shape_J205CWLMYJB_0,1.490004,103.938042,18,858
shape_J205CWLMYJB_0,1.490521,103.938005,19,916
shape_J205CWLMYJB_0,1.490599,103.93926,20,1056
shape_J205CWLMYJB_0,1.4905974084639724,103.94007781816866,21,1147
shape_J205CWLMYJB_0,1.49061,103.94044,22,1187
shape_J205CWLMYJB_0,1.490623,103.940991,23,1248
shape_J205CWLMYJB_0,1.490634,103.941713,24,1328
shape_J205CWLMYJB_0,1.49065,103.942794,25,1448
shape_J205CWLMYJB_0,1.490677,103.943803,26,1560
shape_J205CWLMYJB_0,1.490701,103.944629,27,1652
shape_J205CWLMYJB_0,1.490687,103.94545,28,1743
shape_J205CWLMYJB_0,1.490689,103.946164,29,1822
shape_J205CWLMYJB_0,1.490676,103.946891,30,1903
shape_J205CWLMYJB_0,1.490676,103.947401,31,1960
shape_J205CWLMYJB_0,1.490665,103.948023,32,2029
shape_J205CWLMYJB_0,1.490658,103.948812,33,2117
shape_J205CWLMYJB_0,1.490626,103.949512,34,2195
shape_J205CWLMYJB_0,1.490612,103.950382,35,2292
shape_J205CWLMYJB_0,1.490626,103.951283,36,2392
shape_J205CWLMYJB_0,1.490642,103.952353,37,2511
shape_J205CWLMYJB_0,1.490634,103.953348,38,2622
shape_J205CWLMYJB_0,1.490663,103.954483,39,2748
shape_J205CWLMYJB_0,1.49069,103.955043,40,2810
shape_J205CWLMYJB_0,1.490714,103.95559,41,2871
shape_J205CWLMYJB_0,1.4901761348222298,103.95562401776104,42,2931
shape_J205CWLMYJB_0,1.48961,103.95563,43,2994
shape_J205CWLMYJB_0,1.4881,103.95565,44,3162
shape_J205CWLMYJB_0,1.48608,103.95563,45,3387
shape_J205CWLMYJB_0,1.4844727065759045,103.9556459067459,46,3566
shape_J205CWLMYJB_0,1.48443,103.95374,47,3778
shape_J205CWLMYJB_0,1.48445,103.95004,48,4189
shape_J205CWLMYJB_0,1.484435,103.949284,49,4273
shape_J205CWLMYJB_0,1.484419,103.948895,50,4316
shape_J205CWLMYJB_0,1.484408,103.948611,51,4348
shape_J205CWLMYJB_0,1.484384,103.948407,52,4371
shape_J205CWLMYJB_0,1.48437,103.948318,53,4381
shape_J205CWLMYJB_0,1.484344,103.94828,54,4386
shape_J205CWLMYJB_0,1.484193,103.948304,55,4403
shape_J205CWLMYJB_0,1.483856,103.948298,56,4440
shape_J205CWLMYJB_0,1.483264,103.948337,57,4506
shape_J205CWLMYJB_0,1.48267,103.9483,58,4572
shape_J205CWLMYJB_0,1.48146,103.9483,59,4707
shape_J205CWLMYJB_0,1.481283,103.94832,60,4727
shape_J205CWLMYJB_0,1.481034,103.94832,61,4755
shape_J205CWLMYJB_0,1.480889,103.948326,62,4771
shape_J205CWLMYJB_0,1.480685,103.948331,63,4794
shape_J205CWLMYJB_0,1.480568,103.948334,64,4807
shape_J205CWLMYJB_0,1.48045,103.948347,65,4820
shape_J205CWLMYJB_0,1.4804477363540518,103.94928744543839,66,4925
shape_J205CWLMYJB_0,1.48046,103.95028,67,5035
shape_J205CWLMYJB_0,1.48048,103.95195,68,5221
shape_J205CWLMYJB_0,1.48052,103.95518,69,5580
shape_J205CWLMYJB_0,1.480539,103.955562,70,5623
shape_J205CWLMYJB_0,1.47949,103.95562,71,5740
shape_J205CWLMYJB_0,1.4749,103.95566,72,6250
shape_J205CWLMYJB_0,1.474699,103.95567,73,6272
shape_J205CWLMYJB_0,1.474482,103.955673,74,6296
shape_J205CWLMYJB_0,1.474327,103.955678,75,6313
shape_J205CWLMYJB_0,1.474222,103.955657,76,6325
shape_J205CWLMYJB_0,1.474126,103.955635,77,6336
shape_J205CWLMYJB_0,1.473978,103.955584,78,6353
shape_J205CWLMYJB_0,1.4740785275717627,103.95532423677065,79,6384
shape_J205CWLMYJB_0,1.47423,103.95499,80,6425
shape_J205CWLMYJB_0,1.4763543076920964,103.94970925892173,81,7058
shape_J205CWLMYJB_0,1.47681,103.94926,82,7129
shape_J205CWLMYJB_0,1.477811,103.948324,83,7281
shape_J205CWLMYJB_0,1.47833,103.94832,84,7339
shape_J205CWLMYJB_0,1.48197,103.9483,85,7744
shape_J205CWLMYJB_0,1.48297,103.9483,86,7855
shape_J205CWLMYJB_0,1.483284,103.948274,87,7890
shape_J205CWLMYJB_0,1.483541,103.948285,88,7919
shape_J205CWLMYJB_0,1.484045,103.948271,89,7975
shape_J205CWLMYJB_0,1.484217,103.948271,90,7994
shape_J205CWLMYJB_0,1.484327,103.948164,91,8011
shape_J205CWLMYJB_0,1.484418,103.948054,92,8027
shape_J205CWLMYJB_0,1.4843868018871702,103.94667017889022,93,8181
shape_J205CWLMYJB_0,1.48439,103.94642,94,8209
shape_J205CWLMYJB_0,1.48437,103.94193,95,8708
shape_J205CWLMYJB_0,1.48431,103.93738,96,9214
shape_J205CWLMYJB_0,1.484301,103.936944,97,9262
shape_J205CWLMYJB_0,1.484291,103.936172,98,9348
shape_J205CWLMYJB_0,1.484299,103.935695,99,9401
shape_J205CWLMYJB_0,1.484307,103.935105,100,9467
shape_J205CWLMYJB_0,1.484294,103.934584,101,9525
shape_J205CWLMYJB_0,1.484299,103.934222,102,9565
shape_J205CWLMYJB_0,1.48424,103.934123,103,9578
shape_J205CWLMYJB_0,1.484155,103.934006,104,9594
shape_J205CWLMYJB_0,1.483644,103.934017,105,9651
shape_J205CWLMYJB_0,1.483161,103.934018,106,9705
shape_J205CWLMYJB_0,1.482106,103.934034,107,9822
shape_J205CWLMYJB_0,1.481151,103.934051,108,9928
shape_J205CWLMYJB_0,1.48037,103.934073,109,10015
shape_J205CWLMYJB_0,1.479952,103.934046,110,10062
shape_J205CWLMYJB_0,1.478885,103.933885,111,10182
shape_J205CWLMYJB_0,1.4778860549815966,103.93368404662705,112,10295
shape_J205CWLMYJB_0,1.47727,103.93366,113,10364
shape_J205CWLMYJB_0,1.4758,103.9337,114,10528
shape_J205CWLMYJB_0,1.475456,103.933699,115,10566
shape_J205CWLMYJB_0,1.47504,103.933699,116,10612
shape_J205CWLMYJB_0,1.474609,103.933696,117,10660
shape_J205CWLMYJB_0,1.474258,103.93368,118,10699
shape_J205CWLMYJB_0,1.474043,103.93366,119,10723
shape_J205CWLMYJB_0,1.4740564175365571,103.93251870534897,120,10850
shape_J205CWLMYJB_0,1.47404,103.93158,121,10954
shape_J205CWLMYJB_0,1.47402,103.92572,122,11605
shape_J205CWLMYJB_0,1.47401,103.924872,123,11699
shape_J205CWLMYJB_0,1.474005,103.923896,124,11807
shape_J205CWLMYJB_0,1.474099,103.923191,125,11886
shape_J205CWLMYJB_0,1.474168,103.922781,126,11932
shape_J205CWLMYJB_0,1.474321,103.922228,127,11996
shape_J205CWLMYJB_0,1.474496,103.921874,128,12040
shape_J205CWLMYJB_0,1.47478,103.921303,129,12111
shape_J205CWLMYJB_0,1.475018,103.920868,130,12166
shape_J205CWLMYJB_0,1.475394,103.920322,131,12240
shape_J205CWLMYJB_0,1.476172,103.919075,132,12403
shape_J205CWLMYJB_0,1.476971,103.917846,133,12566
shape_J205CWLMYJB_0,1.477646,103.916864,134,12698
shape_J205CWLMYJB_0,1.478075,103.916076,135,12798
shape_J205CWLMYJB_0,1.478521,103.915271,136,12900
shape_J205CWLMYJB_0,1.478671,103.914805,137,12954
shape_J205CWLMYJB_0,1.478799,103.914332,138,13008
shape_J205CWLMYJB_0,1.478917,103.913965,139,13051
shape_J205CWLMYJB_0,1.478891,103.913342,140,13120
shape_J205CWLMYJB_0,1.478783,103.912811,141,13180
shape_J205CWLMYJB_0,1.478639,103.912189,142,13251
shape_J205CWLMYJB_0,1.478408,103.911642,143,13317
shape_J205CWLMYJB_0,1.478092,103.911148,144,13382
shape_J205CWLMYJB_0,1.4775280989249002,103.91051500859832,145,13476
shape_J205CWLMYJB_0,1.475694,103.909314,146,13720
shape_J205CWLMYJB_0,1.4742626924889577,103.90844563625264,147,13906
shape_J205CWLMYJB_0,1.47371,103.90809,148,13979
shape_J205CWLMYJB_0,1.470404951062544,103.90605105629392,149,14411
shape_J205CWLMYJB_0,1.469433,103.905342,150,14545
shape_J205CWLMYJB_0,1.468757,103.904866,151,14637
shape_J205CWLMYJB_0,1.468820,103.904776,152,14649
shape_J205CWLMYJB_0,1.468870,103.904674,153,14662
shape_J205CWLMYJB_0,1.469155,103.904065,154,14737
shape_J205CWLMYJB_0,1.469373,103.903595,155,14795
shape_J205CWLMYJB_0,1.469616,103.903089,156,14857
shape_J205CWLMYJB_0,1.470029,103.902233,157,14963
shape_J205CWLMYJB_0,1.470082,103.902133,158,14976
shape_J205CWLMYJB_0,1.470100,103.902090,159,14981
shape_J205CWLMYJB_0,1.470059,103.902071,160,14986
shape_J205CWLMYJB_0,1.469973,103.902031,161,14997
shape_J205CWLMYJB_0,1.469863,103.901978,162,15011
shape_J205CWLMYJB_0,1.469728,103.901914,163,15028
shape_J205CWLMYJB_0,1.469598,103.901851,164,15044
shape_J205CWLMYJB_0,1.469442,103.901777,165,15063
shape_J205CWLMYJB_0,1.469298,103.901714,166,15080
shape_J205CWLMYJB_0,1.469152,103.901646,167,15098
shape_J205CWLMYJB_0,1.468974,103.901556,168,15120
shape_J205CWLMYJB_0,1.468785,103.901469,169,15143
shape_J205CWLMYJB_0,1.468582,103.901374,170,15168
shape_J205CWLMYJB_0,1.467665,103.900944,171,15281
shape_J205CWLMYJB_0,1.466835,103.900559,172,15383
shape_J205CWLMYJB_0,1.466024,103.900189,173,15482
shape_J205CWLMYJB_0,1.465927,103.900375,174,15505
shape_J205CWLMYJB_0,1.465836,103.900592,175,15531
shape_J205CWLMYJB_0,1.465771,103.900721,176,15547
shape_J205CWLMYJB_0,1.465785,103.900727,177,15549
shape_J205CWLMYJB_0,1.465810,103.900732,178,15552
shape_J205CWLMYJB_0,1.465830,103.900738,179,15554
shape_J205CWLMYJB_0,1.465845,103.900742,180,15556
shape_J205CWLMYJB_0,1.465857,103.900748,181,15557
shape_J205CWLMYJB_0,1.465866,103.900755,182,15558
shape_J205CWLMYJB_0,1.465890,103.900785,183,15562
shape_J205CWLMYJB_0,1.465901,103.900801,184,15564
shape_J205CWLMYJB_0,1.465904,103.900813,185,15565
shape_J205CWLMYJB_0,1.465906,103.900826,186,15566
shape_J205CWLMYJB_0,1.465904,103.900843,187,15568
shape_J205CWLMYJB_0,1.465901,103.900863,188,15570
shape_J205CWLMYJB_0,1.4658920054992053,103.90089199417162,189,15573
shape_J205CWLMYJB_0,1.465878,103.900928,190,15577
shape_J205CWLMYJB_0,1.465858,103.900984,191,15584
shape_J205CWLMYJB_0,1.465832,103.901047,192,15592
shape_J205CWLMYJB_0,1.465808,103.901112,193,15600
shape_J205CWLMYJB_0,1.465777,103.901176,194,15608
shape_J205CWLMYJB_0,1.465752,103.901230,195,15615
shape_J205CWLMYJB_0,1.465786,103.901265,196,15620
shape_J205CWLMYJB_0,1.46583,103.90133,197,15629
shape_J205CWLMYJB_0,1.465767,103.901330,198,15636
shape_J205CWLMYJB_0,1.465708,103.901316,199,15643
shape_J205CWLMYJB_0,1.465693,103.901343,200,15646
shape_J205CWLMYJB_0,1.465681,103.901359,201,15648
shape_J205CWLMYJB_0,1.465676,103.901365,202,15649
shape_J205CWLMYJB_0,1.465664,103.901369,203,15650
shape_J205CWLMYJB_0,1.465625,103.901378,204,15654
shape_J205CWLMYJB_0,1.465608,103.901377,205,15656
shape_J205CWLMYJB_0,1.465585,103.901370,206,15659
shape_J205CWLMYJB_0,1.465551,103.901353,207,15663
shape_J205CWLMYJB_0,1.465488,103.901322,208,15671
shape_J205CWLMYJB_0,1.465468,103.901351,209,15675
shape_J205CWLMYJB_0,1.465427,103.901429,210,15685
shape_J205CWLMYJB_0,1.465379,103.901515,211,15696
shape_J205CWLMYJB_0,1.465334,103.901596,212,15706
shape_J205CWLMYJB_0,1.465293,103.901684,213,15717
shape_J205CWLMYJB_0,1.465107,103.902096,214,15767
shape_J205CWLMYJB_0,1.465000,103.902351,215,15798
shape_J205CWLMYJB_0,1.465001,103.902375,216,15801
shape_J205CWLMYJB_0,1.465003,103.902402,217,15804
shape_J205CWLMYJB_0,1.465010,103.902432,218,15807
shape_J205CWLMYJB_0,1.465016,103.902459,219,15810
shape_J205CWLMYJB_0,1.465027,103.902487,220,15813
shape_J205CWLMYJB_0,1.465039,103.902514,221,15816
shape_J205CWLMYJB_0,1.465146,103.902570,222,15829
shape_J205CWLMYJB_0,1.465434,103.902737,223,15866
shape_J205CWLMYJB_0,1.465689,103.902884,224,15899
shape_J205CWLMYJB_0,1.466011,103.903070,225,15940
shape_J205CWLMYJB_0,1.466600,103.903389,226,16014
shape_J205CWLMYJB_0,1.467400,103.903867,227,16118
shape_J205CWLMYJB_0,1.468156,103.904349,228,16218
shape_J205CWLMYJB_0,1.468685,103.904686,229,16288
shape_J205CWLMYJB_0,1.468779,103.904745,230,16300
shape_J205CWLMYJB_0,1.468827,103.904764,231,16306
shape_J205CWLMYJB_0,1.468925,103.904570,232,16330
shape_J205CWLMYJB_0,1.469230,103.903911,233,16411
shape_J205CWLMYJB_0,1.469823,103.902676,234,16563
shape_J205CWLMYJB_0,1.470121,103.902039,235,16641
shape_J205CWLMYJB_0,1.47014,103.901986,236,16647
shape_J205CWLMYJB_0,1.47047,103.901292,237,16732
shape_J205CWLMYJB_0,1.470789,103.900621,238,16815
shape_J205CWLMYJB_0,1.470985,103.900195,239,16867
shape_J205CWLMYJB_0,1.471129296407197,103.89989131415561,240,16904
shape_J205CWLMYJB_0,1.472040990128718,103.90029390080258,241,17015
shape_J205CWLMYJB_0,1.4731274531735563,103.90080900398253,242,17149
shape_J205CWLMYJB_0,1.4736537687896087,103.90103463229369,243,17213
shape_J205CWLMYJB_0,1.473905,103.900893,244,17245
shape_J205CWLMYJB_0,1.474053,103.900638,245,17278
shape_J205CWLMYJB_0,1.474238,103.900176,246,17333
shape_J205CWLMYJB_0,1.474409,103.899747,247,17384
shape_J205CWLMYJB_0,1.474721,103.89902,248,17472
shape_J205CWLMYJB_0,1.474949,103.898446,249,17541
shape_J205CWLMYJB_0,1.475241,103.897794,250,17620
shape_J205CWLMYJB_0,1.47541,103.897397,251,17668
shape_J205CWLMYJB_0,1.47563,103.896949,252,17723
shape_J205CWLMYJB_0,1.475815,103.896547,253,17772
shape_J205CWLMYJB_0,1.476008,103.896139,254,17822
shape_J205CWLMYJB_0,1.476214,103.895601,255,17886
shape_J205CWLMYJB_0,1.476337,103.895306,256,17922
shape_J205CWLMYJB_0,1.47649,103.894938,257,17966
shape_J205CWLMYJB_0,1.476584,103.894466,258,18019
shape_J205CWLMYJB_0,1.47663,103.894029,259,18068
shape_J205CWLMYJB_0,1.476603,103.893562,260,18120
shape_J205CWLMYJB_0,1.476579,103.892111,261,18281
shape_J205CWLMYJB_0,1.476544,103.891152,262,18388
shape_J205CWLMYJB_0,1.476554,103.890883,263,18418
shape_J205CWLMYJB_0,1.476551,103.890735,264,18434
shape_J205CWLMYJB_0,1.476543,103.890100,265,18505
shape_J205CWLMYJB_0,1.476543,103.890045,266,18511
shape_J205CWLMYJB_0,1.476563,103.890041,267,18513
shape_J205CWLMYJB_0,1.476600,103.890051,268,18517
shape_J205CWLMYJB_0,1.476637,103.890064,269,18521
shape_J205CWLMYJB_0,1.476676,103.890083,270,18526
shape_J205CWLMYJB_0,1.476704,103.890097,271,18529
shape_J205CWLMYJB_0,1.476721,103.890106,272,18531
shape_J205CWLMYJB_0,1.476726,103.890183,273,18540
shape_J205CWLMYJB_0,1.476734,103.890532,274,18579
shape_J205CWLMYJB_0,1.476742,103.890903,275,18620
shape_J205CWLMYJB_0,1.476751263738795,103.89114945767211,276,18647
shape_J205CWLMYJB_0,1.476774,103.89171,277,18709
shape_J205CWLMYJB_0,1.476772,103.892263,278,18770
shape_J205CWLMYJB_0,1.47678,103.893042,279,18857
shape_J205CWLMYJB_0,1.476761,103.893498,280,18908
shape_J205CWLMYJB_0,1.476769,103.894087,281,18973
shape_J205CWLMYJB_0,1.476723,103.894506,282,19020
shape_J205CWLMYJB_0,1.476605,103.895061,283,19083
shape_J205CWLMYJB_0,1.476493,103.895329,284,19115
shape_J205CWLMYJB_0,1.476321,103.895772,285,19168
shape_J205CWLMYJB_0,1.4763,103.895914,286,19184
shape_J205CWLMYJB_0,1.476302,103.895986,287,19192
shape_J205CWLMYJB_0,1.476321,103.896053,288,19200
shape_J205CWLMYJB_0,1.476375,103.896091,289,19207
shape_J205CWLMYJB_0,1.476458,103.896126,290,19217
shape_J205CWLMYJB_0,1.476871,103.896281,291,19266
shape_J205CWLMYJB_0,1.477327,103.896472,292,19321
shape_J205CWLMYJB_0,1.4774390439520064,103.89649917790987,293,19334
shape_J205CWLMYJB_0,1.477541,103.896485,294,19345
shape_J205CWLMYJB_0,1.477657,103.89644,295,19359
shape_J205CWLMYJB_0,1.477753,103.896346,296,19374
shape_J205CWLMYJB_0,1.477925,103.895981,297,19419
shape_J205CWLMYJB_0,1.477953,103.895758,298,19444
shape_J205CWLMYJB_0,1.478150071894286,103.89524283712439,299,19505
shape_J205CWLMYJB_0,1.478338,103.894822,300,19556
shape_J205CWLMYJB_0,1.478544,103.894376,301,19611
shape_J205CWLMYJB_0,1.478734,103.893955,302,19662
shape_J205CWLMYJB_0,1.479037,103.893258,303,19746
shape_J205CWLMYJB_0,1.47926,103.892812,304,19801
shape_J205CWLMYJB_0,1.479583,103.892444,305,19855
shape_J205CWLMYJB_0,1.479883,103.892229,306,19896
shape_J205CWLMYJB_0,1.480409,103.892009,307,19959
shape_J205CWLMYJB_0,1.480969,103.89181,308,20025
shape_J205CWLMYJB_0,1.48153,103.89167,309,20089
shape_J205CWLMYJB_0,1.481875,103.891677,310,20127
shape_J205CWLMYJB_0,1.482436,103.8916,311,20190
shape_J205CWLMYJB_0,1.483111,103.891487,312,20266
shape_J205CWLMYJB_0,1.483814,103.891388,313,20345
shape_J205CWLMYJB_0,1.485278,103.891103,314,20511
shape_J205CWLMYJB_0,1.485719,103.890999,315,20561
shape_J205CWLMYJB_0,1.4858914279734234,103.89055398280334,316,20614
shape_J205CWLMYJB_0,1.48606,103.89003,317,20675
shape_J205CWLMYJB_0,1.486459,103.888977,318,20800
shape_J205CWLMYJB_0,1.486696,103.888191,319,20891
shape_J205CWLMYJB_0,1.486798,103.887593,320,20958
shape_J205CWLMYJB_0,1.48678,103.8867,321,21057
shape_J205CWLMYJB_0,1.486718,103.88637,322,21094
shape_J205CWLMYJB_0,1.486597,103.886075,323,21129
shape_J205CWLMYJB_0,1.486528,103.885828,324,21158
shape_J205CWLMYJB_0,1.486442,103.885638,325,21181
shape_J205CWLMYJB_0,1.486431,103.885324,326,21216
shape_J205CWLMYJB_0,1.486447,103.885058,327,21246
shape_J205CWLMYJB_0,1.486691,103.885034,328,21273
shape_J205CWLMYJB_0,1.486833,103.88504,329,21289
shape_J205CWLMYJB_0,1.4868536249781,103.88522512135698,330,21310
shape_J205CWLMYJB_0,1.48682,103.88541,331,21331
shape_J205CWLMYJB_1,1.48682,103.88541,0,0
shape_J205CWLMYJB_1,1.487118,103.885429,1,33
shape_J205CWLMYJB_1,1.487104,103.885703,2,63
shape_J205CWLMYJB_1,1.487084,103.886064,3,103
shape_J205CWLMYJB_1,1.487084,103.886268,4,126
shape_J205CWLMYJB_1,1.487087,103.886316,5,131
shape_J205CWLMYJB_1,1.486909,103.886351,6,151
shape_J205CWLMYJB_1,1.486722,103.886394,7,172
shape_J205CWLMYJB_1,1.486774,103.886689,8,205
shape_J205CWLMYJB_1,1.486797,103.886885,9,227
shape_J205CWLMYJB_1,1.486807,103.887226,10,265
shape_J205CWLMYJB_1,1.486799,103.887472,11,292
shape_J205CWLMYJB_1,1.486789,103.887747,12,323
shape_J205CWLMYJB_1,1.486762,103.887975,13,349
shape_J205CWLMYJB_1,1.486683,103.888215,14,377
shape_J205CWLMYJB_1,1.486612,103.888474,15,407
shape_J205CWLMYJB_1,1.486508,103.888805,16,446
shape_J205CWLMYJB_1,1.4863961210563463,103.88913856564137,17,485
shape_J205CWLMYJB_1,1.48631,103.88932,18,507
shape_J205CWLMYJB_1,1.486268,103.889475,19,525
shape_J205CWLMYJB_1,1.486193,103.889642,20,545
shape_J205CWLMYJB_1,1.486132,103.889798,21,564
shape_J205CWLMYJB_1,1.486053,103.890029,22,591
shape_J205CWLMYJB_1,1.485945,103.890385,23,632
shape_J205CWLMYJB_1,1.485793,103.890823,24,684
shape_J205CWLMYJB_1,1.485770,103.890958,25,699
shape_J205CWLMYJB_1,1.485753,103.891063,26,711
shape_J205CWLMYJB_1,1.485524,103.891079,27,737
shape_J205CWLMYJB_1,1.485194,103.891120,28,774
shape_J205CWLMYJB_1,1.484821,103.891179,29,816
shape_J205CWLMYJB_1,1.484207,103.891311,30,886
shape_J205CWLMYJB_1,1.482604,103.891573,31,1067
shape_J205CWLMYJB_1,1.4817915934397166,103.89169388343238,32,1158
shape_J205CWLMYJB_1,1.48148,103.89174,33,1193
shape_J205CWLMYJB_1,1.481245,103.891774,34,1219
shape_J205CWLMYJB_1,1.481074,103.891801,35,1238
shape_J205CWLMYJB_1,1.480864,103.891842,36,1262
shape_J205CWLMYJB_1,1.480601,103.891946,37,1293
shape_J205CWLMYJB_1,1.480424,103.892009,38,1314
shape_J205CWLMYJB_1,1.480160,103.892083,39,1344
shape_J205CWLMYJB_1,1.479992,103.892165,40,1365
shape_J205CWLMYJB_1,1.479771,103.892283,41,1393
shape_J205CWLMYJB_1,1.479642,103.892385,42,1411
shape_J205CWLMYJB_1,1.479520,103.892495,43,1429
shape_J205CWLMYJB_1,1.479370,103.892648,44,1453
shape_J205CWLMYJB_1,1.479276,103.892813,45,1474
shape_J205CWLMYJB_1,1.479151,103.893002,46,1499
shape_J205CWLMYJB_1,1.478954,103.893450,47,1553
shape_J205CWLMYJB_1,1.478656,103.894118,48,1634
shape_J205CWLMYJB_1,1.478353,103.894806,49,1718
shape_J205CWLMYJB_1,1.4781466044563965,103.89531485400197,50,1779
shape_J205CWLMYJB_1,1.47808,103.89549,51,1800
shape_J205CWLMYJB_1,1.477959,103.895762,52,1833
shape_J205CWLMYJB_1,1.477955,103.895930,53,1852
shape_J205CWLMYJB_1,1.477894,103.896040,54,1866
shape_J205CWLMYJB_1,1.477703,103.896435,55,1915
shape_J205CWLMYJB_1,1.477643,103.896561,56,1931
shape_J205CWLMYJB_1,1.477591,103.896689,57,1946
shape_J205CWLMYJB_1,1.476878,103.896394,58,2032
shape_J205CWLMYJB_1,1.476416,103.896195,59,2088
shape_J205CWLMYJB_1,1.476152,103.896047,60,2122
shape_J205CWLMYJB_1,1.475938,103.896572,61,2185
shape_J205CWLMYJB_1,1.475709,103.897119,62,2251
shape_J205CWLMYJB_1,1.475427,103.897732,63,2326
shape_J205CWLMYJB_1,1.475077,103.898535,64,2423
shape_J205CWLMYJB_1,1.474809,103.899128,65,2495
shape_J205CWLMYJB_1,1.474481,103.899943,66,2593
shape_J205CWLMYJB_1,1.474217,103.900543,67,2666
shape_J205CWLMYJB_1,1.473892,103.901299,68,2757
shape_J205CWLMYJB_1,1.473316,103.900989,69,2830
shape_J205CWLMYJB_1,1.472580,103.900694,70,2918
shape_J205CWLMYJB_1,1.472073,103.900419,71,2982
shape_J205CWLMYJB_1,1.471226,103.900014,72,3086
shape_J205CWLMYJB_1,1.470565,103.899688,73,3168
shape_J205CWLMYJB_1,1.468591,103.898782,74,3409
shape_J205CWLMYJB_1,1.46823441552008,103.898782424642,75,3449
shape_J205CWLMYJB_1,1.468046,103.898524,76,3485
shape_J205CWLMYJB_1,1.467604,103.898312,77,3540
shape_J205CWLMYJB_1,1.467318,103.898184,78,3575
shape_J205CWLMYJB_1,1.467001,103.898042,79,3614
shape_J205CWLMYJB_1,1.466744,103.898603,80,3683
shape_J205CWLMYJB_1,1.466311,103.899530,81,3797
shape_J205CWLMYJB_1,1.465989,103.900237,82,3883
shape_J205CWLMYJB_1,1.465785,103.900691,83,3938
shape_J205CWLMYJB_1,1.465771,103.900726,84,3942
shape_J205CWLMYJB_1,1.465833,103.900745,85,3949
shape_J205CWLMYJB_1,1.465870,103.900762,86,3954
shape_J205CWLMYJB_1,1.465890,103.900793,87,3958
shape_J205CWLMYJB_1,1.465907,103.900812,88,3961
shape_J205CWLMYJB_1,1.465900,103.900865,89,3967
shape_J205CWLMYJB_1,1.465852,103.900998,90,3983
shape_J205CWLMYJB_1,1.4657470321356247,103.90124576934625,91,4013
shape_J205CWLMYJB_1,1.46583,103.90133,92,4026
shape_J205CWLMYJB_1,1.465699,103.901332,93,4041
shape_J205CWLMYJB_1,1.465663,103.901371,94,4047
shape_J205CWLMYJB_1,1.465601,103.901378,95,4054
shape_J205CWLMYJB_1,1.465555,103.901363,96,4059
shape_J205CWLMYJB_1,1.465474,103.901319,97,4069
shape_J205CWLMYJB_1,1.465417,103.901434,98,4083
shape_J205CWLMYJB_1,1.465297,103.901642,99,4110
shape_J205CWLMYJB_1,1.465083,103.902139,100,4170
shape_J205CWLMYJB_1,1.464995,103.902363,101,4197
shape_J205CWLMYJB_1,1.464999,103.902459,102,4208
shape_J205CWLMYJB_1,1.465049,103.902519,103,4217
shape_J205CWLMYJB_1,1.465583,103.902814,104,4285
shape_J205CWLMYJB_1,1.466262,103.903187,105,4371
shape_J205CWLMYJB_1,1.466926,103.903569,106,4456
shape_J205CWLMYJB_1,1.467711,103.904066,107,4559
shape_J205CWLMYJB_1,1.468216,103.904391,108,4626
shape_J205CWLMYJB_1,1.468783,103.904750,109,4701
shape_J205CWLMYJB_1,1.469439,103.905159,110,4787
shape_J205CWLMYJB_1,1.469850,103.905424,111,4841
shape_J205CWLMYJB_1,1.470173,103.905623,112,4883
shape_J205CWLMYJB_1,1.4702301427621776,103.90562049570083,113,4889
shape_J205CWLMYJB_1,1.4702861867407429,103.90552047238731,114,4902
shape_J205CWLMYJB_1,1.47041,103.90556,115,4916
shape_J205CWLMYJB_1,1.4736,103.90788,116,5355
shape_J205CWLMYJB_1,1.474313,103.908296,117,5447
shape_J205CWLMYJB_1,1.474903,103.908720,118,5528
shape_J205CWLMYJB_1,1.475622,103.909165,119,5622
shape_J205CWLMYJB_1,1.476254,103.909540,120,5704
shape_J205CWLMYJB_1,1.476657,103.909835,121,5760
shape_J205CWLMYJB_1,1.477037,103.910077,122,5810
shape_J205CWLMYJB_1,1.477365,103.910275,123,5853
shape_J205CWLMYJB_1,1.477853,103.910737,124,5928
shape_J205CWLMYJB_1,1.478056,103.910935,125,5960
shape_J205CWLMYJB_1,1.478201,103.911139,126,5988
shape_J205CWLMYJB_1,1.478341,103.911343,127,6016
shape_J205CWLMYJB_1,1.478593,103.911896,128,6084
shape_J205CWLMYJB_1,1.478732,103.912370,129,6139
shape_J205CWLMYJB_1,1.478872,103.912850,130,6195
shape_J205CWLMYJB_1,1.479001,103.913432,131,6261
shape_J205CWLMYJB_1,1.478979,103.913931,132,6317
shape_J205CWLMYJB_1,1.478898,103.914449,133,6375
shape_J205CWLMYJB_1,1.478737,103.914973,134,6436
shape_J205CWLMYJB_1,1.478282,103.915890,135,6550
shape_J205CWLMYJB_1,1.477867,103.916605,136,6642
shape_J205CWLMYJB_1,1.477564,103.917141,137,6710
shape_J205CWLMYJB_1,1.477060,103.917895,138,6811
shape_J205CWLMYJB_1,1.476602,103.918641,139,6908
shape_J205CWLMYJB_1,1.475878,103.919738,140,7054
shape_J205CWLMYJB_1,1.475162,103.920859,141,7202
shape_J205CWLMYJB_1,1.474538,103.922015,142,7348
shape_J205CWLMYJB_1,1.474375,103.922488,143,7404
shape_J205CWLMYJB_1,1.474166,103.923579,144,7527
shape_J205CWLMYJB_1,1.474128,103.924290,145,7606
shape_J205CWLMYJB_1,1.474145,103.925226,146,7710
shape_J205CWLMYJB_1,1.47413,103.92565,147,7757
shape_J205CWLMYJB_1,1.47411,103.93146,148,8403
shape_J205CWLMYJB_1,1.474108,103.932107,149,8475
shape_J205CWLMYJB_1,1.474105,103.932477,150,8516
shape_J205CWLMYJB_1,1.474100,103.932802,151,8552
shape_J205CWLMYJB_1,1.474124,103.933043,152,8579
shape_J205CWLMYJB_1,1.474140,103.933368,153,8615
shape_J205CWLMYJB_1,1.474140,103.933507,154,8630
shape_J205CWLMYJB_1,1.474255,103.933569,155,8645
shape_J205CWLMYJB_1,1.474384,103.933609,156,8660
shape_J205CWLMYJB_1,1.474960,103.933617,157,8724
shape_J205CWLMYJB_1,1.4754833406173677,103.93361900859833,158,8782
shape_J205CWLMYJB_1,1.47575,103.93361,159,8812
shape_J205CWLMYJB_1,1.47723,103.93356,160,8977
shape_J205CWLMYJB_1,1.477654,103.933567,161,9024
shape_J205CWLMYJB_1,1.478077,103.933624,162,9071
shape_J205CWLMYJB_1,1.478482,103.933701,163,9117
shape_J205CWLMYJB_1,1.479032,103.933782,164,9179
shape_J205CWLMYJB_1,1.479598,103.933889,165,9243
shape_J205CWLMYJB_1,1.480217,103.933921,166,9312
shape_J205CWLMYJB_1,1.480987,103.933938,167,9398
shape_J205CWLMYJB_1,1.481592,103.933942,168,9465
shape_J205CWLMYJB_1,1.482733,103.933898,169,9592
shape_J205CWLMYJB_1,1.483671,103.933917,170,9696
shape_J205CWLMYJB_1,1.484105,103.933928,171,9744
shape_J205CWLMYJB_1,1.484314,103.933920,172,9767
shape_J205CWLMYJB_1,1.484427,103.933906,173,9780
shape_J205CWLMYJB_1,1.484408,103.934695,174,9868
shape_J205CWLMYJB_1,1.484453,103.935536,175,9962
shape_J205CWLMYJB_1,1.484434,103.937107,176,10137
shape_J205CWLMYJB_1,1.48445,103.93728,177,10156
shape_J205CWLMYJB_1,1.48449,103.94197,178,10677
shape_J205CWLMYJB_1,1.48452,103.94631,179,11159
shape_J205CWLMYJB_1,1.484531,103.946729,180,11206
shape_J205CWLMYJB_1,1.4845177691614344,103.94714737301635,181,11253
shape_J205CWLMYJB_1,1.484526,103.947571,182,11300
shape_J205CWLMYJB_1,1.484526,103.947874,183,11334
shape_J205CWLMYJB_1,1.484537,103.948298,184,11381
shape_J205CWLMYJB_1,1.483856,103.948292,185,11457
shape_J205CWLMYJB_1,1.483373,103.948300,186,11511
shape_J205CWLMYJB_1,1.483166230827277,103.9482928687172,187,11534
shape_J205CWLMYJB_1,1.48297,103.9483,188,11556
shape_J205CWLMYJB_1,1.48197,103.9483,189,11667
shape_J205CWLMYJB_1,1.47833,103.94832,190,12072
shape_J205CWLMYJB_1,1.478100,103.948312,191,12098
shape_J205CWLMYJB_1,1.477966,103.948312,192,12113
shape_J205CWLMYJB_1,1.477799,103.948320,193,12132
shape_J205CWLMYJB_1,1.477706,103.948393,194,12145
shape_J205CWLMYJB_1,1.477550,103.948562,195,12171
shape_J205CWLMYJB_1,1.477293,103.948779,196,12208
shape_J205CWLMYJB_1,1.477124,103.948937,197,12234
shape_J205CWLMYJB_1,1.476965,103.9491,198,12259
shape_J205CWLMYJB_1,1.47681,103.94926,199,12284
shape_J205CWLMYJB_1,1.476598,103.949476,200,12318
shape_J205CWLMYJB_1,1.476448,103.949600,201,12340
shape_J205CWLMYJB_1,1.476351,103.949699,202,12355
shape_J205CWLMYJB_1,1.476196,103.950128,203,12406
shape_J205CWLMYJB_1,1.475412,103.952063,204,12638
shape_J205CWLMYJB_1,1.475018,103.953077,205,12759
shape_J205CWLMYJB_1,1.474505,103.954314,206,12908
shape_J205CWLMYJB_1,1.474313219816814,103.95481541104505,207,12968
shape_J205CWLMYJB_1,1.47423,103.95499,208,12990
shape_J205CWLMYJB_1,1.474095,103.955351,209,13033
shape_J205CWLMYJB_1,1.473999,103.955525,210,13055
shape_J205CWLMYJB_1,1.473983,103.955581,211,13061
shape_J205CWLMYJB_1,1.474141,103.955662,212,13081
shape_J205CWLMYJB_1,1.474385,103.955686,213,13108
shape_J205CWLMYJB_1,1.474682,103.955664,214,13141
shape_J205CWLMYJB_1,1.474847,103.955666,215,13159
shape_J205CWLMYJB_1,1.4749,103.95566,216,13165
shape_J205CWLMYJB_1,1.47949,103.95562,217,13675
shape_J205CWLMYJB_1,1.4805065055503628,103.9555949963646,218,13788
shape_J205CWLMYJB_1,1.48052,103.95518,219,13834
shape_J205CWLMYJB_1,1.48048,103.95195,220,14193
shape_J205CWLMYJB_1,1.48046,103.95028,221,14379
shape_J205CWLMYJB_1,1.480447,103.949717,222,14442
shape_J205CWLMYJB_1,1.480450,103.949261,223,14493
shape_J205CWLMYJB_1,1.480436,103.948674,224,14558
shape_J205CWLMYJB_1,1.480442,103.948354,225,14594
shape_J205CWLMYJB_1,1.481333,103.948334,226,14693
shape_J205CWLMYJB_1,1.48146,103.9483,227,14708
shape_J205CWLMYJB_1,1.48267,103.9483,228,14843
shape_J205CWLMYJB_1,1.483249,103.948330,229,14907
shape_J205CWLMYJB_1,1.484513,103.948319,230,15048
shape_J205CWLMYJB_1,1.484514,103.949713,231,15203
shape_J205CWLMYJB_1,1.48453,103.94994,232,15228
shape_J205CWLMYJB_1,1.48457,103.95351,233,15625
shape_J205CWLMYJB_1,1.484572,103.954114,234,15692
shape_J205CWLMYJB_1,1.484569,103.954714,235,15759
shape_J205CWLMYJB_1,1.484596,103.955396,236,15835
shape_J205CWLMYJB_1,1.484599,103.955645,237,15863
shape_J205CWLMYJB_1,1.485969,103.95563,238,16015
shape_J205CWLMYJB_1,1.48608,103.95563,239,16027
shape_J205CWLMYJB_1,1.4881,103.95565,240,16252
shape_J205CWLMYJB_1,1.48961,103.95563,241,16420
shape_J205CWLMYJB_1,1.489993,103.955623,242,16463
shape_J205CWLMYJB_1,1.490382,103.955628,243,16506
shape_J205CWLMYJB_1,1.490534,103.955601,244,16523
shape_J205CWLMYJB_1,1.490494,103.953859,245,16717
shape_J205CWLMYJB_1,1.490507,103.952260,246,16895
shape_J205CWLMYJB_1,1.490440,103.951100,247,17024
shape_J205CWLMYJB_1,1.490464,103.950041,248,17142
shape_J205CWLMYJB_1,1.490505,103.949359,249,17218
shape_J205CWLMYJB_1,1.490521,103.948493,250,17314
shape_J205CWLMYJB_1,1.490500,103.945417,251,17656
shape_J205CWLMYJB_1,1.490436,103.943687,252,17848
shape_J205CWLMYJB_1,1.490387,103.942636,253,17965
shape_J205CWLMYJB_1,1.490425,103.941544,254,18086
shape_J205CWLMYJB_1,1.490405,103.94099,255,18148
shape_J205CWLMYJB_1,1.49038,103.94046,256,18207
shape_J205CWLMYJB_1,1.490363,103.939833,257,18277
shape_J205CWLMYJB_1,1.490363,103.939479,258,18316
shape_J205CWLMYJB_1,1.490371,103.938740,259,18398
shape_J205CWLMYJB_1,1.490336,103.937396,260,18547
shape_J205CWLMYJB_1,1.490329,103.935895,261,18714
shape_J205CWLMYJB_1,1.490337,103.934355,262,18885
shape_J205CWLMYJB_1,1.490332,103.933060,263,19029
shape_J205CWLMYJB_1,1.490152,103.932872,264,19058
shape_J205CWLMYJB_1,1.490018,103.932818,265,19074
shape_J205CWLMYJB_1,1.489484,103.932856,266,19134
shape_J205CWLMYJB_1,1.489144,103.932939,267,19173
shape_J205CWLMYJB_1,1.488879,103.932993,268,19203
shape_J205CWLMYJB_1,1.488259,103.933336,269,19282
shape_J205CWLMYJB_1,1.487860,103.933406,270,19327
shape_J205CWLMYJB_1,1.487181,103.933559,271,19404
shape_J205CWLMYJB_1,1.486193,103.933771,272,19516
shape_J205CWLMYJB_1,1.485579,103.933913,273,19586
shape_J205CWLMYJB_1,1.484906,103.933986,274,19661
shape_J205CWLMYJB_1,1.484576,103.933992,275,19698
shape_J205CWLMYJB_1,1.484434,103.934129,276,19720
shape_J205CWLMYJB_1,1.484426,103.934574,277,19769
shape_J205CWLMYJB_1,1.484448,103.935153,278,19833
shape_J205CWLMYJB_1,1.4844786158721828,103.9356721398811,279,19891
shape_J205CWLMYJB_1,1.48444,103.9359,280,19917
shape_J21CWLMYJB_1,1.46352,103.76496,0,0
shape_J21CWLMYJB_1,1.46263,103.76562,1,123
shape_J21CWLMYJB_1,1.46113,103.76643,2,313
shape_J21CWLMYJB_1,1.4603,103.76695,3,422
shape_J21CWLMYJB_1,1.46023,103.76696,4,430
shape_J21CWLMYJB_1,1.46015,103.76699,5,440
shape_J21CWLMYJB_1,1.46003,103.76717,6,464
shape_J21CWLMYJB_1,1.4599,103.76732,7,486
shape_J21CWLMYJB_1,1.45983,103.76737,8,496
shape_J21CWLMYJB_1,1.45972,103.76758,9,522
shape_J21CWLMYJB_1,1.45969,103.76779,10,546
shape_J21CWLMYJB_1,1.45989,103.76806,11,583
shape_J21CWLMYJB_1,1.46034,103.76894,12,693
shape_J21CWLMYJB_1,1.46173,103.77104,13,973
shape_J21CWLMYJB_1,1.46193,103.77138,14,1017
shape_J21CWLMYJB_1,1.46207,103.7718,15,1066
shape_J21CWLMYJB_1,1.46213,103.77205,16,1095
shape_J21CWLMYJB_1,1.46215,103.77208,17,1099
shape_J21CWLMYJB_1,1.46233,103.77331,18,1237
shape_J21CWLMYJB_1,1.46241,103.77364,19,1275
shape_J21CWLMYJB_1,1.46247,103.77374,20,1288
shape_J21CWLMYJB_1,1.46282,103.77412,21,1345
shape_J21CWLMYJB_1,1.46348,103.77472,22,1444
shape_J21CWLMYJB_1,1.46363,103.77488,23,1468
shape_J21CWLMYJB_1,1.46431,103.77542,24,1565
shape_J21CWLMYJB_1,1.46463,103.77574,25,1615
shape_J21CWLMYJB_1,1.46551,103.77672,26,1761
shape_J21CWLMYJB_1,1.46611,103.77773,27,1892
shape_J21CWLMYJB_1,1.46739,103.77919,28,2108
shape_J21CWLMYJB_1,1.46813,103.78007,29,2236
shape_J21CWLMYJB_1,1.46836,103.78031,30,2273
shape_J21CWLMYJB_1,1.4693,103.7815,31,2442
shape_J21CWLMYJB_1,1.46913,103.78136,32,2466
shape_J21CWLMYJB_1,1.46959,103.78184,33,2540
shape_J21CWLMYJB_1,1.46978,103.78211,34,2577
shape_J21CWLMYJB_1,1.4711,103.78115,35,2758
shape_J21CWLMYJB_1,1.47145,103.78108,36,2798
shape_J21CWLMYJB_1,1.47214,103.78092,37,2877
shape_J21CWLMYJB_1,1.47225,103.78084,38,2892
shape_J21CWLMYJB_1,1.47281,103.78036,39,2974
shape_J21CWLMYJB_1,1.47294,103.78018,40,2999
shape_J21CWLMYJB_1,1.47301,103.77997,41,3024
shape_J21CWLMYJB_1,1.47302,103.77987,42,3035
shape_J21CWLMYJB_1,1.47302,103.77929,43,3099
shape_J21CWLMYJB_1,1.47308,103.77904,44,3128
shape_J21CWLMYJB_1,1.47327,103.77876,45,3166
shape_J21CWLMYJB_1,1.47333,103.77872,46,3174
shape_J21CWLMYJB_1,1.47338,103.77872,47,3180
shape_J21CWLMYJB_1,1.47348,103.77875,48,3192
shape_J21CWLMYJB_1,1.47359,103.77884,49,3208
shape_J21CWLMYJB_1,1.47427,103.77967,50,3327
shape_J21CWLMYJB_1,1.4748,103.78023,51,3413
shape_J21CWLMYJB_1,1.47491,103.78033,52,3430
shape_J21CWLMYJB_1,1.47511,103.78045,53,3456
shape_J21CWLMYJB_1,1.4754,103.78058,54,3491
shape_J21CWLMYJB_1,1.47596,103.78069,55,3554
shape_J21CWLMYJB_1,1.47749,103.78088,56,3725
shape_J21CWLMYJB_1,1.47814,103.781,57,3798
shape_J21CWLMYJB_1,1.47941,103.78163,58,3956
shape_J21CWLMYJB_1,1.47948,103.78162,59,3964
shape_J21CWLMYJB_1,1.47958,103.78165,60,3976
shape_J21CWLMYJB_1,1.48235,103.78295,61,4316
shape_J21CWLMYJB_1,1.48299,103.78331,62,4398
shape_J21CWLMYJB_1,1.48315,103.78346,63,4422
shape_J21CWLMYJB_1,1.48796,103.78599,64,5026
shape_J21CWLMYJB_1,1.48803,103.78611,65,5041
shape_J21CWLMYJB_1,1.48872,103.78619,66,5118
shape_J21CWLMYJB_1,1.48891,103.78619,67,5139
shape_J21CWLMYJB_1,1.4892,103.78618,68,5171
shape_J21CWLMYJB_1,1.48932,103.78616,69,5185
shape_J21CWLMYJB_1,1.4897,103.78604,70,5229
shape_J21CWLMYJB_1,1.49062,103.78553,71,5346
shape_J21CWLMYJB_1,1.49061,103.78544,72,5356
shape_J21CWLMYJB_1,1.49206,103.78482,73,5531
shape_J21CWLMYJB_1,1.49406,103.78385,74,5778
shape_J21CWLMYJB_1,1.4953487244277626,103.78310381614685,75,5944
shape_J21CWLMYJB_1,1.495831565535776,103.78320419643404,76,5999
shape_J21CWLMYJB_1,1.4960992561909476,103.78347784061432,77,6042
shape_J21CWLMYJB_1,1.4962074042900484,103.78394168849947,78,6095
shape_J21CWLMYJB_1,1.49612,103.78418,79,6123
shape_J21CWLMYJB_1,1.49606,103.78443,80,6152
shape_J21CWLMYJB_1,1.49608,103.78476,81,6189
shape_J21CWLMYJB_1,1.49615,103.7851,82,6228
shape_J21CWLMYJB_1,1.49636,103.78569,83,6298
shape_J21CWLMYJB_1,1.49643,103.78581,84,6313
shape_J21CWLMYJB_1,1.4966,103.78604,85,6345
shape_J21CWLMYJB_1,1.49673,103.78627,86,6374
shape_J21CWLMYJB_1,1.4968,103.78653,87,6404
shape_J21CWLMYJB_1,1.49688,103.78718,88,6477
shape_J21CWLMYJB_1,1.49685,103.78738,89,6499
shape_J21CWLMYJB_1,1.49699,103.78899,90,6679
shape_J21CWLMYJB_1,1.49709,103.78918,91,6703
shape_J21CWLMYJB_1,1.49724,103.79187,92,7002
shape_J21CWLMYJB_1,1.49723,103.79221,93,7040
shape_J21CWLMYJB_1,1.49615,103.79729,94,7617
shape_J21CWLMYJB_1,1.49493,103.80024,95,7972
shape_J21CWLMYJB_1,1.49343,103.80295,96,8316
shape_J21CWLMYJB_1,1.49285,103.80416,97,8465
shape_J21CWLMYJB_1,1.49263,103.80473,98,8533
shape_J21CWLMYJB_1,1.4924,103.80506,99,8578
shape_J21CWLMYJB_1,1.49236,103.80607,100,8690
shape_J21CWLMYJB_1,1.49227,103.80695,101,8788
shape_J21CWLMYJB_1,1.49228,103.80751,102,8850
shape_J21CWLMYJB_1,1.49232,103.80792,103,8896
shape_J21CWLMYJB_1,1.49238,103.80831,104,8940
shape_J21CWLMYJB_1,1.49246,103.80865,105,8979
shape_J21CWLMYJB_1,1.49381,103.81227,106,9408
shape_J21CWLMYJB_1,1.49401,103.81302,107,9494
shape_J21CWLMYJB_1,1.49436,103.81412,108,9622
shape_J21CWLMYJB_1,1.49452,103.81483,109,9703
shape_J21CWLMYJB_1,1.49469,103.8164,110,9879
shape_J21CWLMYJB_1,1.494016,103.816502,111,9955
shape_J21CWLMYJB_1,1.493544,103.816502,112,10007
shape_J21CWLMYJB_1,1.493158,103.816524,113,10050
shape_J21CWLMYJB_1,1.4929544275265574,103.8165234576721,114,10073
shape_J21CWLMYJB_1,1.492745,103.816454,115,10098
shape_J21CWLMYJB_1,1.492531,103.816341,116,10125
shape_J21CWLMYJB_1,1.492338,103.816175,117,10153
shape_J21CWLMYJB_1,1.492064,103.815923,118,10194
shape_J21CWLMYJB_1,1.491667,103.815569,119,10253
shape_J21CWLMYJB_1,1.491158,103.815118,120,10329
shape_J21CWLMYJB_1,1.490841,103.815461,121,10381
shape_J21CWLMYJB_1,1.490729,103.815601,122,10401
shape_J21CWLMYJB_1,1.490664,103.815697,123,10414
shape_J21CWLMYJB_1,1.4906,103.815917,124,10439
shape_J21CWLMYJB_1,1.490402,103.816615,125,10520
shape_J21CWLMYJB_1,1.490321,103.817006,126,10564
shape_J21CWLMYJB_1,1.490032,103.818052,127,10685
shape_J21CWLMYJB_1,1.489576,103.819613,128,10866
shape_J21CWLMYJB_1,1.48949,103.819892,129,10898
shape_J21CWLMYJB_1,1.489211,103.820955,130,11020
shape_J21CWLMYJB_1,1.489023,103.821582,131,11093
shape_J21CWLMYJB_1,1.488793,103.822392,132,11187
shape_J21CWLMYJB_1,1.488696,103.822698,133,11223
shape_J21CWLMYJB_1,1.488643,103.822918,134,11248
shape_J21CWLMYJB_1,1.488589,103.823106,135,11270
shape_J21CWLMYJB_1,1.488589,103.823267,136,11288
shape_J21CWLMYJB_1,1.488578,103.823363,137,11299
shape_J21CWLMYJB_1,1.4887070000000109,103.82344918650821,138,11316
shape_J21CWLMYJB_1,1.489152,103.823701,139,11373
shape_J21CWLMYJB_1,1.489581,103.823897,140,11425
shape_J21CWLMYJB_1,1.490257,103.824232,141,11509
shape_J21CWLMYJB_1,1.490707,103.824425,142,11563
shape_J21CWLMYJB_1,1.49126,103.824651,143,11629
shape_J21CWLMYJB_1,1.492198,103.825058,144,11743
shape_J21CWLMYJB_1,1.492659,103.825289,145,11800
shape_J21CWLMYJB_1,1.493045,103.825434,146,11846
shape_J21CWLMYJB_1,1.493399,103.825606,147,11890
shape_J21CWLMYJB_1,1.493546,103.825641,148,11907
shape_J21CWLMYJB_1,1.493857,103.825512,149,11944
shape_J21CWLMYJB_1,1.49419,103.823201,150,12204
shape_J21CWLMYJB_1,1.49434,103.822058,151,12332
shape_J21CWLMYJB_1,1.494469,103.819387,152,12629
shape_J21CWLMYJB_1,1.494517,103.818555,153,12722
shape_J21CWLMYJB_1,1.494501,103.817134,154,12880
shape_J21CWLMYJB_1,1.494517,103.816715,155,12927
shape_J21CWLMYJB_1,1.494522,103.816554,156,12945
shape_J21CWLMYJB_1,1.494737,103.816565,157,12969
shape_J21CWLMYJB_1,1.49474,103.81779,158,13105
shape_J21CWLMYJB_1,1.49472,103.81859,159,13194
shape_J21CWLMYJB_1,1.49469,103.81959,160,13305
shape_J21CWLMYJB_1,1.49475,103.81968,161,13317
shape_J21CWLMYJB_1,1.49483,103.81973,162,13327
shape_J21CWLMYJB_1,1.49496,103.81978,163,13342
shape_J21CWLMYJB_1,1.49601,103.81972,164,13459
shape_J21CWLMYJB_1,1.4973,103.8198,165,13603
shape_J21CWLMYJB_1,1.4976685680843917,103.81978933002475,166,13644
shape_J21CWLMYJB_1,1.4976727667041316,103.82034749206541,167,13706
shape_J21CWLMYJB_1,1.4976698660158836,103.82111839748383,168,13792
shape_J21CWLMYJB_1,1.49764,103.82173,169,13860
shape_J21CWLMYJB_1,1.49768,103.82413,170,14127
shape_J21CWLMYJB_1,1.49765,103.82581,171,14314
shape_J21CWLMYJB_1,1.49743,103.82642,172,14386
shape_J21CWLMYJB_1,1.49823,103.82676,173,14483
shape_J21CWLMYJB_1,1.498712632517016,103.82687139881135,174,14538
shape_J21CWLMYJB_1,1.49921,103.8269,175,14593
shape_J21CWLMYJB_1,1.500028183419031,103.82680302845002,176,14685
shape_J21CWLMYJB_1,1.50008,103.82567,177,14811
shape_J21CWLMYJB_1,1.50005,103.82479,178,14909
shape_J21CWLMYJB_1,1.50002,103.82198,179,15221
shape_J21CWLMYJB_1,1.50009,103.82033,180,15405
shape_J21CWLMYJB_1,1.500041,103.820273,181,15413
shape_J21CWLMYJB_1,1.5000356758061613,103.81913600000001,182,15539
shape_J21CWLMYJB_1,1.500031,103.816793,183,15799
shape_J21CWLMYJB_1,1.500045,103.81644,184,15838
shape_J21CWLMYJB_1,1.500503,103.816451,185,15889
shape_J21CWLMYJB_1,1.50078,103.816451,186,15920
shape_J21CWLMYJB_1,1.500884,103.816454,187,15932
shape_J21CWLMYJB_1,1.500973342012043,103.81645915459633,188,15942
shape_J21CWLMYJB_1,1.501061,103.816478,189,15952
shape_J21CWLMYJB_1,1.501189,103.816505,190,15967
shape_J21CWLMYJB_1,1.501282,103.816532,191,15978
shape_J21CWLMYJB_1,1.50148,103.816615,192,16002
shape_J21CWLMYJB_1,1.501681,103.816694,193,16026
shape_J21CWLMYJB_1,1.502368,103.816972,194,16108
shape_J21CWLMYJB_1,1.5027902865530127,103.81718734664918,195,16161
shape_J21CWLMYJB_1,1.50422,103.81779,196,16334
shape_J21CWLMYJB_1,1.50422,103.81779,197,16334
shape_J21CWLMYJB_1,1.5053966952378768,103.81815067459108,198,16471
shape_J21CWLMYJB_1,1.5048,103.81973,199,16659
shape_J21CWLMYJB_1,1.50458,103.82036,200,16733
shape_J21CWLMYJB_1,1.505826,103.82084,201,16881
shape_J21CWLMYJB_1,1.5058517854220774,103.82082731779096,202,16884
shape_J21CWLMYJB_1,1.50649,103.82084,203,16955
shape_J21CWLMYJB_1,1.50769,103.82079,204,17089
shape_J21CWLMYJB_1,1.50853,103.8207,205,17183
shape_J21CWLMYJB_1,1.51094,103.8206,206,17451
shape_J21CWLMYJB_1,1.51353,103.8206005,207,17739
shape_J21CWLMYJB_1,1.514456197173507,103.82056402331354,208,17842
shape_J21CWLMYJB_1,1.51485,103.82076,209,17891
shape_J21CWLMYJB_1,1.5158819561890515,103.82130475214957,210,18021
shape_J21CWLMYJB_1,1.515977,103.821371,211,18034
shape_J21CWLMYJB_1,1.51626,103.821533,212,18070
shape_J21CWLMYJB_1,1.516436,103.821629,213,18092
shape_J21CWLMYJB_1,1.516625,103.821726,214,18116
shape_J21CWLMYJB_1,1.516699,103.821759,215,18125
shape_J21CWLMYJB_1,1.516854,103.821819,216,18143
shape_J21CWLMYJB_1,1.516938,103.821841,217,18153
shape_J21CWLMYJB_1,1.517005,103.821851,218,18161
shape_J21CWLMYJB_1,1.5170526812688758,103.82175972300767,219,18172
shape_J21CWLMYJB_1,1.517093,103.821851,220,18183
shape_J21CWLMYJB_1,1.517221,103.821851,221,18197
shape_J21CWLMYJB_1,1.517319,103.821845,222,18208
shape_J21CWLMYJB_1,1.517523,103.821820,223,18231
shape_J21CWLMYJB_1,1.517615,103.821810,224,18241
shape_J21CWLMYJB_1,1.517815,103.821762,225,18264
shape_J21CWLMYJB_1,1.5178486593660674,103.8216900582838,226,18273
shape_J21CWLMYJB_1,1.517923,103.821726,227,18282
shape_J21CWLMYJB_1,1.5181288518420415,103.82163172023773,228,18307
shape_J21CWLMYJB_1,1.5182535307790008,103.82155527728081,229,18323
shape_J21CWLMYJB_1,1.5186315894471367,103.82107113855362,230,18391
shape_J21CWLMYJB_1,1.5188675409228178,103.82074659126282,231,18436
shape_J21CWLMYJB_1,1.5190766797092596,103.8204381372261,232,18477
shape_J21CWLMYJB_1,1.5188836285224943,103.82028002817697,233,18505
shape_J21CWLMYJB_1,1.51877,103.82025,234,18518
shape_J21CWLMYJB_0,1.51877,103.82025,0,0
shape_J21CWLMYJB_0,1.518847,103.820229,1,9
shape_J21CWLMYJB_0,1.51905,103.820406,2,39
shape_J21CWLMYJB_0,1.519135,103.820472,3,51
shape_J21CWLMYJB_0,1.5190897010346758,103.8205237318945,4,59
shape_J21CWLMYJB_0,1.51902,103.82061,5,71
shape_J21CWLMYJB_0,1.51896,103.82068,6,81
shape_J21CWLMYJB_0,1.518942,103.820701,7,84
shape_J21CWLMYJB_0,1.518915,103.82072,8,88
shape_J21CWLMYJB_0,1.518896,103.820731,9,90
shape_J21CWLMYJB_0,1.518860701734052,103.82077542327883,10,96
shape_J21CWLMYJB_0,1.518587212520369,103.8211294748688,11,146
shape_J21CWLMYJB_0,1.5183378546777344,103.8214561514362,12,192
shape_J21CWLMYJB_0,1.51828,103.821534,13,203
shape_J21CWLMYJB_0,1.518224,103.821595,14,212
shape_J21CWLMYJB_0,1.518172,103.821626,15,219
shape_J21CWLMYJB_0,1.518088,103.821668,16,229
shape_J21CWLMYJB_0,1.5179061706025965,103.82173510117374,17,251
shape_J21CWLMYJB_0,1.51785,103.82169,18,259
shape_J21CWLMYJB_0,1.517847,103.821752,19,266
shape_J21CWLMYJB_0,1.517783,103.821771,20,273
shape_J21CWLMYJB_0,1.517631,103.821805,21,290
shape_J21CWLMYJB_0,1.517432,103.821830,22,312
shape_J21CWLMYJB_0,1.517286,103.821850,23,328
shape_J21CWLMYJB_0,1.517154,103.821850,24,343
shape_J21CWLMYJB_0,1.517095,103.821845,25,350
shape_J21CWLMYJB_0,1.51705,103.82176,26,361
shape_J21CWLMYJB_0,1.517024,103.821850,27,371
shape_J21CWLMYJB_0,1.516981,103.821850,28,376
shape_J21CWLMYJB_0,1.516885,103.821829,29,387
shape_J21CWLMYJB_0,1.5167302568311807,103.82177174736023,30,405
shape_J21CWLMYJB_0,1.5164337990450525,103.82161349702835,31,442
shape_J21CWLMYJB_0,1.51589,103.8213,32,512
shape_J21CWLMYJB_0,1.51485,103.82077,33,642
shape_J21CWLMYJB_0,1.514807,103.820769,34,647
shape_J21CWLMYJB_0,1.514717,103.820723,35,658
shape_J21CWLMYJB_0,1.514619,103.820674,36,670
shape_J21CWLMYJB_0,1.514549,103.820639,37,679
shape_J21CWLMYJB_0,1.514485,103.820615,38,687
shape_J21CWLMYJB_0,1.514424,103.820591,39,694
shape_J21CWLMYJB_0,1.514316,103.820584,40,706
shape_J21CWLMYJB_0,1.514205,103.820585,41,718
shape_J21CWLMYJB_0,1.514116,103.820587,42,728
shape_J21CWLMYJB_0,1.5132998982769714,103.8205874343586,43,819
shape_J21CWLMYJB_0,1.51325,103.8206,44,825
shape_J21CWLMYJB_0,1.5113998904311092,103.82058279877664,45,1031
shape_J21CWLMYJB_0,1.51094,103.82061,46,1082
shape_J21CWLMYJB_0,1.50853,103.82071,47,1350
shape_J21CWLMYJB_0,1.508305,103.820695,48,1375
shape_J21CWLMYJB_0,1.507517,103.820736,49,1463
shape_J21CWLMYJB_0,1.506780,103.820809,50,1545
shape_J21CWLMYJB_0,1.5064739123084276,103.82083658895492,51,1579
shape_J21CWLMYJB_0,1.50602,103.82085,52,1629
shape_J21CWLMYJB_0,1.50583,103.82084,53,1650
shape_J21CWLMYJB_0,1.5056186593584975,103.8207574343586,54,1675
shape_J21CWLMYJB_0,1.50458,103.82037,55,1798
shape_J21CWLMYJB_0,1.50478,103.81977,56,1868
shape_J21CWLMYJB_0,1.5048,103.81974,57,1872
shape_J21CWLMYJB_0,1.5049527909124985,103.81935536441802,58,1918
shape_J21CWLMYJB_0,1.505170,103.818803,59,1984
shape_J21CWLMYJB_0,1.505316,103.818430,60,2029
shape_J21CWLMYJB_0,1.505328,103.818403,61,2032
shape_J21CWLMYJB_0,1.505332,103.818380,62,2035
shape_J21CWLMYJB_0,1.505348,103.818312,63,2043
shape_J21CWLMYJB_0,1.505353,103.818262,64,2049
shape_J21CWLMYJB_0,1.505352,103.818246,65,2051
shape_J21CWLMYJB_0,1.505348,103.818223,66,2054
shape_J21CWLMYJB_0,1.505329,103.818196,67,2058
shape_J21CWLMYJB_0,1.505257,103.818135,68,2068
shape_J21CWLMYJB_0,1.505245,103.818125,69,2070
shape_J21CWLMYJB_0,1.505186,103.818119,70,2077
shape_J21CWLMYJB_0,1.505098,103.818112,71,2087
shape_J21CWLMYJB_0,1.505011,103.818091,72,2097
shape_J21CWLMYJB_0,1.504900,103.818069,73,2110
shape_J21CWLMYJB_0,1.504740,103.818000,74,2129
shape_J21CWLMYJB_0,1.504486,103.817901,75,2159
shape_J21CWLMYJB_0,1.504288,103.817820,76,2183
shape_J21CWLMYJB_0,1.50422,103.8178,77,2191
shape_J21CWLMYJB_0,1.5027536433098838,103.81717652460428,78,2368
shape_J21CWLMYJB_0,1.5013705376445314,103.81662968762275,79,2533
shape_J21CWLMYJB_0,1.5007635547423963,103.81651557292109,80,2602
shape_J21CWLMYJB_0,1.50004178205409,103.81657607074736,81,2683
shape_J21CWLMYJB_0,1.5000264194646775,103.81781067459109,82,2820
shape_J21CWLMYJB_0,1.5000135188562855,103.81904143054959,83,2957
shape_J21CWLMYJB_0,1.50002,103.81995,84,3058
shape_J21CWLMYJB_0,1.50009,103.82034,85,3102
shape_J21CWLMYJB_0,1.50001,103.82077,86,3151
shape_J21CWLMYJB_0,1.50003,103.82171,87,3256
shape_J21CWLMYJB_0,1.50002,103.82199,88,3287
shape_J21CWLMYJB_0,1.50005,103.8248,89,3599
shape_J21CWLMYJB_0,1.50008,103.82568,90,3697
shape_J21CWLMYJB_0,1.500052833525317,103.8264517202377,91,3783
shape_J21CWLMYJB_0,1.5000603715851488,103.82681066997532,92,3823
shape_J21CWLMYJB_0,1.4999072516027367,103.82683653009416,93,3840
shape_J21CWLMYJB_0,1.4995423948433368,103.82684043684004,94,3881
shape_J21CWLMYJB_0,1.49921,103.82691,95,3919
shape_J21CWLMYJB_0,1.4987179950999385,103.82684653009414,96,3974
shape_J21CWLMYJB_0,1.49823,103.82677,97,4029
shape_J21CWLMYJB_0,1.49743,103.82643,98,4126
shape_J21CWLMYJB_0,1.49765,103.82582,99,4198
shape_J21CWLMYJB_0,1.49768,103.82414,100,4385
shape_J21CWLMYJB_0,1.4976344180231302,103.82175283397673,101,4650
shape_J21CWLMYJB_0,1.49766,103.81722,102,5154
shape_J21CWLMYJB_0,1.49764,103.81871,103,5320
shape_J21CWLMYJB_0,1.49767,103.81655,104,5560
shape_J21CWLMYJB_0,1.4958,103.81655,105,5768
shape_J21CWLMYJB_0,1.49439,103.81654,106,5925
shape_J21CWLMYJB_0,1.493697,103.816535,107,6002
shape_J21CWLMYJB_0,1.493246,103.816546,108,6052
shape_J21CWLMYJB_0,1.492914,103.816508,109,6089
shape_J21CWLMYJB_0,1.492419,103.816244,110,6151
shape_J21CWLMYJB_0,1.491958,103.815853,111,6218
shape_J21CWLMYJB_0,1.491593,103.815499,112,6275
shape_J21CWLMYJB_0,1.491164,103.815113,113,6339
shape_J21CWLMYJB_0,1.490741,103.815568,114,6408
shape_J21CWLMYJB_0,1.490655,103.815767,115,6432
shape_J21CWLMYJB_0,1.490575,103.816041,116,6464
shape_J21CWLMYJB_0,1.490435,103.816598,117,6528
shape_J21CWLMYJB_0,1.490328,103.816979,118,6572
shape_J21CWLMYJB_0,1.490011,103.818122,119,6704
shape_J21CWLMYJB_0,1.489883,103.818562,120,6755
shape_J21CWLMYJB_0,1.489631,103.819409,121,6853
shape_J21CWLMYJB_0,1.489497,103.819924,122,6912
shape_J21CWLMYJB_0,1.4891,103.821314,123,7073
shape_J21CWLMYJB_0,1.488859,103.822113,124,7166
shape_J21CWLMYJB_0,1.488719,103.822633,125,7226
shape_J21CWLMYJB_0,1.488612,103.823025,126,7271
shape_J21CWLMYJB_0,1.488558,103.82325,127,7297
shape_J21CWLMYJB_0,1.488612,103.823427,128,7318
shape_J21CWLMYJB_0,1.488912,103.823561,129,7355
shape_J21CWLMYJB_0,1.489379,103.823819,130,7414
shape_J21CWLMYJB_0,1.489593,103.823915,131,7440
shape_J21CWLMYJB_0,1.490445,103.824312,132,7545
shape_J21CWLMYJB_0,1.490907,103.824521,133,7601
shape_J21CWLMYJB_0,1.4913996373992329,103.8247154343586,134,7660
shape_J21CWLMYJB_0,1.492194,103.825052,135,7756
shape_J21CWLMYJB_0,1.492735,103.825315,136,7823
shape_J21CWLMYJB_0,1.4931710658421031,103.82549857729816,137,7876
shape_J21CWLMYJB_0,1.4935185496175976,103.82565229447746,138,7918
shape_J21CWLMYJB_0,1.493674,103.825597,139,7936
shape_J21CWLMYJB_0,1.493831,103.825540,140,7955
shape_J21CWLMYJB_0,1.4938653845408918,103.82536724231052,141,7975
shape_J21CWLMYJB_0,1.494158,103.823468,142,8189
shape_J21CWLMYJB_0,1.494416,103.82122,143,8441
shape_J21CWLMYJB_0,1.494426,103.819514,144,8631
shape_J21CWLMYJB_0,1.494539,103.817411,145,8865
shape_J21CWLMYJB_0,1.494432,103.816011,146,9021
shape_J21CWLMYJB_0,1.49401,103.81338,147,9317
shape_J21CWLMYJB_0,1.49391,103.81311,148,9349
shape_J21CWLMYJB_0,1.49368,103.8122,149,9453
shape_J21CWLMYJB_0,1.49247,103.80907,150,9826
shape_J21CWLMYJB_0,1.49228,103.80833,151,9911
shape_J21CWLMYJB_0,1.49219,103.80761,152,9992
shape_J21CWLMYJB_0,1.49217,103.80699,153,10061
shape_J21CWLMYJB_0,1.4923,103.80561,154,10215
shape_J21CWLMYJB_0,1.4924,103.80506,155,10277
shape_J21CWLMYJB_0,1.49273,103.80409,156,10391
shape_J21CWLMYJB_0,1.49578,103.798,157,11148
shape_J21CWLMYJB_0,1.49683,103.79429,158,11577
shape_J21CWLMYJB_0,1.4971,103.79235,159,11795
shape_J21CWLMYJB_0,1.49712,103.79195,160,11840
shape_J21CWLMYJB_0,1.49699,103.78998,161,12059
shape_J21CWLMYJB_0,1.49675,103.78731,162,12357
shape_J21CWLMYJB_0,1.49664,103.78707,163,12386
shape_J21CWLMYJB_0,1.49654,103.78659,164,12441
shape_J21CWLMYJB_0,1.49648,103.78639,165,12464
shape_J21CWLMYJB_0,1.49641,103.78626,166,12480
shape_J21CWLMYJB_0,1.49622,103.78601,167,12515
shape_J21CWLMYJB_0,1.4961,103.78582,168,12540
shape_J21CWLMYJB_0,1.49599,103.7855,169,12578
shape_J21CWLMYJB_0,1.49594,103.78519,170,12613
shape_J21CWLMYJB_0,1.49596,103.78445,171,12695
shape_J21CWLMYJB_0,1.4956727481952679,103.78393512897493,172,12761
shape_J21CWLMYJB_0,1.4953253438275624,103.78367757804871,173,12809
shape_J21CWLMYJB_0,1.494978913563365,103.78365480754854,174,12848
shape_J21CWLMYJB_0,1.4944743910237819,103.78373533267975,175,12905
shape_J21CWLMYJB_0,1.494110944645326,103.7839706994057,176,12953
shape_J21CWLMYJB_0,1.493889,103.784004,177,12978
shape_J21CWLMYJB_0,1.4911697804901938,103.78546536441802,178,13321
shape_J21CWLMYJB_0,1.49095,103.78567,179,13354
shape_J21CWLMYJB_0,1.49032,103.78592,180,13429
shape_J21CWLMYJB_0,1.48979,103.78618,181,13495
shape_J21CWLMYJB_0,1.48962,103.78624,182,13515
shape_J21CWLMYJB_0,1.48932,103.78632,183,13550
shape_J21CWLMYJB_0,1.48888,103.78636,184,13599
shape_J21CWLMYJB_0,1.48873,103.78636,185,13616
shape_J21CWLMYJB_0,1.48843,103.78632,186,13650
shape_J21CWLMYJB_0,1.4880916700026015,103.78630043684002,187,13688
shape_J21CWLMYJB_0,1.48364,103.78383,188,14254
shape_J21CWLMYJB_0,1.47853,103.78142,189,14882
shape_J21CWLMYJB_0,1.47813,103.7813,190,14928
shape_J21CWLMYJB_0,1.47788,103.78117,191,14959
shape_J21CWLMYJB_0,1.47716,103.78105,192,15040
shape_J21CWLMYJB_0,1.47577,103.7809,193,15195
shape_J21CWLMYJB_0,1.47552,103.78085,194,15223
shape_J21CWLMYJB_0,1.47505,103.78067,195,15279
shape_J21CWLMYJB_0,1.47457,103.78032,196,15345
shape_J21CWLMYJB_0,1.47422,103.77997,197,15400
shape_J21CWLMYJB_0,1.47399,103.77968,198,15441
shape_J21CWLMYJB_0,1.47375,103.77934,199,15487
shape_J21CWLMYJB_0,1.47348,103.77902,200,15534
shape_J21CWLMYJB_0,1.47339,103.77896,201,15546
shape_J21CWLMYJB_0,1.47334,103.77895,202,15552
shape_J21CWLMYJB_0,1.4732,103.77898,203,15568
shape_J21CWLMYJB_0,1.47308,103.77904,204,15583
shape_J21CWLMYJB_0,1.47302,103.77929,205,15612
shape_J21CWLMYJB_0,1.47302,103.77987,206,15676
shape_J21CWLMYJB_0,1.47294,103.78018,207,15712
shape_J21CWLMYJB_0,1.47281,103.78036,208,15737
shape_J21CWLMYJB_0,1.47225,103.78084,209,15819
shape_J21CWLMYJB_0,1.47214,103.78092,210,15834
shape_J21CWLMYJB_0,1.47145,103.78108,211,15913
shape_J21CWLMYJB_0,1.471321,103.781047,212,15928
shape_J21CWLMYJB_0,1.471159,103.781075,213,15946
shape_J21CWLMYJB_0,1.471022,103.781164,214,15964
shape_J21CWLMYJB_0,1.470810,103.781326,215,15994
shape_J21CWLMYJB_0,1.4704599786658796,103.78164588954924,216,16047
shape_J21CWLMYJB_0,1.46978,103.78211,217,16139
shape_J21CWLMYJB_0,1.46959,103.78184,218,16176
shape_J21CWLMYJB_0,1.4693,103.7815,219,16226
shape_J21CWLMYJB_0,1.46913,103.78136,220,16250
shape_J21CWLMYJB_0,1.46836,103.78031,221,16395
shape_J21CWLMYJB_0,1.46813,103.78007,222,16432
shape_J21CWLMYJB_0,1.46723,103.7791,223,16579
shape_J21CWLMYJB_0,1.46611,103.77773,224,16776
shape_J21CWLMYJB_0,1.46551,103.77672,225,16907
shape_J21CWLMYJB_0,1.46463,103.77574,226,17053
shape_J21CWLMYJB_0,1.46431,103.77542,227,17103
shape_J21CWLMYJB_0,1.46363,103.77488,228,17200
shape_J21CWLMYJB_0,1.46322,103.77465,229,17252
shape_J21CWLMYJB_0,1.46291,103.7744,230,17296
shape_J21CWLMYJB_0,1.46256,103.77404,231,17352
shape_J21CWLMYJB_0,1.46241,103.77384,232,17380
shape_J21CWLMYJB_0,1.4623,103.77366,233,17403
shape_J21CWLMYJB_0,1.46227,103.77357,234,17414
shape_J21CWLMYJB_0,1.46209,103.77256,235,17528
shape_J21CWLMYJB_0,1.46192,103.77174,236,17621
shape_J21CWLMYJB_0,1.46182,103.77145,237,17655
shape_J21CWLMYJB_0,1.4613,103.77058,238,17768
shape_J21CWLMYJB_0,1.46021,103.76901,239,17980
shape_J21CWLMYJB_0,1.46001,103.76859,240,18032
shape_J21CWLMYJB_0,1.45939,103.76756,241,18166
shape_J21CWLMYJB_0,1.45939,103.76738,242,18186
shape_J21CWLMYJB_0,1.45944,103.76729,243,18197
shape_J21CWLMYJB_0,1.45949,103.76724,244,18205
shape_J21CWLMYJB_0,1.45978,103.76709,245,18241
shape_J21CWLMYJB_0,1.45997,103.76697,246,18266
shape_J21CWLMYJB_0,1.46006,103.76687,247,18281
shape_J21CWLMYJB_0,1.460789,103.766420,248,18376
shape_J21CWLMYJB_0,1.462383,103.765504,249,18580
shape_J21CWLMYJB_0,1.462865,103.765186,250,18644
shape_J21CWLMYJB_0,1.4632952725000645,103.76507265739443,251,18693
shape_J21CWLMYJB_0,1.46352,103.76496,252,18721
shape_J22CWL_12295_0,1.48682,103.88541,0,0
shape_J22CWL_12295_0,1.48641,103.88496,1,68
shape_J22CWL_12295_0,1.48655,103.88316,2,269
shape_J22CWL_12295_0,1.48665,103.88271,3,320
shape_J22CWL_12295_0,1.48671,103.88259,4,335
shape_J22CWL_12295_0,1.48682,103.88245,5,355
shape_J22CWL_12295_0,1.48694,103.88233,6,374
shape_J22CWL_12295_0,1.48733,103.88203,7,429
shape_J22CWL_12295_0,1.48771,103.88181,8,478
shape_J22CWL_12295_0,1.48808,103.88153,9,530
shape_J22CWL_12295_0,1.48917,103.8813,10,654
shape_J22CWL_12295_0,1.49011,103.88117,11,760
shape_J22CWL_12295_0,1.49023,103.88111,12,775
shape_J22CWL_12295_0,1.49044,103.88085,13,812
shape_J22CWL_12295_0,1.49164,103.87985,14,986
shape_J22CWL_12295_0,1.49206,103.87946,15,1050
shape_J22CWL_12295_0,1.49232,103.87918,16,1092
shape_J22CWL_12295_0,1.49241,103.87899,17,1115
shape_J22CWL_12295_0,1.49253,103.87829,18,1194
shape_J22CWL_12295_0,1.49245,103.87819,19,1208
shape_J22CWL_12295_0,1.49308,103.87426,20,1650
shape_J22CWL_12295_0,1.4932504965195312,103.87340807605742,21,1747
shape_J22CWL_12295_0,1.4950504388797945,103.87363239021299,22,1949
shape_J22CWL_12295_0,1.4964296360495875,103.87381565410612,23,2104
shape_J22CWL_12295_0,1.4965176130145645,103.87371810317995,24,2119
shape_J22CWL_12295_0,1.4965028419023214,103.8731855092621,25,2178
shape_J22CWL_12295_0,1.4965075754452661,103.87249830688478,26,2254
shape_J22CWL_12295_0,1.496592212825283,103.87210087368011,27,2299
shape_J22CWL_12295_0,1.49688,103.87163,28,2360
shape_J22CWL_12295_0,1.4971640054257243,103.87121198280337,29,2416
shape_J22CWL_12295_0,1.4971052845360084,103.87095338161467,30,2445
shape_J22CWL_12295_0,1.49647,103.87057,31,2527
shape_J22CWL_12295_0,1.49598,103.87025,32,2592
shape_J22CWL_12295_0,1.49535,103.86985,33,2675
shape_J22CWL_12295_0,1.49077,103.86648,34,3307
shape_J22CWL_12295_0,1.4882,103.86434,35,3679
shape_J22CWL_12295_0,1.4834,103.86065,36,4352
shape_J22CWL_12295_0,1.48348,103.86053,37,4368
shape_J22CWL_12295_0,1.48442,103.85929,38,4541
shape_J22CWL_12295_0,1.48478,103.85892,39,4598
shape_J22CWL_12295_0,1.48677,103.85794,40,4845
shape_J22CWL_12295_0,1.48792,103.85744,41,4984
shape_J22CWL_12295_0,1.48771,103.85696,42,5042
shape_J22CWL_12295_0,1.48747,103.85649,43,5101
shape_J22CWL_12295_0,1.48726,103.856,44,5160
shape_J22CWL_12295_0,1.48716,103.85568,45,5197
shape_J22CWL_12295_0,1.48711,103.85541,46,5228
shape_J22CWL_12295_0,1.4871,103.8549,47,5285
shape_J22CWL_12295_0,1.48711,103.85466,48,5312
shape_J22CWL_12295_0,1.48722,103.8544,49,5343
shape_J22CWL_12295_0,1.48906,103.85099,50,5774
shape_J22CWL_12295_0,1.48977,103.8499,51,5919
shape_J22CWL_12295_0,1.49047,103.84882,52,6062
shape_J22CWL_12295_0,1.49281,103.8451,53,6551
shape_J22CWL_12295_0,1.4932,103.84458,54,6623
shape_J22CWL_12295_0,1.4937941416744354,103.84370586242679,55,6740
shape_J22CWL_12295_0,1.4926975574577646,103.84298114086151,56,6886
shape_J22CWL_12295_0,1.4918,103.84247,57,7001
shape_J22CWL_12295_0,1.4897,103.84093,58,7291
shape_J22CWL_12295_0,1.48988,103.84062,59,7331
shape_J22CWL_12295_0,1.49039,103.83919,60,7500
shape_J22CWL_12295_0,1.49425,103.82313,61,9336
shape_J22CWL_12295_0,1.4942,103.823,62,9351
shape_J22CWL_12295_0,1.49439,103.82167,63,9500
shape_J22CWL_12295_0,1.49452,103.81962,64,9728
shape_J22CWL_12295_0,1.49472,103.81859,65,9845
shape_J22CWL_12295_0,1.49442,103.81775,66,9944
shape_J22CWL_12295_0,1.49439,103.81654,67,10079
shape_J22CWL_12295_0,1.49401,103.81338,68,10433
shape_J22CWL_12295_0,1.49391,103.81311,69,10465
shape_J22CWL_12295_0,1.49368,103.8122,70,10569
shape_J22CWL_12295_0,1.49247,103.80907,71,10942
shape_J22CWL_12295_0,1.49228,103.80833,72,11027
shape_J22CWL_12295_0,1.49219,103.80761,73,11108
shape_J22CWL_12295_0,1.49217,103.80699,74,11177
shape_J22CWL_12295_0,1.4923,103.80561,75,11331
shape_J22CWL_12295_0,1.4924,103.80506,76,11393
shape_J22CWL_12295_0,1.49273,103.80409,77,11507
shape_J22CWL_12295_0,1.49578,103.798,78,12264
shape_J22CWL_12295_0,1.49683,103.79429,79,12693
shape_J22CWL_12295_0,1.4971,103.79235,80,12911
shape_J22CWL_12295_0,1.49712,103.79195,81,12956
shape_J22CWL_12295_0,1.49699,103.78998,82,13175
shape_J22CWL_12295_0,1.49675,103.78731,83,13473
shape_J22CWL_12295_0,1.4967043510551132,103.7869922159386,84,13509
shape_J22CWL_12295_0,1.4966660208202096,103.78667046627045,85,13545
shape_J22CWL_12295_0,1.4966060208236491,103.78640609325409,86,13575
shape_J22CWL_12295_0,1.496498482709556,103.78623317790985,87,13598
shape_J22CWL_12295_0,1.496311164011627,103.78599927116394,88,13631
shape_J22CWL_12295_0,1.4962126143729058,103.78580658895493,89,13655
shape_J22CWL_12295_0,1.49609457049455,103.7854785423279,90,13694
shape_J22CWL_12295_0,1.496028482728511,103.7851497668648,91,13731
shape_J22CWL_12295_0,1.49596,103.78445,92,13809
shape_J22CWL_12295_0,1.495748110788874,103.78401107738495,93,13863
shape_J22CWL_12295_0,1.4954750575230071,103.7837759755325,94,13903
shape_J22CWL_12295_0,1.4950901149822127,103.78364378902437,95,13948
shape_J22CWL_12295_0,1.4946769090509742,103.78370034854888,96,13994
shape_J22CWL_12295_0,1.49406,103.78385,97,14065
shape_J22CWL_12295_0,1.49121,103.78546,98,14429
shape_J22CWL_12295_0,1.49095,103.78567,99,14466
shape_J22CWL_12295_0,1.4903092747931277,103.78586099140168,100,14540
shape_J22CWL_12295_0,1.4897245707975453,103.7861112539673,101,14611
shape_J22CWL_12295_0,1.4894165269033626,103.78620198280335,102,14647
shape_J22CWL_12295_0,1.4890569660216082,103.7862553938484,103,14687
shape_J22CWL_12295_0,1.4887621756435363,103.78627416931151,104,14720
shape_J22CWL_12295_0,1.4884863073835517,103.78623953372956,105,14751
shape_J22CWL_12295_0,1.4882081969583394,103.78619658895494,106,14782
shape_J22CWL_12295_0,1.48803,103.78611,107,14804
shape_J22CWL_12295_0,1.48355,103.78379,108,15365
shape_J22CWL_12295_0,1.48367,103.7835,109,15400
shape_J22CWL_12295_0,1.48376,103.78313,110,15442
shape_J22CWL_12295_0,1.48483,103.77715,111,16117
shape_J22CWL_12295_0,1.48487,103.77675,112,16162
shape_J22CWL_12295_0,1.48488,103.77649,113,16191
shape_J22CWL_12295_0,1.48454,103.77311,114,16569
shape_J22CWL_12295_0,1.48394,103.76554,115,17413
shape_J22CWL_12295_0,1.48399,103.76547,116,17423
shape_J22CWL_12295_0,1.48405,103.76543,117,17431
shape_J22CWL_12295_0,1.48415,103.76542,118,17442
shape_J22CWL_12295_0,1.48482,103.76555,119,17518
shape_J22CWL_12295_0,1.48584,103.76584,120,17636
shape_J22CWL_12295_0,1.48652,103.76603,121,17715
shape_J22CWL_12295_0,1.4873924818789845,103.76625393386843,122,17815
shape_J22CWL_12295_0,1.4875,103.76558,123,17891
shape_J22CWL_12295_0,1.48752,103.76537,124,17914
shape_J22CWL_12295_0,1.4875,103.76523,125,17930
shape_J22CWL_12295_0,1.48751,103.7651,126,17944
shape_J22CWL_12295_0,1.48703,103.76316,127,18166
shape_J22CWL_12295_0,1.487,103.76296,128,18188
shape_J22CWL_12295_0,1.48703,103.76229,129,18263
shape_J22CWL_12295_0,1.48713,103.76199,130,18298
shape_J22CWL_12295_0,1.48745,103.76132,131,18381
shape_J22CWL_12295_0,1.48761,103.76108,132,18413
shape_J22CWL_12295_0,1.48783,103.7607,133,18462
shape_J22CWL_12295_0,1.48804,103.76023,134,18519
shape_J22CWL_12295_0,1.48812,103.75991,135,18556
shape_J22CWL_12295_0,1.48816,103.75966,136,18584
shape_J22CWL_12295_0,1.48807,103.75941,137,18614
shape_J22CWL_12295_0,1.48822,103.75856,138,18710
shape_J22CWL_12295_0,1.4882,103.75837,139,18731
shape_J22CWL_12295_0,1.48815,103.75815,140,18756
shape_J22CWL_12295_0,1.48801,103.75791,141,18787
shape_J22CWL_12295_0,1.48793,103.7578,142,18802
shape_J22CWL_12295_0,1.48781,103.75767,143,18822
shape_J22CWL_12295_0,1.48762,103.75756,144,18846
shape_J22CWL_12295_0,1.48745,103.75748,145,18867
shape_J22CWL_12295_0,1.4873,103.75743,146,18885
shape_J22CWL_12295_0,1.48695,103.75739,147,18924
shape_J22CWL_12295_0,1.48399,103.75722,148,19254
shape_J22CWL_12295_0,1.48339,103.75722,149,19321
shape_J22CWL_12295_0,1.48344,103.75617,150,19438
shape_J22CWL_12295_0,1.48349,103.75584,151,19475
shape_J22CWL_12295_0,1.48356,103.75557,152,19506
shape_J22CWL_12295_0,1.48411,103.75422,153,19668
shape_J22CWL_12295_0,1.48444,103.7536,154,19746
shape_J22CWL_12295_0,1.4845,103.75353,155,19756
shape_J22CWL_12295_0,1.48462,103.75323,156,19792
shape_J22CWL_12295_0,1.48465,103.7532,157,19797
shape_J22CWL_12295_0,1.48472,103.75257,158,19867
shape_J22CWL_12295_0,1.4848,103.75219,159,19910
shape_J22CWL_12295_0,1.48498,103.7516,160,19979
shape_J22CWL_12295_0,1.48505,103.75146,161,19996
shape_J22CWL_12295_0,1.48516,103.75131,162,20017
shape_J22CWL_12295_0,1.48525,103.75124,163,20030
shape_J22CWL_12295_0,1.48729,103.75137,164,20257
shape_J22CWL_12295_0,1.49054,103.75143,165,20618
shape_J22CWL_12295_0,1.49207,103.75142,166,20788
shape_J22CWL_12295_0,1.49322,103.75139,167,20916
shape_J22CWL_12295_0,1.49341,103.75142,168,20937
shape_J22CWL_12295_0,1.4944,103.75119,169,21050
shape_J22CWL_12295_0,1.49467,103.75111,170,21081
shape_J22CWL_12295_0,1.49482,103.75097,171,21104
shape_J22CWL_12295_0,1.49488,103.75095,172,21111
shape_J22CWL_12295_0,1.49492,103.75096,173,21116
shape_J22CWL_12295_0,1.49499,103.75101,174,21126
shape_J22CWL_12295_0,1.49542,103.75098,175,21174
shape_J22CWL_12295_0,1.49565,103.75094,176,21200
shape_J22CWL_12295_0,1.49591,103.75087,177,21230
shape_J22CWL_12295_0,1.49658,103.75061,178,21310
shape_J22CWL_12295_0,1.49711,103.75029,179,21379
shape_J22CWL_12295_0,1.4974,103.75006,180,21420
shape_J22CWL_12295_0,1.49753,103.74992,181,21441
shape_J22CWL_12295_0,1.49763,103.74976,182,21462
shape_J22CWL_12295_0,1.4978,103.74936,183,21510
shape_J22CWL_12295_0,1.49788,103.74912,184,21538
shape_J22CWL_12295_0,1.49795,103.74876,185,21579
shape_J22CWL_12295_0,1.49795,103.74836,186,21623
shape_J22CWL_12295_0,1.49792,103.74814,187,21648
shape_J22CWL_12295_0,1.49795,103.74806,188,21657
shape_J22CWL_12295_0,1.49784,103.74775,189,21694
shape_J22CWL_12295_0,1.49759,103.7468,190,21803
shape_J22CWL_12295_0,1.49747,103.74644,191,21845
shape_J22CWL_12295_0,1.49738,103.74632,192,21862
shape_J22CWL_12295_0,1.49731,103.74628,193,21871
shape_J22CWL_12295_0,1.49729,103.7462,194,21880
shape_J22CWL_12295_0,1.4973,103.74606,195,21896
shape_J22CWL_12295_0,1.49719,103.74571,196,21937
shape_J22CWL_12295_0,1.49715,103.74551,197,21960
shape_J22CWL_12295_0,1.49713,103.74549,198,21963
shape_J22CWL_12295_0,1.4971,103.74455,199,22068
shape_J22CWL_12295_0,1.49705,103.74422,200,22105
shape_J22CWL_12295_0,1.496990725174319,103.74398606151583,201,22132
shape_J22CWL_12295_0,1.496805819993187,103.74397221363066,202,22153
shape_J22CWL_12295_0,1.4960624618744227,103.74415846619227,203,22238
shape_J22CWL_12295_0,1.4948948674286422,103.74427699405668,204,22368
shape_J22CWL_12295_0,1.4941986080108558,103.74287206878664,205,22542
shape_J22CWL_12295_0,1.4944828254727869,103.74277282705309,206,22575
shape_J22CWL_12295_0,1.4946839227113824,103.74334950199129,207,22643
shape_J22CWL_12295_0,1.495011040846822,103.74327440013887,208,22680
shape_J22CWL_12295_0,1.49487,103.74263,209,22753
shape_J22CWL_12294_1,1.49487,103.74263,0,0
shape_J22CWL_12294_1,1.4950136448071418,103.74327906745913,1,74
shape_J22CWL_12294_1,1.4953890262135285,103.74321469444277,2,116
shape_J22CWL_12294_1,1.4954319269416025,103.7430939950371,3,130
shape_J22CWL_12294_1,1.4953622132580642,103.74275738520005,4,168
shape_J22CWL_12294_1,1.4951235779399514,103.74169054765586,5,290
shape_J22CWL_12294_1,1.494110047872896,103.74191853542213,6,406
shape_J22CWL_12294_1,1.4939598952305881,103.74212506551628,7,434
shape_J22CWL_12294_1,1.4949602487409435,103.74417802181244,8,688
shape_J22CWL_12294_1,1.4952057452608098,103.74415918979645,9,715
shape_J22CWL_12294_1,1.4970593119502869,103.74389123146057,10,923
shape_J22CWL_12294_1,1.49713,103.74549,11,1101
shape_J22CWL_12294_1,1.4972128152533655,103.74582641468048,12,1140
shape_J22CWL_12294_1,1.497315210173282,103.74594906745914,13,1158
shape_J22CWL_12294_1,1.4973859353496315,103.74611976686478,14,1179
shape_J22CWL_12294_1,1.4974924618988932,103.74617562698364,15,1192
shape_J22CWL_12294_1,1.4975314503433925,103.74624317790985,16,1201
shape_J22CWL_12294_1,1.49752,103.74633,17,1211
shape_J22CWL_12294_1,1.49759,103.74649,18,1230
shape_J22CWL_12294_1,1.49764,103.74665,19,1249
shape_J22CWL_12294_1,1.49795,103.74806,20,1409
shape_J22CWL_12294_1,1.49804,103.74847,21,1456
shape_J22CWL_12294_1,1.49803,103.74873,22,1485
shape_J22CWL_12294_1,1.49797,103.74903,23,1519
shape_J22CWL_12294_1,1.49787,103.74938,24,1559
shape_J22CWL_12294_1,1.49774,103.74967,25,1594
shape_J22CWL_12294_1,1.49763,103.74976,26,1610
shape_J22CWL_12294_1,1.49753,103.74992,27,1631
shape_J22CWL_12294_1,1.4974,103.75006,28,1652
shape_J22CWL_12294_1,1.49711,103.75029,29,1693
shape_J22CWL_12294_1,1.4967998661031277,103.75052416931155,30,1736
shape_J22CWL_12294_1,1.49654,103.75074,31,1774
shape_J22CWL_12294_1,1.49542,103.75098,32,1901
shape_J22CWL_12294_1,1.49499,103.75111,33,1951
shape_J22CWL_12294_1,1.49495,103.75117,34,1959
shape_J22CWL_12294_1,1.49488,103.7512,35,1967
shape_J22CWL_12294_1,1.49482,103.75118,36,1974
shape_J22CWL_12294_1,1.4944,103.75119,37,2021
shape_J22CWL_12294_1,1.49351,103.75136,38,2122
shape_J22CWL_12294_1,1.49341,103.75142,39,2135
shape_J22CWL_12294_1,1.49322,103.75139,40,2156
shape_J22CWL_12294_1,1.49232,103.75143,41,2256
shape_J22CWL_12294_1,1.49207,103.75142,42,2284
shape_J22CWL_12294_1,1.49054,103.75143,43,2454
shape_J22CWL_12294_1,1.48811,103.75135,44,2724
shape_J22CWL_12294_1,1.48729,103.75137,45,2815
shape_J22CWL_12294_1,1.48636,103.75126,46,2919
shape_J22CWL_12294_1,1.48525,103.75124,47,3042
shape_J22CWL_12294_1,1.48516,103.75131,48,3055
shape_J22CWL_12294_1,1.48505,103.75146,49,3076
shape_J22CWL_12294_1,1.48498,103.7516,50,3093
shape_J22CWL_12294_1,1.4848,103.75219,51,3162
shape_J22CWL_12294_1,1.48472,103.75257,52,3205
shape_J22CWL_12294_1,1.48466,103.75309,53,3263
shape_J22CWL_12294_1,1.48466,103.75331,54,3287
shape_J22CWL_12294_1,1.48462,103.75348,55,3306
shape_J22CWL_12294_1,1.48439,103.75389,56,3358
shape_J22CWL_12294_1,1.48402,103.75465,57,3452
shape_J22CWL_12294_1,1.48364,103.7556,58,3566
shape_J22CWL_12294_1,1.48354,103.75597,59,3609
shape_J22CWL_12294_1,1.48348,103.75715,60,3740
shape_J22CWL_12294_1,1.48377,103.75717,61,3772
shape_J22CWL_12294_1,1.48399,103.75722,62,3797
shape_J22CWL_12294_1,1.48695,103.75739,63,4127
shape_J22CWL_12294_1,1.4873,103.75743,64,4166
shape_J22CWL_12294_1,1.48745,103.75748,65,4184
shape_J22CWL_12294_1,1.48762,103.75756,66,4205
shape_J22CWL_12294_1,1.48781,103.75767,67,4229
shape_J22CWL_12294_1,1.48793,103.7578,68,4249
shape_J22CWL_12294_1,1.48801,103.75791,69,4264
shape_J22CWL_12294_1,1.48815,103.75815,70,4295
shape_J22CWL_12294_1,1.4882,103.75837,71,4320
shape_J22CWL_12294_1,1.48822,103.75856,72,4341
shape_J22CWL_12294_1,1.48816,103.75966,73,4463
shape_J22CWL_12294_1,1.4882,103.75986,74,4486
shape_J22CWL_12294_1,1.48783,103.7607,75,4588
shape_J22CWL_12294_1,1.48761,103.76108,76,4637
shape_J22CWL_12294_1,1.48745,103.76132,77,4669
shape_J22CWL_12294_1,1.48713,103.76199,78,4752
shape_J22CWL_12294_1,1.48703,103.76229,79,4787
shape_J22CWL_12294_1,1.487,103.76296,80,4862
shape_J22CWL_12294_1,1.48703,103.76316,81,4884
shape_J22CWL_12294_1,1.48751,103.7651,82,5106
shape_J22CWL_12294_1,1.48757,103.76521,83,5120
shape_J22CWL_12294_1,1.48759,103.76528,84,5128
shape_J22CWL_12294_1,1.48756,103.76566,85,5170
shape_J22CWL_12294_1,1.48748,103.76605,86,5214
shape_J22CWL_12294_1,1.4873804391601184,103.76624766864776,87,5239
shape_J22CWL_12294_1,1.48677,103.76628,88,5307
shape_J22CWL_12294_1,1.4872762409419797,103.76660434589387,89,5374
shape_J22CWL_12294_1,1.48707,103.7675,90,5476
shape_J22CWL_12294_1,1.48702,103.76755,91,5484
shape_J22CWL_12294_1,1.48723,103.7692,92,5669
shape_J22CWL_12294_1,1.48716,103.76931,93,5683
shape_J22CWL_12294_1,1.4871,103.76934,94,5690
shape_J22CWL_12294_1,1.48646,103.76946,95,5762
shape_J22CWL_12294_1,1.4844,103.7697,96,5993
shape_J22CWL_12294_1,1.48476,103.77396,97,6468
shape_J22CWL_12294_1,1.48485,103.77457,98,6537
shape_J22CWL_12294_1,1.48497,103.77648,99,6750
shape_J22CWL_12294_1,1.48497,103.77661,100,6764
shape_J22CWL_12294_1,1.48483,103.77715,101,6826
shape_J22CWL_12294_1,1.48378,103.78296,102,7482
shape_J22CWL_12294_1,1.48376,103.78313,103,7501
shape_J22CWL_12294_1,1.48376,103.78335,104,7525
shape_J22CWL_12294_1,1.48382,103.78373,105,7568
shape_J22CWL_12294_1,1.48568,103.78465,106,7799
shape_J22CWL_12294_1,1.4875020690347198,103.78574519014357,107,8035
shape_J22CWL_12294_1,1.48803,103.78611,108,8106
shape_J22CWL_12294_1,1.48827,103.78606,109,8133
shape_J22CWL_12294_1,1.4885,103.78612,110,8159
shape_J22CWL_12294_1,1.4888,103.78614,111,8192
shape_J22CWL_12294_1,1.48911,103.78614,112,8226
shape_J22CWL_12294_1,1.48924,103.78613,113,8240
shape_J22CWL_12294_1,1.48953,103.78605,114,8273
shape_J22CWL_12294_1,1.4898,103.78594,115,8305
shape_J22CWL_12294_1,1.49061,103.78551,116,8407
shape_J22CWL_12294_1,1.49221,103.78471,117,8606
shape_J22CWL_12294_1,1.49406,103.78385,118,8833
shape_J22CWL_12294_1,1.49587,103.78274,119,9069
shape_J22CWL_12294_1,1.49595,103.78296,120,9095
shape_J22CWL_12294_1,1.49607,103.78403,121,9215
shape_J22CWL_12294_1,1.49612,103.78418,122,9233
shape_J22CWL_12294_1,1.49606,103.78443,123,9262
shape_J22CWL_12294_1,1.49608,103.78476,124,9299
shape_J22CWL_12294_1,1.49615,103.7851,125,9338
shape_J22CWL_12294_1,1.49636,103.78569,126,9408
shape_J22CWL_12294_1,1.49643,103.78581,127,9423
shape_J22CWL_12294_1,1.4966,103.78604,128,9455
shape_J22CWL_12294_1,1.49673,103.78627,129,9484
shape_J22CWL_12294_1,1.4968,103.78653,130,9514
shape_J22CWL_12294_1,1.49688,103.78718,131,9587
shape_J22CWL_12294_1,1.49685,103.78738,132,9609
shape_J22CWL_12294_1,1.49699,103.78899,133,9789
shape_J22CWL_12294_1,1.49709,103.78918,134,9813
shape_J22CWL_12294_1,1.49724,103.79187,135,10112
shape_J22CWL_12294_1,1.49723,103.79221,136,10150
shape_J22CWL_12294_1,1.49615,103.79729,137,10727
shape_J22CWL_12294_1,1.49493,103.80024,138,11082
shape_J22CWL_12294_1,1.49343,103.80295,139,11426
shape_J22CWL_12294_1,1.49285,103.80416,140,11575
shape_J22CWL_12294_1,1.49263,103.80473,141,11643
shape_J22CWL_12294_1,1.49249,103.8053,142,11708
shape_J22CWL_12294_1,1.49247,103.80522,143,11717
shape_J22CWL_12294_1,1.49227,103.80695,144,11911
shape_J22CWL_12294_1,1.49228,103.80751,145,11973
shape_J22CWL_12294_1,1.49232,103.80792,146,12019
shape_J22CWL_12294_1,1.49238,103.80831,147,12063
shape_J22CWL_12294_1,1.49246,103.80865,148,12102
shape_J22CWL_12294_1,1.49381,103.81227,149,12531
shape_J22CWL_12294_1,1.49401,103.81302,150,12617
shape_J22CWL_12294_1,1.49451,103.81556,151,12905
shape_J22CWL_12294_1,1.49459,103.81626,152,12983
shape_J22CWL_12294_1,1.49463,103.81836,153,13216
shape_J22CWL_12294_1,1.49472,103.81859,154,13243
shape_J22CWL_12294_1,1.49459,103.81974,155,13372
shape_J22CWL_12294_1,1.49446,103.82299,156,13734
shape_J22CWL_12294_1,1.49408,103.82466,157,13924
shape_J22CWL_12294_1,1.49405,103.82492,158,13953
shape_J22CWL_12294_1,1.49285,103.83015,159,14549
shape_J22CWL_12294_1,1.49283,103.83069,160,14609
shape_J22CWL_12294_1,1.49277,103.83104,161,14648
shape_J22CWL_12294_1,1.49259,103.83155,162,14708
shape_J22CWL_12294_1,1.49242,103.83188,163,14749
shape_J22CWL_12294_1,1.49224,103.83231,164,14801
shape_J22CWL_12294_1,1.49051,103.83923,165,15594
shape_J22CWL_12294_1,1.49041,103.83994,166,15674
shape_J22CWL_12294_1,1.49036,103.84019,167,15702
shape_J22CWL_12294_1,1.49026,103.84055,168,15744
shape_J22CWL_12294_1,1.49025,103.84075,169,15766
shape_J22CWL_12294_1,1.49026,103.84094,170,15787
shape_J22CWL_12294_1,1.49035,103.8411,171,15807
shape_J22CWL_12294_1,1.49057,103.84137,172,15846
shape_J22CWL_12294_1,1.49153,103.84204,173,15976
shape_J22CWL_12294_1,1.49098,103.84285,174,16085
shape_J22CWL_12294_1,1.4905033007437605,103.84349789947512,175,16174
shape_J22CWL_12294_1,1.49163,103.84434,176,16330
shape_J22CWL_12294_1,1.49281,103.8451,177,16486
shape_J22CWL_12294_1,1.49047,103.84882,178,16975
shape_J22CWL_12294_1,1.48977,103.8499,179,17118
shape_J22CWL_12294_1,1.48906,103.85099,180,17263
shape_J22CWL_12294_1,1.48722,103.8544,181,17694
shape_J22CWL_12294_1,1.48711,103.85466,182,17725
shape_J22CWL_12294_1,1.4871,103.8549,183,17752
shape_J22CWL_12294_1,1.48711,103.85541,184,17809
shape_J22CWL_12294_1,1.48716,103.85568,185,17840
shape_J22CWL_12294_1,1.48726,103.856,186,17877
shape_J22CWL_12294_1,1.48747,103.85649,187,17936
shape_J22CWL_12294_1,1.48771,103.85696,188,17995
shape_J22CWL_12294_1,1.48792,103.85744,189,18053
shape_J22CWL_12294_1,1.48677,103.85794,190,18192
shape_J22CWL_12294_1,1.4847260984359738,103.85893956085205,191,18445
shape_J22CWL_12294_1,1.48442,103.85929,192,18497
shape_J22CWL_12294_1,1.483475321174559,103.86058568584446,193,18675
shape_J22CWL_12294_1,1.48513,103.86179,194,18903
shape_J22CWL_12294_1,1.48817,103.86413,195,19330
shape_J22CWL_12294_1,1.49134,103.86657,196,19775
shape_J22CWL_12294_1,1.49536,103.86972,197,20343
shape_J22CWL_12294_1,1.49598,103.87014,198,20426
shape_J22CWL_12294_1,1.49615,103.87012,199,20445
shape_J22CWL_12294_1,1.49737,103.87098,200,20611
shape_J22CWL_12294_1,1.4970991408983185,103.87142373247148,201,20669
shape_J22CWL_12294_1,1.49699,103.87177,202,20709
shape_J22CWL_12294_1,1.49669,103.87206,203,20755
shape_J22CWL_12294_1,1.49662,103.87235,204,20788
shape_J22CWL_12294_1,1.49656,103.87334,205,20898
shape_J22CWL_12294_1,1.49656,103.8736,206,20927
shape_J22CWL_12294_1,1.49666,103.87374,207,20946
shape_J22CWL_12294_1,1.49667,103.87378,208,20951
shape_J22CWL_12294_1,1.49666,103.87383,209,20957
shape_J22CWL_12294_1,1.49661,103.87389,210,20966
shape_J22CWL_12294_1,1.49653,103.87389,211,20975
shape_J22CWL_12294_1,1.49647,103.87385,212,20983
shape_J22CWL_12294_1,1.49645,103.87381,213,20988
shape_J22CWL_12294_1,1.49501,103.87364,214,21149
shape_J22CWL_12294_1,1.4933365843594126,103.87338938888553,215,21337
shape_J22CWL_12294_1,1.49317,103.87432,216,21442
shape_J22CWL_12294_1,1.49303,103.87498,217,21517
shape_J22CWL_12294_1,1.49259,103.87802,218,21858
shape_J22CWL_12294_1,1.49241,103.87899,219,21968
shape_J22CWL_12294_1,1.49232,103.87918,220,21991
shape_J22CWL_12294_1,1.49206,103.87946,221,22033
shape_J22CWL_12294_1,1.49044,103.88103,222,22284
shape_J22CWL_12294_1,1.49011,103.88117,223,22324
shape_J22CWL_12294_1,1.48917,103.8813,224,22430
shape_J22CWL_12294_1,1.48875,103.8814,225,22478
shape_J22CWL_12294_1,1.48789,103.88181,226,22584
shape_J22CWL_12294_1,1.48733,103.88203,227,22651
shape_J22CWL_12294_1,1.48694,103.88233,228,22706
shape_J22CWL_12294_1,1.48682,103.88245,229,22725
shape_J22CWL_12294_1,1.48671,103.88259,230,22745
shape_J22CWL_12294_1,1.48665,103.88271,231,22760
shape_J22CWL_12294_1,1.48655,103.88316,232,22811
shape_J22CWL_12294_1,1.4864253626128971,103.88542472156527,233,23063
shape_J22CWL_12294_1,1.48682,103.88541,234,23107
shape_J22CWL_12420_0,1.48444,103.9359,0,0
shape_J22CWL_12420_0,1.4844452962836203,103.93650349702835,1,67
shape_J22CWL_12420_0,1.4844345710481845,103.93724646892548,2,150
shape_J22CWL_12420_0,1.4844265271215757,103.93789556350708,3,222
shape_J22CWL_12420_0,1.4846517570555262,103.93805917825699,4,253
shape_J22CWL_12420_0,1.4860326305535592,103.93806454267502,5,407
shape_J22CWL_12420_0,1.486477727458296,103.93805917825699,6,456
shape_J22CWL_12420_0,1.4865822984048234,103.93793847885132,7,474
shape_J22CWL_12420_0,1.4865447601169035,103.93694606151581,8,584
shape_J22CWL_12420_0,1.4865259909726953,103.93631842460633,9,654
shape_J22CWL_12420_0,1.4865528040358025,103.93534478273392,10,762
shape_J22CWL_12420_0,1.4865259909726953,103.93390711870194,11,922
shape_J22CWL_12420_0,1.4863490247480868,103.93363353338242,12,958
shape_J22CWL_12420_0,1.48817,103.93319,13,1166
shape_J22CWL_12420_0,1.48895,103.93281,14,1262
shape_J22CWL_12420_0,1.4895,103.93269,15,1325
shape_J22CWL_12420_0,1.4901,103.93266,16,1392
shape_J22CWL_12420_0,1.49023,103.93261,17,1407
shape_J22CWL_12420_0,1.49027,103.93257,18,1413
shape_J22CWL_12420_0,1.49036,103.93244,19,1431
shape_J22CWL_12420_0,1.49028,103.92815,20,1908
shape_J22CWL_12420_0,1.4903,103.92747,21,1984
shape_J22CWL_12420_0,1.49049,103.92692,22,2049
shape_J22CWL_12420_0,1.49095,103.92534,23,2232
shape_J22CWL_12420_0,1.49112,103.92493,24,2281
shape_J22CWL_12420_0,1.49117,103.92486,25,2291
shape_J22CWL_12420_0,1.49334,103.92255,26,2643
shape_J22CWL_12420_0,1.49467,103.92117,27,2856
shape_J22CWL_12420_0,1.49475,103.92104,28,2873
shape_J22CWL_12420_0,1.49473,103.92092,29,2887
shape_J22CWL_12420_0,1.49463,103.92064,30,2920
shape_J22CWL_12420_0,1.49459,103.92057,31,2929
shape_J22CWL_12420_0,1.49445,103.92041,32,2953
shape_J22CWL_12420_0,1.49237,103.91932,33,3214
shape_J22CWL_12420_0,1.48965,103.91793,34,3554
shape_J22CWL_12420_0,1.4871,103.91627,35,3892
shape_J22CWL_12420_0,1.48704,103.91618,36,3904
shape_J22CWL_12420_0,1.48701,103.91611,37,3912
shape_J22CWL_12420_0,1.48701,103.91603,38,3921
shape_J22CWL_12420_0,1.48703,103.91592,39,3933
shape_J22CWL_12420_0,1.48708,103.91579,40,3948
shape_J22CWL_12420_0,1.48724,103.91549,41,3986
shape_J22CWL_12420_0,1.48741,103.91523,42,4021
shape_J22CWL_12420_0,1.48791,103.9149,43,4088
shape_J22CWL_12420_0,1.48807,103.91483,44,4107
shape_J22CWL_12420_0,1.4878334065237444,103.91269084424974,45,4346
shape_J22CWL_12420_0,1.48771,103.91217,46,4405
shape_J22CWL_12420_0,1.48785,103.91162,47,4468
shape_J22CWL_12420_0,1.4878688356422722,103.91105515840529,48,4531
shape_J22CWL_12420_0,1.4878,103.91074,49,4567
shape_J22CWL_12420_0,1.48805,103.90912,50,4749
shape_J22CWL_12420_0,1.48854,103.90777,51,4909
shape_J22CWL_12420_0,1.48857,103.90753,52,4936
shape_J22CWL_12420_0,1.48856,103.9072,53,4973
shape_J22CWL_12420_0,1.48843,103.90684,54,5016
shape_J22CWL_12420_0,1.48834,103.90683,55,5026
shape_J22CWL_12420_0,1.48809,103.90602,56,5120
shape_J22CWL_12420_0,1.48799,103.90586,57,5141
shape_J22CWL_12420_0,1.48752,103.90487,58,5263
shape_J22CWL_12420_0,1.48745,103.90482,59,5273
shape_J22CWL_12420_0,1.48735,103.90466,60,5294
shape_J22CWL_12420_0,1.48725,103.90458,61,5308
shape_J22CWL_12420_0,1.48708,103.90454,62,5327
shape_J22CWL_12420_0,1.4866,103.90475,63,5385
shape_J22CWL_12420_0,1.48583,103.90513,64,5480
shape_J22CWL_12420_0,1.4852,103.90536,65,5555
shape_J22CWL_12420_0,1.48502,103.9054,66,5576
shape_J22CWL_12420_0,1.48488,103.90541,67,5592
shape_J22CWL_12420_0,1.48457,103.90538,68,5627
shape_J22CWL_12420_0,1.4843,103.90533,69,5658
shape_J22CWL_12420_0,1.4841,103.90531,70,5680
shape_J22CWL_12420_0,1.48369,103.90519,71,5728
shape_J22CWL_12420_0,1.48283,103.90487,72,5830
shape_J22CWL_12420_0,1.48281,103.90476,73,5842
shape_J22CWL_12420_0,1.48358,103.90306,74,6049
shape_J22CWL_12420_0,1.484,103.90192,75,6184
shape_J22CWL_12420_0,1.48409,103.90146,76,6236
shape_J22CWL_12420_0,1.4841,103.90125,77,6259
shape_J22CWL_12420_0,1.48408,103.901,78,6287
shape_J22CWL_12420_0,1.48402,103.90068,79,6323
shape_J22CWL_12420_0,1.48396,103.90049,80,6345
shape_J22CWL_12420_0,1.48386,103.90024,81,6375
shape_J22CWL_12420_0,1.48375,103.9,82,6404
shape_J22CWL_12420_0,1.48368,103.89989,83,6418
shape_J22CWL_12420_0,1.48333,103.89949,84,6477
shape_J22CWL_12420_0,1.48308,103.89926,85,6515
shape_J22CWL_12420_0,1.48273,103.899,86,6563
shape_J22CWL_12420_0,1.48193,103.89861,87,6662
shape_J22CWL_12420_0,1.48111,103.8982,88,6764
shape_J22CWL_12420_0,1.47922,103.89745,89,6990
shape_J22CWL_12420_0,1.4776,103.89668,90,7189
shape_J22CWL_12420_0,1.47815,103.89524,91,7360
shape_J22CWL_12420_0,1.47927,103.89286,92,7652
shape_J22CWL_12420_0,1.47946,103.89258,93,7690
shape_J22CWL_12420_0,1.47967,103.89235,94,7725
shape_J22CWL_12420_0,1.48008,103.89207,95,7780
shape_J22CWL_12420_0,1.48049,103.89196,96,7827
shape_J22CWL_12420_0,1.48094,103.8918,97,7880
shape_J22CWL_12420_0,1.48153,103.89167,98,7947
shape_J22CWL_12420_0,1.48262,103.89158,99,8069
shape_J22CWL_12420_0,1.4848140366064024,103.89117536441806,100,8317
shape_J22CWL_12420_0,1.4855794401903542,103.89106145767211,101,8403
shape_J22CWL_12420_0,1.4857545868397943,103.89092990478515,102,8427
shape_J22CWL_12420_0,1.486165179095556,103.88964734260558,103,8577
shape_J22CWL_12420_0,1.4866910011230068,103.8881218650818,104,8756
shape_J22CWL_12420_0,1.4867742591390016,103.88781708003995,105,8791
shape_J22CWL_12420_0,1.4867622162743515,103.88732568122863,106,8846
shape_J22CWL_12420_0,1.48675610810449,103.8867550701141,107,8909
shape_J22CWL_12420_0,1.4866166801856635,103.88614055225372,108,8979
shape_J22CWL_12420_0,1.48639,103.88546,109,9059
shape_J22CWL_12420_0,1.48655,103.88316,110,9315
shape_J22CWL_12420_0,1.48665,103.88271,111,9366
shape_J22CWL_12420_0,1.48671,103.88259,112,9381
shape_J22CWL_12420_0,1.48682,103.88245,113,9401
shape_J22CWL_12420_0,1.48694,103.88233,114,9420
shape_J22CWL_12420_0,1.48733,103.88203,115,9475
shape_J22CWL_12420_0,1.48771,103.88181,116,9524
shape_J22CWL_12420_0,1.48808,103.88153,117,9576
shape_J22CWL_12420_0,1.48917,103.8813,118,9700
shape_J22CWL_12420_0,1.49011,103.88117,119,9806
shape_J22CWL_12420_0,1.49023,103.88111,120,9821
shape_J22CWL_12420_0,1.49044,103.88085,121,9858
shape_J22CWL_12420_0,1.49164,103.87985,122,10032
shape_J22CWL_12420_0,1.49206,103.87946,123,10096
shape_J22CWL_12420_0,1.49232,103.87918,124,10138
shape_J22CWL_12420_0,1.49241,103.87899,125,10161
shape_J22CWL_12420_0,1.4924602862243785,103.87859040740967,126,10206
shape_J22CWL_12420_0,1.49245,103.87819,127,10251
shape_J22CWL_12420_0,1.493078,103.874256,128,10689
shape_J22CWL_12420_0,1.4932243129642107,103.87340562698364,129,10790
shape_J22CWL_12420_0,1.4939,103.87347,130,10873
shape_J22CWL_12420_0,1.495486698031231,103.873692390213,131,11043
shape_J22CWL_12420_0,1.4964500749163414,103.87384160251615,132,11151
shape_J22CWL_12420_0,1.4964993496992083,103.87365472156523,133,11172
shape_J22CWL_12420_0,1.4965068878379308,103.87316556812289,134,11226
shape_J22CWL_12420_0,1.4965457426086148,103.87231647354128,135,11320
shape_J22CWL_12420_0,1.4966887394092878,103.87192384788513,136,11366
shape_J22CWL_12420_0,1.49688,103.87163,137,11405
shape_J22CWL_12420_0,1.4971586428389976,103.87120125396731,138,11462
shape_J22CWL_12420_0,1.4970731090145928,103.87092119510649,139,11495
shape_J22CWL_12420_0,1.49647,103.87057,140,11573
shape_J22CWL_12420_0,1.49598,103.87025,141,11638
shape_J22CWL_12420_0,1.49535,103.86985,142,11721
shape_J22CWL_12420_0,1.49227,103.86749,143,12152
shape_J22CWL_12420_0,1.49183,103.86719,144,12211
shape_J22CWL_12420_0,1.49178,103.86719,145,12217
shape_J22CWL_12420_0,1.49162,103.86728,146,12237
shape_J22CWL_12420_0,1.49136,103.8676,147,12283
shape_J22CWL_12420_0,1.48952,103.86992,148,12612
shape_J22CWL_12420_0,1.48915,103.87046,149,12685
shape_J22CWL_12420_0,1.48874,103.87024,150,12737
shape_J22CWL_12420_0,1.48822,103.86985,151,12809
shape_J22CWL_12420_0,1.48754,103.86943,152,12898
shape_J22CWL_12420_0,1.48629,103.86856,153,13067
shape_J22CWL_12420_0,1.48577,103.86813,154,13142
shape_J22CWL_12420_0,1.48557,103.86792,155,13174
shape_J22CWL_12420_0,1.4854,103.86771,156,13204
shape_J22CWL_12420_0,1.4852,103.86749,157,13237
shape_J22CWL_12420_0,1.48477,103.86707,158,13304
shape_J22CWL_12420_0,1.4839,103.86611,159,13448
shape_J22CWL_12420_0,1.4833637380325104,103.86552527843477,160,13536
shape_J22CWL_12420_0,1.4839,103.86503,161,13617
shape_J22CWL_12420_0,1.48497,103.86407,162,13777
shape_J22CWL_12420_0,1.48633,103.86287,163,13979
shape_J22CWL_12420_0,1.4834,103.86065,164,14388
shape_J22CWL_12420_0,1.48348,103.86053,165,14404
shape_J22CWL_12420_0,1.48442,103.85929,166,14577
shape_J22CWL_12420_0,1.48478,103.85892,167,14634
shape_J22CWL_12420_0,1.48677,103.85794,168,14881
shape_J22CWL_12420_0,1.48792,103.85744,169,15020
shape_J22CWL_12420_0,1.48771,103.85696,170,15078
shape_J22CWL_12420_0,1.48747,103.85649,171,15137
shape_J22CWL_12420_0,1.48726,103.856,172,15196
shape_J22CWL_12420_0,1.48716,103.85568,173,15233
shape_J22CWL_12420_0,1.48711,103.85541,174,15264
shape_J22CWL_12420_0,1.4871,103.8549,175,15321
shape_J22CWL_12420_0,1.48711,103.85466,176,15348
shape_J22CWL_12420_0,1.48722,103.8544,177,15379
shape_J22CWL_12420_0,1.48906,103.85099,178,15810
shape_J22CWL_12420_0,1.48977,103.8499,179,15955
shape_J22CWL_12420_0,1.490034731469936,103.84942282936096,180,16016
shape_J22CWL_12420_0,1.49166,103.85033,181,16223
shape_J22CWL_12420_0,1.49178,103.85013,182,16249
shape_J22CWL_12420_0,1.4926770562935878,103.84869898493768,183,16437
shape_J22CWL_12420_0,1.494220801613965,103.84990982803347,184,16655
shape_J22CWL_12420_0,1.495619312428966,103.85145224998475,185,16886
shape_J22CWL_12420_0,1.49491,103.85224,186,17004
shape_J22CWL_12420_0,1.4943242944849575,103.85292049800871,187,17104
shape_J22CWL_12420_0,1.4952573855838673,103.85386463558196,188,17252
shape_J22CWL_12420_0,1.4960403237861142,103.85439034854888,189,17357
shape_J22CWL_12420_0,1.49668,103.85477,190,17440
shape_J22CWL_12420_0,1.49732,103.85512,191,17521
shape_J22CWL_12420_0,1.49812,103.85381,192,17692
shape_J22CWL_12420_0,1.49866,103.85289,193,17811
shape_J22CWL_12420_0,1.49879,103.85274,194,17833
shape_J22CWL_12420_0,1.49998,103.85096,195,18071
shape_J22CWL_12420_0,1.50096,103.84949,196,18267
shape_J22CWL_12420_0,1.5012559712508649,103.84906842460634,197,18324
shape_J22CWL_12420_0,1.49861,103.84703,198,18695
shape_J22CWL_12420_0,1.49753,103.84605,199,18857
shape_J22CWL_12420_0,1.49473,103.84441,200,19218
shape_J22CWL_12420_0,1.49209,103.84263,201,19572
shape_J22CWL_12420_0,1.4918,103.84247,202,19609
shape_J22CWL_12420_0,1.49145,103.84217,203,19660
shape_J22CWL_12420_0,1.49075,103.84173,204,19752
shape_J22CWL_12420_0,1.4897,103.84093,205,19899
shape_J22CWL_12420_0,1.48988,103.84062,206,19939
shape_J22CWL_12420_0,1.49039,103.83919,207,20108
shape_J22CWL_12420_0,1.4942,103.823,208,21957
shape_J22CWL_12420_0,1.49439,103.82167,209,22106
shape_J22CWL_12420_0,1.49452,103.81962,210,22334
shape_J22CWL_12420_0,1.49442,103.81867,211,22440
shape_J22CWL_12420_0,1.49439,103.81654,212,22677
shape_J22CWL_12420_0,1.49401,103.81338,213,23031
shape_J22CWL_12420_0,1.49391,103.81311,214,23063
shape_J22CWL_12420_0,1.49368,103.8122,215,23167
shape_J22CWL_12420_0,1.49247,103.80907,216,23540
shape_J22CWL_12420_0,1.49228,103.80833,217,23625
shape_J22CWL_12420_0,1.49219,103.80761,218,23706
shape_J22CWL_12420_0,1.49217,103.80699,219,23775
shape_J22CWL_12420_0,1.4923,103.80561,220,23929
shape_J22CWL_12420_0,1.4924,103.80506,221,23991
shape_J22CWL_12420_0,1.49273,103.80409,222,24105
shape_J22CWL_12420_0,1.49578,103.798,223,24862
shape_J22CWL_12420_0,1.49683,103.79429,224,25291
shape_J22CWL_12420_0,1.4971,103.79235,225,25509
shape_J22CWL_12420_0,1.49712,103.79195,226,25554
shape_J22CWL_12420_0,1.49699,103.78998,227,25773
shape_J22CWL_12420_0,1.49675,103.78731,228,26071
shape_J22CWL_12420_0,1.49664,103.78707,229,26100
shape_J22CWL_12420_0,1.49654,103.78659,230,26155
shape_J22CWL_12420_0,1.49648,103.78639,231,26178
shape_J22CWL_12420_0,1.49641,103.78626,232,26194
shape_J22CWL_12420_0,1.49622,103.78601,233,26229
shape_J22CWL_12420_0,1.4961,103.78582,234,26254
shape_J22CWL_12420_0,1.49599,103.7855,235,26292
shape_J22CWL_12420_0,1.49594,103.78519,236,26327
shape_J22CWL_12420_0,1.49596,103.78445,237,26409
shape_J22CWL_12420_0,1.4958175381304204,103.78351133995058,238,26515
shape_J22CWL_12420_0,1.4953736071479862,103.78305530555726,239,26586
shape_J22CWL_12420_0,1.49626,103.78253,240,26701
shape_J22CWL_12420_0,1.49582,103.77659,241,27363
shape_J22CWL_12420_0,1.49506,103.7668,242,28455
shape_J22CWL_12420_0,1.4950288950226593,103.76617160251621,243,28525
shape_J22CWL_12420_0,1.49874,103.76539,244,28947
shape_J22CWL_12420_0,1.49845,103.76492,245,29008
shape_J22CWL_12420_0,1.4984,103.76479,246,29023
shape_J22CWL_12420_0,1.49658,103.76213,247,29381
shape_J22CWL_12420_0,1.49643,103.76196,248,29406
shape_J22CWL_12420_0,1.49503,103.75985,249,29688
shape_J22CWL_12420_0,1.49452,103.75907,250,29792
shape_J22CWL_12420_0,1.49438,103.7589,251,29816
shape_J22CWL_12420_0,1.49403,103.75859,252,29868
shape_J22CWL_12420_0,1.49388,103.75854,253,29886
shape_J22CWL_12420_0,1.49329,103.75805,254,29971
shape_J22CWL_12420_0,1.49325,103.75797,255,29981
shape_J22CWL_12420_0,1.49267,103.75749,256,30065
shape_J22CWL_12420_0,1.49229,103.75728,257,30113
shape_J22CWL_12420_0,1.49158,103.75698,258,30199
shape_J22CWL_12420_0,1.49071,103.7568,259,30298
shape_J22CWL_12420_0,1.48985,103.75652,260,30399
shape_J22CWL_12420_0,1.48974,103.75646,261,30413
shape_J22CWL_12420_0,1.48955,103.75633,262,30439
shape_J22CWL_12420_0,1.48929,103.75615,263,30474
shape_J22CWL_12420_0,1.48885,103.75575,264,30540
shape_J22CWL_12420_0,1.48866,103.75566,265,30563
shape_J22CWL_12420_0,1.4882,103.7555,266,30617
shape_J22CWL_12420_0,1.48753,103.7554,267,30692
shape_J22CWL_12420_0,1.48735,103.75534,268,30713
shape_J22CWL_12420_0,1.48719,103.75527,269,30732
shape_J22CWL_12420_0,1.48679,103.755,270,30786
shape_J22CWL_12420_0,1.48635,103.75476,271,30842
shape_J22CWL_12420_0,1.48605,103.75463,272,30878
shape_J22CWL_12420_0,1.48541,103.75403,273,30976
shape_J22CWL_12420_0,1.48506,103.7538,274,31023
shape_J22CWL_12420_0,1.48496,103.75372,275,31037
shape_J22CWL_12420_0,1.4848,103.7532,276,31097
shape_J22CWL_12420_0,1.48466,103.75309,277,31117
shape_J22CWL_12420_0,1.48472,103.75257,278,31175
shape_J22CWL_12420_0,1.4848,103.75219,279,31218
shape_J22CWL_12420_0,1.48498,103.7516,280,31287
shape_J22CWL_12420_0,1.48505,103.75146,281,31304
shape_J22CWL_12420_0,1.48516,103.75131,282,31325
shape_J22CWL_12420_0,1.48525,103.75124,283,31338
shape_J22CWL_12420_0,1.48729,103.75137,284,31565
shape_J22CWL_12420_0,1.49054,103.75143,285,31926
shape_J22CWL_12420_0,1.49232,103.75143,286,32124
shape_J22CWL_12420_0,1.49322,103.75139,287,32224
shape_J22CWL_12420_0,1.49341,103.75142,288,32245
shape_J22CWL_12420_0,1.4944,103.75119,289,32358
shape_J22CWL_12420_0,1.49467,103.75111,290,32389
shape_J22CWL_12420_0,1.49482,103.75097,291,32412
shape_J22CWL_12420_0,1.49488,103.75095,292,32419
shape_J22CWL_12420_0,1.49492,103.75096,293,32424
shape_J22CWL_12420_0,1.49499,103.75101,294,32434
shape_J22CWL_12420_0,1.49542,103.75098,295,32482
shape_J22CWL_12420_0,1.49565,103.75094,296,32508
shape_J22CWL_12420_0,1.49591,103.75087,297,32538
shape_J22CWL_12420_0,1.49658,103.75061,298,32618
shape_J22CWL_12420_0,1.49711,103.75029,299,32687
shape_J22CWL_12420_0,1.4974,103.75006,300,32728
shape_J22CWL_12420_0,1.49753,103.74992,301,32749
shape_J22CWL_12420_0,1.49763,103.74976,302,32770
shape_J22CWL_12420_0,1.4978,103.74936,303,32818
shape_J22CWL_12420_0,1.49788,103.74912,304,32846
shape_J22CWL_12420_0,1.49795,103.74876,305,32887
shape_J22CWL_12420_0,1.49795,103.74836,306,32931
shape_J22CWL_12420_0,1.49792,103.74814,307,32956
shape_J22CWL_12420_0,1.49795,103.74806,308,32965
shape_J22CWL_12420_0,1.49784,103.74775,309,33002
shape_J22CWL_12420_0,1.49759,103.7468,310,33111
shape_J22CWL_12420_0,1.49747,103.74644,311,33153
shape_J22CWL_12420_0,1.49738,103.74632,312,33170
shape_J22CWL_12420_0,1.49731,103.74628,313,33179
shape_J22CWL_12420_0,1.49729,103.7462,314,33188
shape_J22CWL_12420_0,1.4973,103.74606,315,33204
shape_J22CWL_12420_0,1.49719,103.74571,316,33245
shape_J22CWL_12420_0,1.49715,103.74551,317,33268
shape_J22CWL_12420_0,1.49713,103.74549,318,33271
shape_J22CWL_12420_0,1.4971,103.74455,319,33376
shape_J22CWL_12420_0,1.49705,103.74422,320,33413
shape_J22CWL_12420_0,1.4969800000000009,103.7430794748688,321,33540
shape_J22CWL_12420_0,1.4968111825807915,103.74213758266447,322,33646
shape_J22CWL_12420_0,1.4967006099220206,103.74159358993529,323,33708
shape_J22CWL_12420_0,1.4964929193428342,103.74139729297636,324,33740
shape_J22CWL_12420_0,1.4941074439114945,103.74191183795931,325,34011
shape_J22CWL_12420_0,1.4939894668361353,103.74212105026247,326,34038
shape_J22CWL_12420_0,1.4941664324468207,103.74251265277864,327,34086
shape_J22CWL_12420_0,1.4944399247262021,103.74263603439333,328,34119
shape_J22CWL_12420_0,1.4947026917860635,103.74333877315523,329,34202
shape_J22CWL_12420_0,1.4950244473267615,103.74326903572084,330,34239
shape_J22CWL_12420_0,1.49487,103.74263,331,34312
shape_J22CWL_12419_1,1.49487,103.74263,0,0
shape_J22CWL_12419_1,1.495024447326736,103.74329049339296,1,75
shape_J22CWL_12419_1,1.495409676226036,103.74316218650816,2,120
shape_J22CWL_12419_1,1.4951347337094287,103.74168478291746,3,287
shape_J22CWL_12419_1,1.4941245245558616,103.74192300594328,4,402
shape_J22CWL_12419_1,1.493979582030074,103.74214586242675,5,432
shape_J22CWL_12419_1,1.494939333767761,103.74417798545839,6,682
shape_J22CWL_12419_1,1.4962748866392548,103.74670727912903,7,1000
shape_J22CWL_12419_1,1.4965293901955867,103.74671617462157,8,1028
shape_J22CWL_12419_1,1.4974573187070024,103.74614218650821,9,1149
shape_J22CWL_12419_1,1.4975259780606325,103.74621317790985,10,1160
shape_J22CWL_12419_1,1.49752,103.74633,11,1173
shape_J22CWL_12419_1,1.49759,103.74649,12,1192
shape_J22CWL_12419_1,1.49764,103.74665,13,1211
shape_J22CWL_12419_1,1.49795,103.74806,14,1371
shape_J22CWL_12419_1,1.49804,103.74847,15,1418
shape_J22CWL_12419_1,1.49803,103.74873,16,1447
shape_J22CWL_12419_1,1.49797,103.74903,17,1481
shape_J22CWL_12419_1,1.49787,103.74938,18,1521
shape_J22CWL_12419_1,1.49774,103.74967,19,1556
shape_J22CWL_12419_1,1.49763,103.74976,20,1572
shape_J22CWL_12419_1,1.49753,103.74992,21,1593
shape_J22CWL_12419_1,1.4974,103.75006,22,1614
shape_J22CWL_12419_1,1.49711,103.75029,23,1655
shape_J22CWL_12419_1,1.49658,103.75061,24,1724
shape_J22CWL_12419_1,1.49654,103.75074,25,1739
shape_J22CWL_12419_1,1.49542,103.75098,26,1866
shape_J22CWL_12419_1,1.49499,103.75111,27,1916
shape_J22CWL_12419_1,1.49495,103.75117,28,1924
shape_J22CWL_12419_1,1.49488,103.7512,29,1932
shape_J22CWL_12419_1,1.49482,103.75118,30,1939
shape_J22CWL_12419_1,1.4944,103.75119,31,1986
shape_J22CWL_12419_1,1.49351,103.75136,32,2087
shape_J22CWL_12419_1,1.49341,103.75142,33,2100
shape_J22CWL_12419_1,1.49322,103.75139,34,2121
shape_J22CWL_12419_1,1.49232,103.75143,35,2221
shape_J22CWL_12419_1,1.49054,103.75143,36,2419
shape_J22CWL_12419_1,1.48811,103.75135,37,2689
shape_J22CWL_12419_1,1.48729,103.75137,38,2780
shape_J22CWL_12419_1,1.48636,103.75126,39,2884
shape_J22CWL_12419_1,1.48525,103.75124,40,3007
shape_J22CWL_12419_1,1.48516,103.75131,41,3020
shape_J22CWL_12419_1,1.48505,103.75146,42,3041
shape_J22CWL_12419_1,1.48498,103.7516,43,3058
shape_J22CWL_12419_1,1.4848,103.75219,44,3127
shape_J22CWL_12419_1,1.48472,103.75257,45,3170
shape_J22CWL_12419_1,1.48466,103.75309,46,3228
shape_J22CWL_12419_1,1.4848,103.7532,47,3248
shape_J22CWL_12419_1,1.48496,103.75372,48,3308
shape_J22CWL_12419_1,1.48506,103.7538,49,3322
shape_J22CWL_12419_1,1.48541,103.75403,50,3369
shape_J22CWL_12419_1,1.4861,103.75455,51,3465
shape_J22CWL_12419_1,1.48726,103.75521,52,3613
shape_J22CWL_12419_1,1.48758,103.75534,53,3651
shape_J22CWL_12419_1,1.48837,103.75547,54,3740
shape_J22CWL_12419_1,1.48888,103.75569,55,3802
shape_J22CWL_12419_1,1.48932,103.75604,56,3865
shape_J22CWL_12419_1,1.48975,103.75638,57,3926
shape_J22CWL_12419_1,1.49002,103.7565,58,3959
shape_J22CWL_12419_1,1.49128,103.75681,59,4103
shape_J22CWL_12419_1,1.49158,103.75698,60,4141
shape_J22CWL_12419_1,1.49229,103.75728,61,4227
shape_J22CWL_12419_1,1.49267,103.75749,62,4275
shape_J22CWL_12419_1,1.49325,103.75797,63,4359
shape_J22CWL_12419_1,1.49342,103.75804,64,4379
shape_J22CWL_12419_1,1.49357,103.75815,65,4400
shape_J22CWL_12419_1,1.49395,103.75849,66,4457
shape_J22CWL_12419_1,1.49403,103.75859,67,4471
shape_J22CWL_12419_1,1.49438,103.7589,68,4523
shape_J22CWL_12419_1,1.49452,103.75907,69,4547
shape_J22CWL_12419_1,1.49503,103.75985,70,4651
shape_J22CWL_12419_1,1.49643,103.76196,71,4933
shape_J22CWL_12419_1,1.4984,103.76479,72,5316
shape_J22CWL_12419_1,1.49852,103.76489,73,5333
shape_J22CWL_12419_1,1.49882,103.76539,74,5398
shape_J22CWL_12419_1,1.49881,103.76544,75,5404
shape_J22CWL_12419_1,1.49873,103.76553,76,5417
shape_J22CWL_12419_1,1.49864,103.76559,77,5429
shape_J22CWL_12419_1,1.49629,103.76601,78,5694
shape_J22CWL_12419_1,1.496,103.76613,79,5729
shape_J22CWL_12419_1,1.49581,103.76618,80,5751
shape_J22CWL_12419_1,1.49545,103.76624,81,5792
shape_J22CWL_12419_1,1.4953,103.76631,82,5810
shape_J22CWL_12419_1,1.49525,103.76637,83,5819
shape_J22CWL_12419_1,1.4952,103.76668,84,5854
shape_J22CWL_12419_1,1.4952,103.76674,85,5861
shape_J22CWL_12419_1,1.49598,103.77645,86,6944
shape_J22CWL_12419_1,1.4964,103.78248,87,7616
shape_J22CWL_12419_1,1.49648,103.7827,88,7642
shape_J22CWL_12419_1,1.49595,103.78296,89,7708
shape_J22CWL_12419_1,1.49607,103.78403,90,7828
shape_J22CWL_12419_1,1.49612,103.78418,91,7846
shape_J22CWL_12419_1,1.49606,103.78443,92,7875
shape_J22CWL_12419_1,1.49608,103.78476,93,7912
shape_J22CWL_12419_1,1.49615,103.7851,94,7951
shape_J22CWL_12419_1,1.49636,103.78569,95,8021
shape_J22CWL_12419_1,1.49643,103.78581,96,8036
shape_J22CWL_12419_1,1.4966,103.78604,97,8068
shape_J22CWL_12419_1,1.49673,103.78627,98,8097
shape_J22CWL_12419_1,1.4968,103.78653,99,8127
shape_J22CWL_12419_1,1.49688,103.78718,100,8200
shape_J22CWL_12419_1,1.49685,103.78738,101,8222
shape_J22CWL_12419_1,1.49699,103.78899,102,8402
shape_J22CWL_12419_1,1.49709,103.78918,103,8426
shape_J22CWL_12419_1,1.49724,103.79187,104,8725
shape_J22CWL_12419_1,1.49723,103.79221,105,8763
shape_J22CWL_12419_1,1.49615,103.79729,106,9340
shape_J22CWL_12419_1,1.49493,103.80024,107,9695
shape_J22CWL_12419_1,1.49343,103.80295,108,10039
shape_J22CWL_12419_1,1.49285,103.80416,109,10188
shape_J22CWL_12419_1,1.49263,103.80473,110,10256
shape_J22CWL_12419_1,1.49247,103.80522,111,10313
shape_J22CWL_12419_1,1.49227,103.80695,112,10507
shape_J22CWL_12419_1,1.49228,103.80751,113,10569
shape_J22CWL_12419_1,1.49232,103.80792,114,10615
shape_J22CWL_12419_1,1.49238,103.80831,115,10659
shape_J22CWL_12419_1,1.49246,103.80865,116,10698
shape_J22CWL_12419_1,1.49381,103.81227,117,11127
shape_J22CWL_12419_1,1.49401,103.81302,118,11213
shape_J22CWL_12419_1,1.49451,103.81556,119,11501
shape_J22CWL_12419_1,1.49459,103.81626,120,11579
shape_J22CWL_12419_1,1.49463,103.81836,121,11812
shape_J22CWL_12419_1,1.49472,103.81859,122,11839
shape_J22CWL_12419_1,1.49459,103.81974,123,11968
shape_J22CWL_12419_1,1.49446,103.82299,124,12330
shape_J22CWL_12419_1,1.49408,103.82466,125,12520
shape_J22CWL_12419_1,1.49405,103.82492,126,12549
shape_J22CWL_12419_1,1.49285,103.83015,127,13145
shape_J22CWL_12419_1,1.49283,103.83069,128,13205
shape_J22CWL_12419_1,1.49277,103.83104,129,13244
shape_J22CWL_12419_1,1.49259,103.83155,130,13304
shape_J22CWL_12419_1,1.49242,103.83188,131,13345
shape_J22CWL_12419_1,1.49224,103.83231,132,13397
shape_J22CWL_12419_1,1.49051,103.83923,133,14190
shape_J22CWL_12419_1,1.49041,103.83994,134,14270
shape_J22CWL_12419_1,1.49036,103.84019,135,14298
shape_J22CWL_12419_1,1.49026,103.84055,136,14340
shape_J22CWL_12419_1,1.49025,103.84075,137,14362
shape_J22CWL_12419_1,1.49026,103.84094,138,14383
shape_J22CWL_12419_1,1.49035,103.8411,139,14403
shape_J22CWL_12419_1,1.49057,103.84137,140,14442
shape_J22CWL_12419_1,1.4909,103.84168,141,14492
shape_J22CWL_12419_1,1.49153,103.84204,142,14573
shape_J22CWL_12419_1,1.49217,103.84251,143,14661
shape_J22CWL_12419_1,1.49477,103.84426,144,15009
shape_J22CWL_12419_1,1.49481,103.84435,145,15020
shape_J22CWL_12419_1,1.49516,103.84451,146,15063
shape_J22CWL_12419_1,1.49761,103.84596,147,15380
shape_J22CWL_12419_1,1.50069,103.84853,148,15826
shape_J22CWL_12419_1,1.50135,103.84895,149,15913
shape_J22CWL_12419_1,1.50096,103.84949,150,15987
shape_J22CWL_12419_1,1.49998,103.85096,151,16183
shape_J22CWL_12419_1,1.49866,103.85289,152,16443
shape_J22CWL_12419_1,1.49879,103.85274,153,16465
shape_J22CWL_12419_1,1.49811,103.85377,154,16602
shape_J22CWL_12419_1,1.49812,103.85381,155,16607
shape_J22CWL_12419_1,1.49732,103.85512,156,16778
shape_J22CWL_12419_1,1.49645,103.8546,157,16891
shape_J22CWL_12419_1,1.49668,103.85477,158,16923
shape_J22CWL_12419_1,1.49537,103.85387,159,17100
shape_J22CWL_12419_1,1.494310839957358,103.8529221005249,160,17258
shape_J22CWL_12419_1,1.49491,103.85224,161,17359
shape_J22CWL_12419_1,1.4955851899686854,103.8514768809509,162,17472
shape_J22CWL_12419_1,1.493813244438652,103.84951286109927,163,17766
shape_J22CWL_12419_1,1.4926466795105855,103.84871641929628,164,17923
shape_J22CWL_12419_1,1.49178,103.85013,165,18107
shape_J22CWL_12419_1,1.4916327869178134,103.85035623809814,166,18137
shape_J22CWL_12419_1,1.49007,103.84939,167,18341
shape_J22CWL_12419_1,1.48977,103.8499,168,18407
shape_J22CWL_12419_1,1.48906,103.85099,169,18552
shape_J22CWL_12419_1,1.48722,103.8544,170,18983
shape_J22CWL_12419_1,1.48711,103.85466,171,19014
shape_J22CWL_12419_1,1.4871,103.8549,172,19041
shape_J22CWL_12419_1,1.48711,103.85541,173,19098
shape_J22CWL_12419_1,1.48716,103.85568,174,19129
shape_J22CWL_12419_1,1.48726,103.856,175,19166
shape_J22CWL_12419_1,1.48747,103.85649,176,19225
shape_J22CWL_12419_1,1.48771,103.85696,177,19284
shape_J22CWL_12419_1,1.48792,103.85744,178,19342
shape_J22CWL_12419_1,1.48677,103.85794,179,19481
shape_J22CWL_12419_1,1.4858844234090327,103.85838702579498,180,19591
shape_J22CWL_12419_1,1.4847003573843562,103.8589488048935,181,19737
shape_J22CWL_12419_1,1.48442,103.85929,182,19786
shape_J22CWL_12419_1,1.4834967716546799,103.86056959259037,183,19961
shape_J22CWL_12419_1,1.484494943986689,103.86138040971755,184,20104
shape_J22CWL_12419_1,1.48513,103.86179,185,20188
shape_J22CWL_12419_1,1.48641,103.86278,186,20368
shape_J22CWL_12419_1,1.48622,103.86298,187,20399
shape_J22CWL_12419_1,1.4839,103.86503,188,20743
shape_J22CWL_12419_1,1.483369100652849,103.86552889087679,189,20824
shape_J22CWL_12419_1,1.4839,103.86611,190,20912
shape_J22CWL_12419_1,1.484410071188668,103.86667661376951,191,20997
shape_J22CWL_12419_1,1.48477,103.86707,192,21056
shape_J22CWL_12419_1,1.4854,103.86771,193,21156
shape_J22CWL_12419_1,1.48557,103.86792,194,21186
shape_J22CWL_12419_1,1.48577,103.86813,195,21218
shape_J22CWL_12419_1,1.48629,103.86856,196,21293
shape_J22CWL_12419_1,1.48874,103.87018,197,21620
shape_J22CWL_12419_1,1.4891515835769749,103.87045407871244,198,21675
shape_J22CWL_12419_1,1.49048,103.86869,199,21921
shape_J22CWL_12419_1,1.49136,103.8676,200,22077
shape_J22CWL_12419_1,1.49184,103.86699,201,22163
shape_J22CWL_12419_1,1.49244,103.86747,202,22248
shape_J22CWL_12419_1,1.4954,103.86975,203,22663
shape_J22CWL_12419_1,1.49615,103.87012,204,22756
shape_J22CWL_12419_1,1.49737,103.87098,205,22922
shape_J22CWL_12419_1,1.4970830531376171,103.87146933002474,206,22985
shape_J22CWL_12419_1,1.49699,103.87177,207,23020
shape_J22CWL_12419_1,1.49669,103.87206,208,23066
shape_J22CWL_12419_1,1.49662,103.87235,209,23099
shape_J22CWL_12419_1,1.4966297136454803,103.87318443187712,210,23192
shape_J22CWL_12419_1,1.4966055819992246,103.87360804662704,211,23239
shape_J22CWL_12419_1,1.49666,103.87374,212,23255
shape_J22CWL_12419_1,1.49667,103.87378,213,23260
shape_J22CWL_12419_1,1.49666,103.87383,214,23266
shape_J22CWL_12419_1,1.49661,103.87389,215,23275
shape_J22CWL_12419_1,1.49653,103.87389,216,23284
shape_J22CWL_12419_1,1.49647,103.87385,217,23292
shape_J22CWL_12419_1,1.49645,103.87381,218,23297
shape_J22CWL_12419_1,1.49501,103.87364,219,23458
shape_J22CWL_12419_1,1.4943554773769612,103.8735825079346,220,23531
shape_J22CWL_12419_1,1.49374,103.8735,221,23600
shape_J22CWL_12419_1,1.4933312976977169,103.87341469444274,222,23646
shape_J22CWL_12419_1,1.4932449904355662,103.8738999411392,223,23701
shape_J22CWL_12419_1,1.49317,103.87432,224,23748
shape_J22CWL_12419_1,1.49303,103.87498,225,23823
shape_J22CWL_12419_1,1.49259,103.87802,226,24164
shape_J22CWL_12419_1,1.49241,103.87899,227,24274
shape_J22CWL_12419_1,1.49232,103.87918,228,24297
shape_J22CWL_12419_1,1.49206,103.87946,229,24339
shape_J22CWL_12419_1,1.49044,103.88103,230,24590
shape_J22CWL_12419_1,1.49011,103.88117,231,24630
shape_J22CWL_12419_1,1.48917,103.8813,232,24736
shape_J22CWL_12419_1,1.48875,103.8814,233,24784
shape_J22CWL_12419_1,1.488133646131585,103.88161688095093,234,24857
shape_J22CWL_12419_1,1.48789,103.88181,235,24892
shape_J22CWL_12419_1,1.48733,103.88203,236,24959
shape_J22CWL_12419_1,1.48694,103.88233,237,25014
shape_J22CWL_12419_1,1.48682,103.88245,238,25033
shape_J22CWL_12419_1,1.48671,103.88259,239,25053
shape_J22CWL_12419_1,1.48665,103.88271,240,25068
shape_J22CWL_12419_1,1.48655,103.88316,241,25119
shape_J22CWL_12419_1,1.4864826148707893,103.8850730330658,242,25332
shape_J22CWL_12419_1,1.48682,103.88541,243,25385
shape_J22CWL_12419_1,1.4864450765811519,103.88559635581967,244,25432
shape_J22CWL_12419_1,1.4867407658259344,103.88647810317993,245,25535
shape_J22CWL_12419_1,1.4868761487655826,103.88777952911374,246,25680
shape_J22CWL_12419_1,1.486776802917362,103.88818623809816,247,25727
shape_J22CWL_12419_1,1.4860954651185925,103.89005503837585,248,25948
shape_J22CWL_12419_1,1.4858100820675533,103.89105184821119,249,26063
shape_J22CWL_12419_1,1.482356527211899,103.89163530555723,250,26452
shape_J22CWL_12419_1,1.48148,103.89174,251,26550
shape_J22CWL_12419_1,1.48094,103.8918,252,26610
shape_J22CWL_12419_1,1.48049,103.89196,253,26663
shape_J22CWL_12419_1,1.479562990540826,103.89245615211487,254,26780
shape_J22CWL_12419_1,1.4791061772100609,103.89310874603271,255,26869
shape_J22CWL_12419_1,1.4785793424294724,103.89430189220428,256,27014
shape_J22CWL_12419_1,1.47808,103.89549,257,27157
shape_J22CWL_12419_1,1.4777272092828686,103.89640985515595,258,27267
shape_J22CWL_12419_1,1.4778445295232678,103.8966733544922,259,27299
shape_J22CWL_12419_1,1.4786196496737574,103.89703084655761,260,27394
shape_J22CWL_12419_1,1.47939,103.89739,261,27489
shape_J22CWL_12419_1,1.48165,103.89836,262,27762
shape_J22CWL_12419_1,1.48246,103.8987,263,27860
shape_J22CWL_12419_1,1.48277,103.8989,264,27901
shape_J22CWL_12419_1,1.48313,103.89917,265,27951
shape_J22CWL_12419_1,1.48333,103.89934,266,27980
shape_J22CWL_12419_1,1.48377,103.89983,267,28053
shape_J22CWL_12419_1,1.48385,103.89997,268,28071
shape_J22CWL_12419_1,1.48399,103.90021,269,28102
shape_J22CWL_12419_1,1.48412,103.90062,270,28150
shape_J22CWL_12419_1,1.48416,103.9008,271,28170
shape_J22CWL_12419_1,1.4842,103.90108,272,28201
shape_J22CWL_12419_1,1.48419,103.90147,273,28244
shape_J22CWL_12419_1,1.4841,103.90192,274,28295
shape_J22CWL_12419_1,1.48373,103.90298,275,28420
shape_J22CWL_12419_1,1.48296,103.9047,276,28629
shape_J22CWL_12419_1,1.48295,103.90474,277,28634
shape_J22CWL_12419_1,1.48296,103.90478,278,28639
shape_J22CWL_12419_1,1.48301,103.90484,279,28648
shape_J22CWL_12419_1,1.4843,103.90533,280,28801
shape_J22CWL_12419_1,1.48457,103.90538,281,28832
shape_J22CWL_12419_1,1.48488,103.90541,282,28867
shape_J22CWL_12419_1,1.48502,103.9054,283,28883
shape_J22CWL_12419_1,1.4852,103.90536,284,28904
shape_J22CWL_12419_1,1.48583,103.90513,285,28979
shape_J22CWL_12419_1,1.48734,103.90442,286,29165
shape_J22CWL_12419_1,1.48752,103.9048,287,29212
shape_J22CWL_12419_1,1.48752,103.90487,288,29220
shape_J22CWL_12419_1,1.48799,103.90586,289,29342
shape_J22CWL_12419_1,1.48809,103.90602,290,29363
shape_J22CWL_12419_1,1.48836,103.90668,291,29442
shape_J22CWL_12419_1,1.48856,103.9072,292,29504
shape_J22CWL_12419_1,1.48857,103.90753,293,29541
shape_J22CWL_12419_1,1.48854,103.90777,294,29568
shape_J22CWL_12419_1,1.48805,103.90912,295,29728
shape_J22CWL_12419_1,1.488,103.90948,296,29768
shape_J22CWL_12419_1,1.48785,103.91162,297,30006
shape_J22CWL_12419_1,1.48793,103.91186,298,30034
shape_J22CWL_12419_1,1.48782,103.9122,299,30074
shape_J22CWL_12419_1,1.48796,103.91253,300,30114
shape_J22CWL_12419_1,1.48807,103.91483,301,30370
shape_J22CWL_12419_1,1.48791,103.9149,302,30389
shape_J22CWL_12419_1,1.48741,103.91523,303,30456
shape_J22CWL_12419_1,1.48724,103.91549,304,30491
shape_J22CWL_12419_1,1.48708,103.91579,305,30529
shape_J22CWL_12419_1,1.48703,103.91592,306,30544
shape_J22CWL_12419_1,1.48701,103.91603,307,30556
shape_J22CWL_12419_1,1.48701,103.91611,308,30565
shape_J22CWL_12419_1,1.48704,103.91618,309,30573
shape_J22CWL_12419_1,1.4871,103.91627,310,30585
shape_J22CWL_12419_1,1.48995,103.91777,311,30943
shape_J22CWL_12419_1,1.49247,103.91915,312,31262
shape_J22CWL_12419_1,1.49508,103.92078,313,31604
shape_J22CWL_12419_1,1.49483,103.92118,314,31656
shape_J22CWL_12419_1,1.49457,103.92151,315,31703
shape_J22CWL_12419_1,1.49322,103.92298,316,31925
shape_J22CWL_12419_1,1.49135,103.92487,317,32221
shape_J22CWL_12419_1,1.49127,103.92497,318,32235
shape_J22CWL_12419_1,1.49111,103.92539,319,32285
shape_J22CWL_12419_1,1.49067,103.92687,320,32457
shape_J22CWL_12419_1,1.49044,103.9275,321,32532
shape_J22CWL_12419_1,1.49043,103.92814,322,32603
shape_J22CWL_12419_1,1.49049,103.93277,323,33118
shape_J22CWL_12419_1,1.48963,103.93277,324,33214
shape_J22CWL_12419_1,1.48911,103.93287,325,33273
shape_J22CWL_12419_1,1.48896,103.93291,326,33290
shape_J22CWL_12419_1,1.48819,103.93329,327,33385
shape_J22CWL_12419_1,1.48539,103.93394,328,33705
shape_J22CWL_12419_1,1.48456,103.93403,329,33798
shape_J22CWL_12419_1,1.48451,103.93406,330,33804
shape_J22CWL_12419_1,1.48446,103.93411,331,33812
shape_J22CWL_12419_1,1.48444,103.93428,332,33831
shape_J22CWL_12419_1,1.48444,103.9359,333,34011
shape_J31CWLMYJB_0,1.52741,103.58221,0,0
shape_J31CWLMYJB_0,1.52974,103.58166,1,266
shape_J31CWLMYJB_0,1.53265,103.58174,2,590
shape_J31CWLMYJB_0,1.53456,103.58178,3,802
shape_J31CWLMYJB_0,1.5383,103.58189,4,1218
shape_J31CWLMYJB_0,1.5398,103.5819,5,1385
shape_J31CWLMYJB_0,1.54018,103.58181,6,1428
shape_J31CWLMYJB_0,1.54049,103.58168,7,1465
shape_J31CWLMYJB_0,1.5421,103.58087,8,1665
shape_J31CWLMYJB_0,1.54277,103.58063,9,1744
shape_J31CWLMYJB_0,1.54304,103.58057,10,1775
shape_J31CWLMYJB_0,1.54315,103.58056,11,1787
shape_J31CWLMYJB_0,1.54393,103.58054,12,1874
shape_J31CWLMYJB_0,1.54409,103.58059,13,1893
shape_J31CWLMYJB_0,1.54511,103.5806,14,2006
shape_J31CWLMYJB_0,1.5523,103.58052,15,2806
shape_J31CWLMYJB_0,1.55323,103.58053,16,2909
shape_J31CWLMYJB_0,1.55361,103.58051,17,2951
shape_J31CWLMYJB_0,1.55413,103.58035,18,3011
shape_J31CWLMYJB_0,1.55439,103.58025,19,3042
shape_J31CWLMYJB_0,1.5545,103.58027,20,3054
shape_J31CWLMYJB_0,1.55455,103.5803,21,3060
shape_J31CWLMYJB_0,1.55454,103.58037,22,3068
shape_J31CWLMYJB_0,1.55446,103.58046,23,3081
shape_J31CWLMYJB_0,1.55389,103.58062,24,3147
shape_J31CWLMYJB_0,1.55371,103.58065,25,3167
shape_J31CWLMYJB_0,1.55349,103.58067,26,3192
shape_J31CWLMYJB_0,1.55256,103.58065,27,3295
shape_J31CWLMYJB_0,1.55246,103.58068,28,3307
shape_J31CWLMYJB_0,1.55242,103.58073,29,3314
shape_J31CWLMYJB_0,1.5524,103.58088,30,3331
shape_J31CWLMYJB_0,1.5524,103.58099,31,3343
shape_J31CWLMYJB_0,1.55311,103.58365,32,3649
shape_J31CWLMYJB_0,1.55342,103.58459,33,3759
shape_J31CWLMYJB_0,1.55345,103.58475,34,3777
shape_J31CWLMYJB_0,1.55338,103.58648,35,3969
shape_J31CWLMYJB_0,1.55336,103.588,36,4138
shape_J31CWLMYJB_0,1.5534500000000084,103.58937755092622,37,4291
shape_J31CWLMYJB_0,1.55394,103.58939,38,4346
shape_J31CWLMYJB_0,1.55527,103.58937,39,4494
shape_J31CWLMYJB_0,1.55757,103.58943,40,4750
shape_J31CWLMYJB_0,1.5583,103.58945,41,4831
shape_J31CWLMYJB_0,1.55903,103.58969,42,4916
shape_J31CWLMYJB_0,1.55906,103.58966,43,4921
shape_J31CWLMYJB_0,1.55915,103.58964,44,4931
shape_J31CWLMYJB_0,1.55921,103.58965,45,4938
shape_J31CWLMYJB_0,1.55927,103.5897,46,4947
shape_J31CWLMYJB_0,1.5593,103.58977,47,4955
shape_J31CWLMYJB_0,1.55929,103.58985,48,4964
shape_J31CWLMYJB_0,1.55925,103.58992,49,4973
shape_J31CWLMYJB_0,1.559176,103.589929,50,4981
shape_J31CWLMYJB_0,1.559105,103.589927,51,4989
shape_J31CWLMYJB_0,1.559018222909215,103.59006314847946,52,5007
shape_J31CWLMYJB_0,1.55897,103.59015,53,5018
shape_J31CWLMYJB_0,1.55858,103.59098,54,5120
shape_J31CWLMYJB_0,1.55731,103.5935,55,5434
shape_J31CWLMYJB_0,1.55718,103.59382,56,5472
shape_J31CWLMYJB_0,1.55721,103.59394,57,5486
shape_J31CWLMYJB_0,1.55739,103.5942,58,5521
shape_J31CWLMYJB_0,1.55849,103.59523,59,5689
shape_J31CWLMYJB_0,1.56014,103.5972,60,5975
shape_J31CWLMYJB_0,1.5609771156638228,103.59813069709777,61,6114
shape_J31CWLMYJB_0,1.56238,103.5981,62,6270
shape_J31CWLMYJB_0,1.56419,103.59813,63,6471
shape_J31CWLMYJB_0,1.56419,103.59813,64,6471
shape_J31CWLMYJB_0,1.56549,103.59807,65,6616
shape_J31CWLMYJB_0,1.5663,103.59812,66,6706
shape_J31CWLMYJB_0,1.56639,103.59812,67,6716
shape_J31CWLMYJB_0,1.56671,103.59814,68,6752
shape_J31CWLMYJB_0,1.56663,103.59875,69,6820
shape_J31CWLMYJB_0,1.56637,103.60082,70,7052
shape_J31CWLMYJB_0,1.56639,103.60287,71,7280
shape_J31CWLMYJB_0,1.56663,103.60605,72,7634
shape_J31CWLMYJB_0,1.56667,103.60679,73,7716
shape_J31CWLMYJB_0,1.56665,103.60847,74,7903
shape_J31CWLMYJB_0,1.56656,103.60906,75,7969
shape_J31CWLMYJB_0,1.5666,103.60918,76,7983
shape_J31CWLMYJB_0,1.56642,103.60962,77,8036
shape_J31CWLMYJB_0,1.56591,103.61144,78,8246
shape_J31CWLMYJB_0,1.5653898457102309,103.61284547752379,79,8413
shape_J31CWLMYJB_0,1.5668001606500177,103.61343019908904,80,8583
shape_J31CWLMYJB_0,1.5685429439596505,103.61278037480166,81,8790
shape_J31CWLMYJB_0,1.5691488959704027,103.61252824715426,82,8863
shape_J31CWLMYJB_0,1.5697280357811738,103.61232976368716,83,8931
shape_J31CWLMYJB_0,1.57006,103.6124,84,8969
shape_J31CWLMYJB_0,1.57059,103.61223,85,9031
shape_J31CWLMYJB_0,1.571421172253396,103.61220854232785,86,9123
shape_J31CWLMYJB_0,1.57144,103.61345,87,9261
shape_J31CWLMYJB_0,1.57142,103.6155,88,9489
shape_J31CWLMYJB_0,1.57133,103.61695,89,9650
shape_J31CWLMYJB_0,1.5712227519812165,103.6188382751465,90,9860
shape_J31CWLMYJB_0,1.57023,103.61893,91,9971
shape_J31CWLMYJB_0,1.5685,103.61897,92,10163
shape_J31CWLMYJB_0,1.56731,103.6189,93,10296
shape_J31CWLMYJB_0,1.56378,103.61888,94,10689
shape_J31CWLMYJB_0,1.5625788175451643,103.61880489814757,95,10823
shape_J31CWLMYJB_0,1.5621230115231393,103.61868688095092,96,10875
shape_J31CWLMYJB_0,1.5618150072507928,103.61886793005942,97,10915
shape_J31CWLMYJB_0,1.5617342357203257,103.61906574297427,98,10939
shape_J31CWLMYJB_0,1.561674,103.619159,99,10951
shape_J31CWLMYJB_0,1.561587,103.619297,100,10969
shape_J31CWLMYJB_0,1.561476,103.619471,101,10992
shape_J31CWLMYJB_0,1.561158,103.619945,102,11055
shape_J31CWLMYJB_0,1.560699,103.620558,103,11140
shape_J31CWLMYJB_0,1.560008,103.62143,104,11264
shape_J31CWLMYJB_0,1.559237,103.622339,105,11397
shape_J31CWLMYJB_0,1.558279,103.623442,106,11559
shape_J31CWLMYJB_0,1.557355,103.624408,107,11708
shape_J31CWLMYJB_0,1.556848,103.624922,108,11788
shape_J31CWLMYJB_0,1.555969,103.62582,109,11928
shape_J31CWLMYJB_0,1.555567,103.626227,110,11992
shape_J31CWLMYJB_0,1.555132,103.626681,111,12062
shape_J31CWLMYJB_0,1.554876,103.626975,112,12105
shape_J31CWLMYJB_0,1.554625,103.627259,113,12147
shape_J31CWLMYJB_0,1.554165,103.627801,114,12226
shape_J31CWLMYJB_0,1.553692,103.628347,115,12306
shape_J31CWLMYJB_0,1.553565,103.628524,116,12330
shape_J31CWLMYJB_0,1.553297,103.628809,117,12373
shape_J31CWLMYJB_0,1.553073,103.629045,118,12409
shape_J31CWLMYJB_0,1.552875,103.629258,119,12441
shape_J31CWLMYJB_0,1.552834,103.629349,120,12452
shape_J31CWLMYJB_0,1.552833,103.629444,121,12463
shape_J31CWLMYJB_0,1.552856,103.629527,122,12473
shape_J31CWLMYJB_0,1.552913,103.629608,123,12484
shape_J31CWLMYJB_0,1.553014,103.629724,124,12501
shape_J31CWLMYJB_0,1.552866,103.629895,125,12526
shape_J31CWLMYJB_0,1.552434,103.630374,126,12598
shape_J31CWLMYJB_0,1.552284,103.630547,127,12623
shape_J31CWLMYJB_0,1.552214,103.630694,128,12641
shape_J31CWLMYJB_0,1.552155,103.630827,129,12657
shape_J31CWLMYJB_0,1.552134,103.630939,130,12670
shape_J31CWLMYJB_0,1.552095,103.631489,131,12731
shape_J31CWLMYJB_0,1.552054,103.631919,132,12779
shape_J31CWLMYJB_0,1.552022,103.632072,133,12796
shape_J31CWLMYJB_0,1.551977,103.632176,134,12809
shape_J31CWLMYJB_0,1.551891,103.632305,135,12826
shape_J31CWLMYJB_0,1.551779,103.632419,136,12844
shape_J31CWLMYJB_0,1.551614,103.632584,137,12870
shape_J31CWLMYJB_0,1.551295,103.632317,138,12916
shape_J31CWLMYJB_0,1.55056,103.631701,139,13023
shape_J31CWLMYJB_0,1.550181,103.631386,140,13078
shape_J31CWLMYJB_0,1.5499959220729775,103.6312287718277,141,13105
shape_J31CWLMYJB_0,1.549926,103.631232,142,13113
shape_J31CWLMYJB_0,1.549803,103.631228,143,13127
shape_J31CWLMYJB_0,1.549716,103.631229,144,13137
shape_J31CWLMYJB_0,1.549631,103.631236,145,13146
shape_J31CWLMYJB_0,1.549409,103.631319,146,13172
shape_J31CWLMYJB_0,1.549274,103.631418,147,13191
shape_J31CWLMYJB_0,1.549163,103.631535,148,13209
shape_J31CWLMYJB_0,1.548994,103.631783,149,13242
shape_J31CWLMYJB_0,1.548897,103.631929,150,13261
shape_J31CWLMYJB_0,1.548845,103.632062,151,13277
shape_J31CWLMYJB_0,1.548807,103.632368,152,13311
shape_J31CWLMYJB_0,1.548799,103.632492,153,13325
shape_J31CWLMYJB_0,1.54885,103.632596,154,13338
shape_J31CWLMYJB_0,1.548898,103.632674,155,13348
shape_J31CWLMYJB_0,1.548995,103.632713,156,13360
shape_J31CWLMYJB_0,1.549118,103.632707,157,13374
shape_J31CWLMYJB_0,1.549283,103.632657,158,13393
shape_J31CWLMYJB_0,1.549779,103.632213,159,13467
shape_J31CWLMYJB_0,1.550542,103.631489,160,13584
shape_J31CWLMYJB_0,1.551205,103.630853,161,13686
shape_J31CWLMYJB_0,1.551718,103.630371,162,13764
shape_J31CWLMYJB_0,1.552386,103.629631,163,13875
shape_J31CWLMYJB_0,1.553404,103.62847,164,14047
shape_J31CWLMYJB_0,1.554224,103.627466,165,14191
shape_J31CWLMYJB_0,1.55493,103.626641,166,14312
shape_J31CWLMYJB_0,1.555444,103.626116,167,14394
shape_J31CWLMYJB_0,1.556023,103.625545,168,14484
shape_J31CWLMYJB_0,1.556557,103.625037,169,14566
shape_J31CWLMYJB_0,1.557385,103.62421,170,14696
shape_J31CWLMYJB_0,1.558593,103.622922,171,14892
shape_J31CWLMYJB_0,1.55915,103.622273,172,14987
shape_J31CWLMYJB_0,1.560086,103.621139,173,15150
shape_J31CWLMYJB_0,1.560646,103.620441,174,15249
shape_J31CWLMYJB_0,1.560682,103.620342,175,15261
shape_J31CWLMYJB_0,1.560674,103.620267,176,15269
shape_J31CWLMYJB_0,1.56066,103.620182,177,15279
shape_J31CWLMYJB_0,1.560622,103.620118,178,15287
shape_J31CWLMYJB_0,1.560587,103.620044,179,15296
shape_J31CWLMYJB_0,1.560552,103.620001,180,15302
shape_J31CWLMYJB_0,1.559983403110295,103.61980804431914,181,15369
shape_J31CWLMYJB_0,1.5595597711112377,103.61973830688476,182,15417
shape_J31CWLMYJB_0,1.55933454900107,103.61980804431914,183,15443
shape_J31CWLMYJB_0,1.5587714936202215,103.62072535980224,184,15563
shape_J31CWLMYJB_0,1.5577955306034272,103.62222739685058,185,15762
shape_J31CWLMYJB_0,1.5567659427549934,103.62313934791564,186,15915
shape_J31CWLMYJB_0,1.5553556210840842,103.62371870506286,187,16085
shape_J31CWLMYJB_0,1.553945298470573,103.62432488430022,188,16256
shape_J31CWLMYJB_0,1.5526100491967512,103.62495788562774,189,16420
shape_J31CWLMYJB_0,1.5516716204875143,103.62542995441436,190,16537
shape_J31CWLMYJB_0,1.55029,103.62425,191,16739
shape_J31CWLMYJB_0,1.5493891074593849,103.62340242195131,192,16877
shape_J31CWLMYJB_0,1.5484935769946286,103.62237294443952,193,17029
shape_J31CWLMYJB_0,1.5480431303902766,103.6219008756529,194,17102
shape_J31CWLMYJB_0,1.54673,103.62319,195,17307
shape_J31CWLMYJB_0,1.54392,103.62594,196,17744
shape_J31CWLMYJB_0,1.5428,103.62712,197,17925
shape_J31CWLMYJB_0,1.54169,103.6282,198,18097
shape_J31CWLMYJB_0,1.5409821530263539,103.62881154365539,199,18201
shape_J31CWLMYJB_0,1.53757,103.62539,200,18738
shape_J31CWLMYJB_0,1.53599,103.6238,201,18987
shape_J31CWLMYJB_0,1.53436,103.62227,202,19236
shape_J31CWLMYJB_0,1.5333436092938797,103.6211875284195,203,19401
shape_J31CWLMYJB_0,1.53385,103.62057,204,19490
shape_J31CWLMYJB_0,1.536,103.61822,205,19844
shape_J31CWLMYJB_0,1.5369666433614753,103.61734489747577,206,19989
shape_J31CWLMYJB_0,1.537470717179753,103.61685941764408,207,20067
shape_J31CWLMYJB_0,1.537650360479845,103.61660460778766,208,20102
shape_J31CWLMYJB_0,1.5376932603701736,103.61635516234928,209,20130
shape_J31CWLMYJB_0,1.5376101418319084,103.61612181016498,210,20158
shape_J31CWLMYJB_0,1.53718,103.61565,211,20229
shape_J31CWLMYJB_0,1.53571,103.61411,212,20466
shape_J31CWLMYJB_0,1.53401,103.61237,213,20736
shape_J31CWLMYJB_0,1.5337692574628596,103.61230168621222,214,20764
shape_J31CWLMYJB_0,1.5333858389586041,103.61245725433508,215,20810
shape_J31CWLMYJB_0,1.53212,103.61377,216,21013
shape_J31CWLMYJB_0,1.5310457780328497,103.61489605288187,217,21186
shape_J31CWLMYJB_0,1.52952,103.61659,218,21439
shape_J31CWLMYJB_0,1.5291869996590426,103.61694473305573,219,21493
shape_J31CWLMYJB_0,1.53075,103.6185,220,21738
shape_J31CWLMYJB_0,1.5315652704384797,103.61929148796014,221,21864
shape_J31CWLMYJB_0,1.5312837390858884,103.61954361560754,222,21906
shape_J31CWLMYJB_0,1.53087,103.61999,223,21974
shape_J31CWLMYJB_0,1.5301039882539296,103.62070232990197,224,22090
shape_J31CWLMYJB_0,1.52924,103.61981,225,22228
shape_J31CWLMYJB_0,1.5282418574955547,103.61883311049975,226,22383
shape_J31CWLMYJB_0,1.5280488071301483,103.61874727981127,227,22406
shape_J31CWLMYJB_0,1.52783430670378,103.61872850434817,228,22430
shape_J31CWLMYJB_0,1.527601037465801,103.61873923318423,229,22456
shape_J31CWLMYJB_0,1.527375811970607,103.61881969945468,230,22483
shape_J31CWLMYJB_0,1.5271050050939607,103.61903695838488,231,22522
shape_J31CWLMYJB_0,1.52658,103.61965,232,22612
shape_J31CWLMYJB_0,1.526369670407761,103.61987581925429,233,22646
shape_J31CWLMYJB_0,1.52489,103.62155,234,22894
shape_J31CWLMYJB_0,1.524629533722256,103.62186735944785,235,22940
shape_J31CWLMYJB_0,1.524550436566761,103.62206316070593,236,22963
shape_J31CWLMYJB_0,1.5245196020816354,103.62224018650092,237,22983
shape_J31CWLMYJB_0,1.5245343490093732,103.62246146874465,238,23008
shape_J31CWLMYJB_0,1.5246550056870012,103.62269347982443,239,23037
shape_J31CWLMYJB_0,1.524877550207975,103.6229402430538,240,23074
shape_J31CWLMYJB_0,1.5259661411476706,103.62398630456961,241,23242
shape_J31CWLMYJB_0,1.52689,103.62491,242,23387
shape_J31CWLMYJB_0,1.5274944575469716,103.62540251092948,243,23474
shape_J31CWLMYJB_0,1.5276767829395923,103.62546688394583,244,23495
shape_J31CWLMYJB_0,1.5278403395286422,103.62546688394583,245,23513
shape_J31CWLMYJB_0,1.5280226648919126,103.62541592197455,246,23534
shape_J31CWLMYJB_0,1.528186221454615,103.62530058698691,247,23556
shape_J31CWLMYJB_0,1.52912,103.62434,248,23705
shape_J31CWLMYJB_0,1.529733,103.623711,249,23803
shape_J31CWLMYJB_0,1.530111,103.62333,250,23863
shape_J31CWLMYJB_0,1.5302843024857216,103.62347382603544,251,23888
shape_J31CWLMYJB_0,1.53037,103.62349,252,23898
shape_J31CWLMYJB_0,1.5303741244393387,103.62349859231576,253,23899
shape_J31CWLMYJB_0,1.53427,103.62701,254,24482
shape_J31CWLMYJB_0,1.53558,103.62818,255,24677
shape_J31CWLMYJB_0,1.5369407317955122,103.62932262104036,256,24875
shape_J31CWLMYJB_0,1.537529264786298,103.6286990074444,257,24970
shape_J31CWLMYJB_0,1.5381379069341172,103.62806514150826,258,25068
shape_J31CWLMYJB_0,1.53833,103.62836,259,25107
shape_J31CWLMYJB_0,1.5384989182593627,103.62844722554102,260,25128
shape_J31CWLMYJB_0,1.5383836248457032,103.62860011145487,261,25149
shape_J31CWLMYJB_0,1.5382683314258225,103.62869130656138,262,25165
shape_J31CWLMYJB_0,1.5381664442123537,103.62857060715571,263,25183
shape_J31CWLMYJB_0,1.538265650183418,103.6283910066478,264,25206
shape_J31CWLMYJB_0,1.5382200690621477,103.6283373624675,265,25214
shape_J31CWLMYJB_0,1.5382455408653337,103.62827567166016,266,25221
shape_J31CWLMYJB_0,1.5381329286805423,103.62811742132828,267,25243
shape_J31CWLMYJB_0,1.5378460357067392,103.62840575879738,268,25288
shape_J31CWLMYJB_0,1.537463958555557,103.6287906092795,269,25348
shape_J31CWLMYJB_0,1.5369840159319215,103.62930693451487,270,25426
shape_J31CWLMYJB_0,1.5378782106216484,103.63004722420298,271,25555
shape_J31CWLMYJB_0,1.53965,103.63174,272,25827
shape_J31CWLMYJB_0,1.53839,103.63073,273,26007
shape_J31CWLMYJB_0,1.5377357767924997,103.63025256679536,274,26097
shape_J31CWLMYJB_0,1.5368724163510743,103.6311055092621,275,26232
shape_J31CWLMYJB_0,1.5355264313642167,103.63240906284334,276,26440
shape_J31CWLMYJB_0,1.53572,103.63257,277,26468
shape_J31CWLMYJB_0,1.53652,103.63332,278,26590
shape_J31CWLMYJB_0,1.5368095743962384,103.63366868717193,279,26640
shape_J31CWLMYJB_0,1.5375924975672604,103.63444116336822,280,26762
shape_J31CWLMYJB_0,1.53708,103.63505,281,26850
shape_J31CWLMYJB_0,1.5367207132887248,103.63536650066376,282,26903
shape_J31CWLMYJB_0,1.5358627149277835,103.63629990940095,283,27044
shape_J31CWLMYJB_0,1.54065,103.64076,284,27771
shape_J31CWLMYJB_0,1.5412398725863796,103.64139300132751,285,27867
shape_J31CWLMYJB_0,1.5422587430324985,103.64235859657288,286,28023
shape_J31CWLMYJB_0,1.5425161418048705,103.64253025794983,287,28057
shape_J31CWLMYJB_0,1.5428227732421358,103.64290738515157,288,28111
shape_J31CWLMYJB_0,1.543088215655261,103.64312464408178,289,28149
shape_J31CWLMYJB_0,1.5448,103.64401,290,28363
shape_J31CWLMYJB_0,1.54616,103.64444,291,28522
shape_J31CWLMYJB_0,1.5470716188381466,103.64440781349182,292,28623
shape_J31CWLMYJB_0,1.5477151142527663,103.64431661838532,293,28695
shape_J31CWLMYJB_0,1.5481923732258214,103.64430588954926,294,28748
shape_J31CWLMYJB_0,1.5483371596346167,103.64428443187714,295,28764
shape_J31CWLMYJB_0,1.5484658586563491,103.64423615211487,296,28779
shape_J31CWLMYJB_0,1.5485891952115038,103.64432198280335,297,28796
shape_J31CWLMYJB_0,1.5501282203177633,103.64387137168885,298,28974
shape_J31CWLMYJB_0,1.5502301069578035,103.64377481216431,299,28990
shape_J31CWLMYJB_0,1.5503051813210207,103.64360851520539,300,29010
shape_J31CWLMYJB_0,1.549629511956332,103.64195091003418,301,29209
shape_J31CWLMYJB_0,1.5488197809258066,103.64001971954346,302,29442
shape_J31CWLMYJB_0,1.5488854710375006,103.63989231461525,303,29458
shape_J31CWLMYJB_0,1.5489766328217742,103.63984135264397,304,29470
shape_J31CWLMYJB_0,1.5491375065491737,103.63985208148003,305,29488
shape_J31CWLMYJB_0,1.5492219652511758,103.64005995267868,306,29513
shape_J31CWLMYJB_0,1.5494083106293746,103.64060846442223,307,29577
shape_J31CWLMYJB_0,1.5495437126564984,103.64123319224758,308,29648
shape_J31CWLMYJB_0,1.5496992238848784,103.64178453271334,309,29712
shape_J31CWLMYJB_0,1.5498949535181754,103.64229415242617,310,29773
shape_J31CWLMYJB_0,1.5505706227981721,103.64392493550723,311,29969
shape_J31CWLMYJB_0,1.5509888941491274,103.64549134557193,312,30149
shape_J31CWLMYJB_0,1.5510961432001498,103.64742253606265,313,30364
shape_J31CWLMYJB_0,1.5510961432001498,103.64742253606265,314,30364
shape_J31CWLMYJB_0,1.55066,103.65003,315,30658
shape_J31CWLMYJB_0,1.54911,103.65405,316,31137
shape_J31CWLMYJB_0,1.5485952040226436,103.65531600265501,317,31289
shape_J31CWLMYJB_0,1.5480696830001146,103.65726865081785,318,31514
shape_J31CWLMYJB_0,1.547930259033496,103.65809477119444,319,31607
shape_J31CWLMYJB_0,1.548209106957573,103.65844882278441,320,31657
shape_J31CWLMYJB_0,1.5487024531949085,103.65848637371062,321,31712
shape_J31CWLMYJB_0,1.5489491262705115,103.65809477119444,322,31763
shape_J31CWLMYJB_0,1.5489384013547722,103.65773535518645,323,31803
shape_J31CWLMYJB_0,1.548697090736422,103.65747786312102,324,31842
shape_J31CWLMYJB_0,1.5483807056618422,103.65729010848997,325,31883
shape_J31CWLMYJB_0,1.547940983954337,103.65720964221953,326,31933
shape_J31CWLMYJB_0,1.5466808053850636,103.65721500663756,327,32073
shape_J31CWLMYJB_0,1.5455171504671201,103.65738666801451,328,32204
shape_J31CWLMYJB_0,1.54437,103.65784,329,32341
shape_J31CWLMYJB_0,1.54212,103.65897,330,32621
shape_J31CWLMYJB_0,1.53982,103.6606,331,32934
shape_J31CWLMYJB_0,1.5375,103.66291,332,33298
shape_J31CWLMYJB_0,1.5357,103.66472,333,33582
shape_J31CWLMYJB_0,1.5340698020412264,103.66555684921265,334,33786
shape_J31CWLMYJB_0,1.5307665023700698,103.6678317496195,335,34232
shape_J31CWLMYJB_0,1.52811,103.67087,336,34681
shape_J31CWLMYJB_0,1.5273163483380807,103.67258661376951,337,34891
shape_J31CWLMYJB_0,1.526533421411409,103.67474310981748,338,35146
shape_J31CWLMYJB_0,1.52518206741528,103.67716782676695,339,35455
shape_J31CWLMYJB_0,1.5236376618091811,103.67876642333982,340,35702
shape_J31CWLMYJB_0,1.52261,103.67966,341,35853
shape_J31CWLMYJB_0,1.51513,103.68491,342,36869
shape_J31CWLMYJB_0,1.51153,103.68748,343,37361
shape_J31CWLMYJB_0,1.50915,103.68898,344,37674
shape_J31CWLMYJB_0,1.508212,103.689521,345,37794
shape_J31CWLMYJB_0,1.506961,103.690264,346,37956
shape_J31CWLMYJB_0,1.505595,103.691176,347,38139
shape_J31CWLMYJB_0,1.504146,103.692349,348,38346
shape_J31CWLMYJB_0,1.502746,103.693629,349,38557
shape_J31CWLMYJB_0,1.501845,103.694501,350,38696
shape_J31CWLMYJB_0,1.5010042602579667,103.69559570902082,351,38849
shape_J31CWLMYJB_0,1.50081,103.69585,352,38885
shape_J31CWLMYJB_0,1.49892,103.69862,353,39258
shape_J31CWLMYJB_0,1.49698,103.70152,354,39646
shape_J31CWLMYJB_0,1.49582,103.70333,355,39885
shape_J31CWLMYJB_0,1.49447,103.70527,356,40148
shape_J31CWLMYJB_0,1.49263,103.70768,357,40485
shape_J31CWLMYJB_0,1.48961,103.71202,358,41073
shape_J31CWLMYJB_0,1.48383,103.7197,359,42142
shape_J31CWLMYJB_0,1.482156862178718,103.7219707513549,360,42456
shape_J31CWLMYJB_0,1.4804515473292374,103.72320456750175,361,42690
shape_J31CWLMYJB_0,1.478531725897667,103.72390194184563,362,42917
shape_J31CWLMYJB_0,1.47516,103.72474,363,43303
shape_J31CWLMYJB_0,1.4729291405784322,103.725104780426,364,43554
shape_J31CWLMYJB_0,1.4703228933294783,103.72602209590909,365,43861
shape_J31CWLMYJB_0,1.4678989734038053,103.72703060649869,366,44153
shape_J31CWLMYJB_0,1.46473,103.72993,367,44631
shape_J31CWLMYJB_0,1.46304,103.73155,368,44891
shape_J31CWLMYJB_0,1.4618816631439269,103.73251559524537,369,45059
shape_J31CWLMYJB_0,1.4610665368498978,103.73364414489534,370,45214
shape_J31CWLMYJB_0,1.460122706034652,103.73562897956636,371,45458
shape_J31CWLMYJB_0,1.45947,103.73857,372,45793
shape_J31CWLMYJB_0,1.45748,103.74656,373,46708
shape_J31CWLMYJB_0,1.45676,103.74912,374,47004
shape_J31CWLMYJB_0,1.455966322594808,103.7504718333435,375,47178
shape_J31CWLMYJB_0,1.4551726449101614,103.7524888545227,376,47419
shape_J31CWLMYJB_0,1.454378966946224,103.75583625137328,377,47801
shape_J31CWLMYJB_0,1.4546149252889897,103.7585399180603,378,48103
shape_J31CWLMYJB_0,1.45546,103.76188,379,48486
shape_J31CWLMYJB_0,1.4556959582297015,103.76303871429444,380,48617
shape_J31CWLMYJB_0,1.4561410611866523,103.76404722488404,381,48740
shape_J31CWLMYJB_0,1.4568971997433435,103.7654976711419,382,48922
shape_J31CWLMYJB_0,1.4574388307520485,103.76620577432183,383,49021
shape_J31CWLMYJB_0,1.4581091659784948,103.76669930078057,384,49114
shape_J31CWLMYJB_0,1.459106624425884,103.76692460633782,385,49228
shape_J31CWLMYJB_0,1.4594605611880096,103.76720355607537,386,49278
shape_J31CWLMYJB_0,1.46352,103.76496,387,49794
shape_J31CWLMYJB_1,1.46352,103.76496,0,0
shape_J31CWLMYJB_1,1.46263,103.76562,1,123
shape_J31CWLMYJB_1,1.46113,103.76643,2,313
shape_J31CWLMYJB_1,1.4603,103.76695,3,422
shape_J31CWLMYJB_1,1.46023,103.76696,4,430
shape_J31CWLMYJB_1,1.46015,103.76699,5,440
shape_J31CWLMYJB_1,1.46003,103.76717,6,464
shape_J31CWLMYJB_1,1.4599,103.76732,7,486
shape_J31CWLMYJB_1,1.45942,103.76761,8,548
shape_J31CWLMYJB_1,1.45919,103.76726,9,595
shape_J31CWLMYJB_1,1.45906,103.76713,10,615
shape_J31CWLMYJB_1,1.4589,103.76703,11,636
shape_J31CWLMYJB_1,1.45867,103.76695,12,663
shape_J31CWLMYJB_1,1.45804,103.76685,13,734
shape_J31CWLMYJB_1,1.45784,103.76676,14,758
shape_J31CWLMYJB_1,1.45738,103.76642,15,822
shape_J31CWLMYJB_1,1.45714,103.76628,16,853
shape_J31CWLMYJB_1,1.4569,103.76616,17,883
shape_J31CWLMYJB_1,1.45636,103.76583,18,953
shape_J31CWLMYJB_1,1.4561,103.76554,19,996
shape_J31CWLMYJB_1,1.45602,103.7654,20,1014
shape_J31CWLMYJB_1,1.4549,103.76127,21,1490
shape_J31CWLMYJB_1,1.45487,103.76126,22,1494
shape_J31CWLMYJB_1,1.45426,103.75828,23,1832
shape_J31CWLMYJB_1,1.45411,103.75733,24,1939
shape_J31CWLMYJB_1,1.45407,103.75688,25,1989
shape_J31CWLMYJB_1,1.45413,103.7564,26,2043
shape_J31CWLMYJB_1,1.45444,103.75561,27,2137
shape_J31CWLMYJB_1,1.45466,103.75439,28,2275
shape_J31CWLMYJB_1,1.45514,103.75266,29,2475
shape_J31CWLMYJB_1,1.45523,103.75243,30,2502
shape_J31CWLMYJB_1,1.45527,103.75219,31,2529
shape_J31CWLMYJB_1,1.45526,103.75187,32,2565
shape_J31CWLMYJB_1,1.45528,103.75165,33,2590
shape_J31CWLMYJB_1,1.45537,103.75131,34,2629
shape_J31CWLMYJB_1,1.45671,103.74825,35,3000
shape_J31CWLMYJB_1,1.45708,103.74722,36,3122
shape_J31CWLMYJB_1,1.45935,103.73832,37,4143
shape_J31CWLMYJB_1,1.45938,103.73828,38,4149
shape_J31CWLMYJB_1,1.45981,103.73641,39,4362
shape_J31CWLMYJB_1,1.46008,103.73554,40,4463
shape_J31CWLMYJB_1,1.4604,103.73475,41,4558
shape_J31CWLMYJB_1,1.46055,103.73444,42,4596
shape_J31CWLMYJB_1,1.46096,103.73372,43,4688
shape_J31CWLMYJB_1,1.46118,103.7334,44,4731
shape_J31CWLMYJB_1,1.46132,103.73316,45,4762
shape_J31CWLMYJB_1,1.46202,103.73232,46,4884
shape_J31CWLMYJB_1,1.4628,103.73158,47,5004
shape_J31CWLMYJB_1,1.46453,103.72975,48,5284
shape_J31CWLMYJB_1,1.46769,103.72694,49,5754
shape_J31CWLMYJB_1,1.46797,103.72673,50,5793
shape_J31CWLMYJB_1,1.46826,103.72658,51,5829
shape_J31CWLMYJB_1,1.47321,103.72495,52,6408
shape_J31CWLMYJB_1,1.47961,103.72352,53,7137
shape_J31CWLMYJB_1,1.48015,103.72335,54,7200
shape_J31CWLMYJB_1,1.48048,103.72321,55,7240
shape_J31CWLMYJB_1,1.48078,103.72306,56,7277
shape_J31CWLMYJB_1,1.48153,103.7225,57,7381
shape_J31CWLMYJB_1,1.48195,103.7221,58,7445
shape_J31CWLMYJB_1,1.48236,103.72158,59,7519
shape_J31CWLMYJB_1,1.48345,103.72001,60,7731
shape_J31CWLMYJB_1,1.48363,103.7198,61,7762
shape_J31CWLMYJB_1,1.48411,103.71892,62,7873
shape_J31CWLMYJB_1,1.48493,103.71795,63,8014
shape_J31CWLMYJB_1,1.48509,103.7178,64,8038
shape_J31CWLMYJB_1,1.48526,103.71769,65,8061
shape_J31CWLMYJB_1,1.48551,103.71759,66,8091
shape_J31CWLMYJB_1,1.48695,103.71725,67,8256
shape_J31CWLMYJB_1,1.4871,103.71719,68,8274
shape_J31CWLMYJB_1,1.48724,103.7171,69,8293
shape_J31CWLMYJB_1,1.4874,103.71692,70,8320
shape_J31CWLMYJB_1,1.48747,103.71672,71,8344
shape_J31CWLMYJB_1,1.48749,103.71655,72,8363
shape_J31CWLMYJB_1,1.48745,103.71636,73,8385
shape_J31CWLMYJB_1,1.48724,103.71574,74,8458
shape_J31CWLMYJB_1,1.48719,103.71542,75,8494
shape_J31CWLMYJB_1,1.48726,103.71505,76,8536
shape_J31CWLMYJB_1,1.48734,103.71485,77,8560
shape_J31CWLMYJB_1,1.488,103.7139,78,8689
shape_J31CWLMYJB_1,1.48806,103.71375,79,8707
shape_J31CWLMYJB_1,1.4884064673054687,103.71327574008939,80,8772
shape_J31CWLMYJB_1,1.48883,103.71243,81,8877
shape_J31CWLMYJB_1,1.4921633012090365,103.70774565410612,82,9516
shape_J31CWLMYJB_1,1.49244,103.70725,83,9579
shape_J31CWLMYJB_1,1.49382,103.70509,84,9864
shape_J31CWLMYJB_1,1.49493,103.70351,85,10079
shape_J31CWLMYJB_1,1.49665,103.7014,86,10382
shape_J31CWLMYJB_1,1.49839,103.69891,87,10720
shape_J31CWLMYJB_1,1.49887,103.6983,88,10806
shape_J31CWLMYJB_1,1.50074,103.69568,89,11164
shape_J31CWLMYJB_1,1.50249,103.69358,90,11468
shape_J31CWLMYJB_1,1.50474,103.69154,91,11806
shape_J31CWLMYJB_1,1.50587,103.69069,92,11963
shape_J31CWLMYJB_1,1.50824,103.68931,93,12268
shape_J31CWLMYJB_1,1.50993,103.68826,94,12489
shape_J31CWLMYJB_1,1.51163,103.68694,95,12728
shape_J31CWLMYJB_1,1.51364,103.68566,96,12993
shape_J31CWLMYJB_1,1.51525,103.68457,97,13209
shape_J31CWLMYJB_1,1.52272,103.67928,98,14227
shape_J31CWLMYJB_1,1.52311,103.67908,99,14276
shape_J31CWLMYJB_1,1.52421,103.67813,100,14438
shape_J31CWLMYJB_1,1.52503,103.67717,101,14578
shape_J31CWLMYJB_1,1.52532,103.67678,102,14632
shape_J31CWLMYJB_1,1.52573,103.67613,103,14717
shape_J31CWLMYJB_1,1.52601,103.67562,104,14782
shape_J31CWLMYJB_1,1.52777,103.6711,105,15321
shape_J31CWLMYJB_1,1.52795,103.67072,106,15368
shape_J31CWLMYJB_1,1.52808,103.67058,107,15389
shape_J31CWLMYJB_1,1.52839,103.67002,108,15460
shape_J31CWLMYJB_1,1.52894,103.66933,109,15558
shape_J31CWLMYJB_1,1.53049,103.66793,110,15790
shape_J31CWLMYJB_1,1.53446,103.6653,111,16319
shape_J31CWLMYJB_1,1.53504,103.66477,112,16406
shape_J31CWLMYJB_1,1.53593,103.66415,113,16527
shape_J31CWLMYJB_1,1.53675,103.66318,114,16668
shape_J31CWLMYJB_1,1.53801,103.6622,115,16845
shape_J31CWLMYJB_1,1.53911,103.66112,116,17016
shape_J31CWLMYJB_1,1.53952,103.66067,117,17084
shape_J31CWLMYJB_1,1.5414,103.65911,118,17356
shape_J31CWLMYJB_1,1.54156,103.65878,119,17397
shape_J31CWLMYJB_1,1.5425,103.65844,120,17508
shape_J31CWLMYJB_1,1.54455,103.65749,121,17759
shape_J31CWLMYJB_1,1.54483,103.65729,122,17797
shape_J31CWLMYJB_1,1.54661,103.65703,123,17997
shape_J31CWLMYJB_1,1.54703,103.65693,124,18045
shape_J31CWLMYJB_1,1.54755,103.65687,125,18103
shape_J31CWLMYJB_1,1.54773,103.65679,126,18125
shape_J31CWLMYJB_1,1.54789,103.65665,127,18149
shape_J31CWLMYJB_1,1.54798,103.6565,128,18168
shape_J31CWLMYJB_1,1.54804,103.65635,129,18186
shape_J31CWLMYJB_1,1.54866,103.65412,130,18443
shape_J31CWLMYJB_1,1.54873,103.65399,131,18459
shape_J31CWLMYJB_1,1.54893,103.65342,132,18526
shape_J31CWLMYJB_1,1.54926,103.65272,133,18612
shape_J31CWLMYJB_1,1.54956,103.65217,134,18682
shape_J31CWLMYJB_1,1.54969,103.65196,135,18709
shape_J31CWLMYJB_1,1.55024,103.65084,136,18848
shape_J31CWLMYJB_1,1.55039,103.65044,137,18895
shape_J31CWLMYJB_1,1.55068,103.64942,138,19013
shape_J31CWLMYJB_1,1.55081,103.64882,139,19081
shape_J31CWLMYJB_1,1.55077,103.64827,140,19142
shape_J31CWLMYJB_1,1.5507,103.64795,141,19178
shape_J31CWLMYJB_1,1.5506,103.64778,142,19200
shape_J31CWLMYJB_1,1.54992,103.64689,143,19325
shape_J31CWLMYJB_1,1.54967,103.64648,144,19378
shape_J31CWLMYJB_1,1.54903,103.64507,145,19550
shape_J31CWLMYJB_1,1.54893,103.64494,146,19568
shape_J31CWLMYJB_1,1.5488,103.64479,147,19590
shape_J31CWLMYJB_1,1.5484,103.64444,148,19649
shape_J31CWLMYJB_1,1.54808,103.64427,149,19689
shape_J31CWLMYJB_1,1.54781,103.64426,150,19719
shape_J31CWLMYJB_1,1.5467220357987923,103.64444390674593,151,19842
shape_J31CWLMYJB_1,1.54644,103.64457,152,19876
shape_J31CWLMYJB_1,1.54625,103.64448,153,19899
shape_J31CWLMYJB_1,1.54597,103.64447,154,19930
shape_J31CWLMYJB_1,1.54557,103.64439,155,19975
shape_J31CWLMYJB_1,1.54528,103.64427,156,20010
shape_J31CWLMYJB_1,1.54517,103.64418,157,20026
shape_J31CWLMYJB_1,1.5446,103.64393,158,20095
shape_J31CWLMYJB_1,1.54457,103.64393,159,20098
shape_J31CWLMYJB_1,1.54293,103.64301,160,20307
shape_J31CWLMYJB_1,1.54277,103.64289,161,20329
shape_J31CWLMYJB_1,1.54233,103.6424,162,20402
shape_J31CWLMYJB_1,1.54207,103.64218,163,20440
shape_J31CWLMYJB_1,1.54203,103.6421,164,20450
shape_J31CWLMYJB_1,1.54114,103.64133,165,20581
shape_J31CWLMYJB_1,1.53658,103.63697,166,21282
shape_J31CWLMYJB_1,1.5358531522408707,103.63630469444276,167,21392
shape_J31CWLMYJB_1,1.53702,103.63498,168,21588
shape_J31CWLMYJB_1,1.537583363178879,103.63442480754853,169,21676
shape_J31CWLMYJB_1,1.5365085047438907,103.63343002712249,170,21839
shape_J31CWLMYJB_1,1.5357143951829064,103.63266859786701,171,21961
shape_J31CWLMYJB_1,1.535494578657944,103.63243676322935,172,21997
shape_J31CWLMYJB_1,1.53772,103.63019,173,22349
shape_J31CWLMYJB_1,1.53782,103.63008,174,22366
shape_J31CWLMYJB_1,1.5370641311953233,103.62949096197131,175,22473
shape_J31CWLMYJB_1,1.53695,103.62934,176,22494
shape_J31CWLMYJB_1,1.5381444419337555,103.6280745790291,177,22687
shape_J31CWLMYJB_1,1.53833,103.62836,178,22725
shape_J31CWLMYJB_1,1.5381243845715713,103.62812495931624,179,22760
shape_J31CWLMYJB_1,1.5369318656809006,103.62930498182298,180,22947
shape_J31CWLMYJB_1,1.53558,103.62818,181,23143
shape_J31CWLMYJB_1,1.53427,103.62701,182,23338
shape_J31CWLMYJB_1,1.53261,103.62571,183,23572
shape_J31CWLMYJB_1,1.530516100339069,103.62374915344239,184,23891
shape_J31CWLMYJB_1,1.53022,103.62352,185,23933
shape_J31CWLMYJB_1,1.52912,103.62434,186,24086
shape_J31CWLMYJB_1,1.52812,103.62534,187,24243
shape_J31CWLMYJB_1,1.52794,103.62543,188,24265
shape_J31CWLMYJB_1,1.52781,103.62545,189,24280
shape_J31CWLMYJB_1,1.52766,103.62543,190,24297
shape_J31CWLMYJB_1,1.52745,103.62536,191,24322
shape_J31CWLMYJB_1,1.52725,103.62525,192,24347
shape_J31CWLMYJB_1,1.52689,103.62491,193,24402
shape_J31CWLMYJB_1,1.52479,103.62288,194,24727
shape_J31CWLMYJB_1,1.52463,103.62271,195,24753
shape_J31CWLMYJB_1,1.52454,103.62255,196,24773
shape_J31CWLMYJB_1,1.5245,103.62238,197,24792
shape_J31CWLMYJB_1,1.52451,103.6222,198,24812
shape_J31CWLMYJB_1,1.52455,103.62201,199,24834
shape_J31CWLMYJB_1,1.52462,103.62187,200,24851
shape_J31CWLMYJB_1,1.52483,103.6216,201,24889
shape_J31CWLMYJB_1,1.52489,103.62155,202,24898
shape_J31CWLMYJB_1,1.52658,103.61965,203,25181
shape_J31CWLMYJB_1,1.52732,103.61886,204,25301
shape_J31CWLMYJB_1,1.52749,103.61878,205,25322
shape_J31CWLMYJB_1,1.52766,103.61874,206,25341
shape_J31CWLMYJB_1,1.52795,103.61873,207,25373
shape_J31CWLMYJB_1,1.52806,103.61875,208,25385
shape_J31CWLMYJB_1,1.5282,103.61882,209,25402
shape_J31CWLMYJB_1,1.5283,103.6189,210,25416
shape_J31CWLMYJB_1,1.52924,103.61981,211,25561
shape_J31CWLMYJB_1,1.5300965380096831,103.62071410583496,212,25699
shape_J31CWLMYJB_1,1.53087,103.61999,213,25817
shape_J31CWLMYJB_1,1.53149,103.61937,214,25914
shape_J31CWLMYJB_1,1.53073,103.61862,215,26033
shape_J31CWLMYJB_1,1.52911,103.61702,216,26286
shape_J31CWLMYJB_1,1.52916,103.61696,217,26295
shape_J31CWLMYJB_1,1.52952,103.61659,218,26352
shape_J31CWLMYJB_1,1.53126,103.61471,219,26637
shape_J31CWLMYJB_1,1.53212,103.61377,220,26779
shape_J31CWLMYJB_1,1.5334275498061603,103.6124298868942,221,26987
shape_J31CWLMYJB_1,1.5336965249349428,103.61232559986115,222,27019
shape_J31CWLMYJB_1,1.53401,103.61237,223,27054
shape_J31CWLMYJB_1,1.5346710368238163,103.6129760072708,224,27154
shape_J31CWLMYJB_1,1.53571,103.61411,225,27325
shape_J31CWLMYJB_1,1.536509574436921,103.61491942062376,226,27451
shape_J31CWLMYJB_1,1.53718,103.61565,227,27561
shape_J31CWLMYJB_1,1.5376398735822385,103.61619175197605,228,27640
shape_J31CWLMYJB_1,1.5376042587741374,103.61667781810763,229,27694
shape_J31CWLMYJB_1,1.53608,103.61822,230,27935
shape_J31CWLMYJB_1,1.53385,103.62057,231,28295
shape_J31CWLMYJB_1,1.53349,103.62102,232,28359
shape_J31CWLMYJB_1,1.53348,103.62109,233,28367
shape_J31CWLMYJB_1,1.53352,103.62118,234,28378
shape_J31CWLMYJB_1,1.5337,103.6214,235,28410
shape_J31CWLMYJB_1,1.53408,103.62178,236,28470
shape_J31CWLMYJB_1,1.53597,103.62366,237,28766
shape_J31CWLMYJB_1,1.53792,103.62555,238,29068
shape_J31CWLMYJB_1,1.54091,103.62847,239,29533
shape_J31CWLMYJB_1,1.54107,103.62857,240,29554
shape_J31CWLMYJB_1,1.54111,103.62858,241,29559
shape_J31CWLMYJB_1,1.54114,103.62857,242,29563
shape_J31CWLMYJB_1,1.54124,103.62849,243,29577
shape_J31CWLMYJB_1,1.54144,103.62828,244,29609
shape_J31CWLMYJB_1,1.54266,103.62695,245,29810
shape_J31CWLMYJB_1,1.54476,103.62484,246,30141
shape_J31CWLMYJB_1,1.54468,103.62485,247,30150
shape_J31CWLMYJB_1,1.54666,103.62268,248,30477
shape_J31CWLMYJB_1,1.548,103.62171,249,30661
shape_J31CWLMYJB_1,1.55067,103.62434,250,31078
shape_J31CWLMYJB_1,1.5516553078553885,103.62540274049285,251,31239
shape_J31CWLMYJB_1,1.551736,103.625496,252,31253
shape_J31CWLMYJB_1,1.551672,103.625569,253,31264
shape_J31CWLMYJB_1,1.551624,103.625630,254,31273
shape_J31CWLMYJB_1,1.551575,103.625701,255,31283
shape_J31CWLMYJB_1,1.551495,103.625840,256,31301
shape_J31CWLMYJB_1,1.551288,103.626191,257,31346
shape_J31CWLMYJB_1,1.551033,103.626619,258,31401
shape_J31CWLMYJB_1,1.550653,103.627249,259,31483
shape_J31CWLMYJB_1,1.550390,103.627678,260,31539
shape_J31CWLMYJB_1,1.550246,103.627869,261,31566
shape_J31CWLMYJB_1,1.550090,103.628027,262,31591
shape_J31CWLMYJB_1,1.549930,103.628169,263,31615
shape_J31CWLMYJB_1,1.549793,103.628262,264,31633
shape_J31CWLMYJB_1,1.549637,103.628313,265,31651
shape_J31CWLMYJB_1,1.549463,103.628316,266,31670
shape_J31CWLMYJB_1,1.549300,103.628273,267,31689
shape_J31CWLMYJB_1,1.549003,103.628110,268,31727
shape_J31CWLMYJB_1,1.548526,103.627852,269,31787
shape_J31CWLMYJB_1,1.548171,103.627685,270,31831
shape_J31CWLMYJB_1,1.547997,103.627607,271,31852
shape_J31CWLMYJB_1,1.547881,103.627564,272,31866
shape_J31CWLMYJB_1,1.547782,103.627554,273,31877
shape_J31CWLMYJB_1,1.547592,103.627532,274,31898
shape_J31CWLMYJB_1,1.547401,103.627521,275,31919
shape_J31CWLMYJB_1,1.547229,103.627530,276,31938
shape_J31CWLMYJB_1,1.547068,103.627564,277,31956
shape_J31CWLMYJB_1,1.546956,103.627642,278,31971
shape_J31CWLMYJB_1,1.546867,103.627725,279,31985
shape_J31CWLMYJB_1,1.546835,103.627795,280,31994
shape_J31CWLMYJB_1,1.546787,103.627913,281,32008
shape_J31CWLMYJB_1,1.546779,103.628087,282,32027
shape_J31CWLMYJB_1,1.546800,103.628404,283,32062
shape_J31CWLMYJB_1,1.546913,103.628911,284,32120
shape_J31CWLMYJB_1,1.546941,103.629249,285,32158
shape_J31CWLMYJB_1,1.546929,103.629345,286,32169
shape_J31CWLMYJB_1,1.546942,103.629407,287,32176
shape_J31CWLMYJB_1,1.547084,103.629603,288,32203
shape_J31CWLMYJB_1,1.547247,103.629634,289,32221
shape_J31CWLMYJB_1,1.547554,103.629745,290,32257
shape_J31CWLMYJB_1,1.548468,103.630096,291,32366
shape_J31CWLMYJB_1,1.548963,103.630280,292,32425
shape_J31CWLMYJB_1,1.549414,103.630532,293,32482
shape_J31CWLMYJB_1,1.5496392396670877,103.63071155456159,294,32514
shape_J31CWLMYJB_1,1.549801,103.630739,295,32532
shape_J31CWLMYJB_1,1.550018,103.630865,296,32560
shape_J31CWLMYJB_1,1.550251,103.630993,297,32590
shape_J31CWLMYJB_1,1.550423,103.631047,298,32610
shape_J31CWLMYJB_1,1.550621,103.631036,299,32632
shape_J31CWLMYJB_1,1.551029,103.630933,300,32679
shape_J31CWLMYJB_1,1.551286,103.630788,301,32712
shape_J31CWLMYJB_1,1.552082,103.629987,302,32838
shape_J31CWLMYJB_1,1.553094,103.628821,303,33010
shape_J31CWLMYJB_1,1.554046,103.627684,304,33175
shape_J31CWLMYJB_1,1.554964,103.626589,305,33334
shape_J31CWLMYJB_1,1.556044,103.625542,306,33501
shape_J31CWLMYJB_1,1.556913,103.624690,307,33636
shape_J31CWLMYJB_1,1.557789,103.623812,308,33774
shape_J31CWLMYJB_1,1.558694,103.622793,309,33926
shape_J31CWLMYJB_1,1.559454,103.621898,310,34057
shape_J31CWLMYJB_1,1.560312,103.620817,311,34210
shape_J31CWLMYJB_1,1.560942,103.620074,312,34318
shape_J31CWLMYJB_1,1.56099,103.61991,313,34337
shape_J31CWLMYJB_1,1.56188,103.61862,314,34511
shape_J31CWLMYJB_1,1.56194,103.61855,315,34521
shape_J31CWLMYJB_1,1.56205,103.61847,316,34536
shape_J31CWLMYJB_1,1.56243,103.61872,317,34587
shape_J31CWLMYJB_1,1.56247,103.61877,318,34594
shape_J31CWLMYJB_1,1.56285,103.61879,319,34636
shape_J31CWLMYJB_1,1.56395,103.61877,320,34758
shape_J31CWLMYJB_1,1.56409,103.6188,321,34774
shape_J31CWLMYJB_1,1.5674500986530813,103.61881046627042,322,35148
shape_J31CWLMYJB_1,1.5684876262231908,103.61883145767212,323,35263
shape_J31CWLMYJB_1,1.5702045102851618,103.61874539384844,324,35454
shape_J31CWLMYJB_1,1.57118,103.61882,325,35563
shape_J31CWLMYJB_1,1.57127,103.61878,326,35574
shape_J31CWLMYJB_1,1.57133,103.61695,327,35778
shape_J31CWLMYJB_1,1.57142,103.6155,328,35939
shape_J31CWLMYJB_1,1.57144,103.61345,329,36167
shape_J31CWLMYJB_1,1.5714185503978124,103.61219866466524,330,36306
shape_J31CWLMYJB_1,1.5705211666984082,103.61221224536892,331,36406
shape_J31CWLMYJB_1,1.5700376724487712,103.61240702579495,332,36464
shape_J31CWLMYJB_1,1.56964,103.61229,333,36510
shape_J31CWLMYJB_1,1.56806,103.61297,334,36701
shape_J31CWLMYJB_1,1.5669,103.61339,335,36838
shape_J31CWLMYJB_1,1.56681,103.61341,336,36848
shape_J31CWLMYJB_1,1.56663,103.61337,337,36869
shape_J31CWLMYJB_1,1.56617,103.61319,338,36924
shape_J31CWLMYJB_1,1.56604,103.61316,339,36939
shape_J31CWLMYJB_1,1.56527,103.61278,340,37034
shape_J31CWLMYJB_1,1.56574,103.61151,341,37185
shape_J31CWLMYJB_1,1.56631,103.60915,342,37455
shape_J31CWLMYJB_1,1.56651,103.60864,343,37516
shape_J31CWLMYJB_1,1.56656,103.60821,344,37564
shape_J31CWLMYJB_1,1.56658,103.60693,345,37706
shape_J31CWLMYJB_1,1.56651,103.60628,346,37779
shape_J31CWLMYJB_1,1.56629,103.60277,347,38170
shape_J31CWLMYJB_1,1.56629,103.60084,348,38385
shape_J31CWLMYJB_1,1.56648,103.59899,349,38592
shape_J31CWLMYJB_1,1.56656,103.59848,350,38649
shape_J31CWLMYJB_1,1.56652,103.59868,351,38672
shape_J31CWLMYJB_1,1.56652,103.5983,352,38714
shape_J31CWLMYJB_1,1.5665,103.59825,353,38720
shape_J31CWLMYJB_1,1.56644,103.5982,354,38729
shape_J31CWLMYJB_1,1.5663,103.5982,355,38745
shape_J31CWLMYJB_1,1.56625,103.59815,356,38753
shape_J31CWLMYJB_1,1.56538,103.59822,357,38850
shape_J31CWLMYJB_1,1.56229,103.59822,358,39194
shape_J31CWLMYJB_1,1.5610875829838187,103.5981039529008,359,39328
shape_J31CWLMYJB_1,1.5597040763594996,103.5966987731552,360,39547
shape_J31CWLMYJB_1,1.558477693174884,103.59551956085203,361,39736
shape_J31CWLMYJB_1,1.55812,103.5953,362,39783
shape_J31CWLMYJB_1,1.55721,103.59394,363,39965
shape_J31CWLMYJB_1,1.55718,103.59382,364,39979
shape_J31CWLMYJB_1,1.55722,103.59366,365,39997
shape_J31CWLMYJB_1,1.55731,103.5935,366,40017
shape_J31CWLMYJB_1,1.55739,103.5933,367,40041
shape_J31CWLMYJB_1,1.55858,103.59098,368,40331
shape_J31CWLMYJB_1,1.55897,103.59015,369,40433
shape_J31CWLMYJB_1,1.55901,103.58995,370,40456
shape_J31CWLMYJB_1,1.55901,103.58988,371,40464
shape_J31CWLMYJB_1,1.55899,103.58984,372,40469
shape_J31CWLMYJB_1,1.55892,103.58978,373,40479
shape_J31CWLMYJB_1,1.55886,103.58975,374,40486
shape_J31CWLMYJB_1,1.55814,103.58954,375,40569
shape_J31CWLMYJB_1,1.55766,103.58955,376,40622
shape_J31CWLMYJB_1,1.55383,103.5895,377,41048
shape_J31CWLMYJB_1,1.55336,103.588,378,41223
shape_J31CWLMYJB_1,1.55338,103.58648,379,41392
shape_J31CWLMYJB_1,1.55345,103.58475,380,41584
shape_J31CWLMYJB_1,1.55342,103.58459,381,41602
shape_J31CWLMYJB_1,1.55311,103.58365,382,41712
shape_J31CWLMYJB_1,1.55233,103.58072,383,42049
shape_J31CWLMYJB_1,1.55227,103.58067,384,42058
shape_J31CWLMYJB_1,1.5522,103.58064,385,42066
shape_J31CWLMYJB_1,1.55167,103.5807,386,42125
shape_J31CWLMYJB_1,1.5457,103.58068,387,42789
shape_J31CWLMYJB_1,1.5451,103.58074,388,42856
shape_J31CWLMYJB_1,1.54408,103.58069,389,42970
shape_J31CWLMYJB_1,1.54304,103.5807,390,43086
shape_J31CWLMYJB_1,1.5429,103.58072,391,43102
shape_J31CWLMYJB_1,1.54215,103.58098,392,43190
shape_J31CWLMYJB_1,1.54121,103.58147,393,43308
shape_J31CWLMYJB_1,1.54037,103.58185,394,43411
shape_J31CWLMYJB_1,1.54006,103.58196,395,43448
shape_J31CWLMYJB_1,1.53967,103.58204,396,43492
shape_J31CWLMYJB_1,1.53944,103.58205,397,43518
shape_J31CWLMYJB_1,1.5382,103.582,398,43656
shape_J31CWLMYJB_1,1.53451,103.58189,399,44066
shape_J31CWLMYJB_1,1.5323,103.58183,400,44312
shape_J31CWLMYJB_1,1.52973,103.58176,401,44598
shape_J31CWLMYJB_1,1.52815,103.58213,402,44778
shape_J31CWLMYJB_1,1.5283,103.58275,403,44849
shape_J31CWLMYJB_1,1.52855,103.58369,404,44957
shape_J31CWLMYJB_1,1.52856,103.58487,405,45088
shape_J31CWLMYJB_1,1.52857,103.58736,406,45365
shape_J31CWLMYJB_1,1.52849,103.58789,407,45425
shape_J31CWLMYJB_1,1.52852,103.58792,408,45430
shape_J31CWLMYJB_1,1.52832,103.58844,409,45492
shape_J31CWLMYJB_1,1.52798,103.58896,410,45561
shape_J31CWLMYJB_1,1.52758,103.58939,411,45626
shape_J31CWLMYJB_1,1.52725,103.58955,412,45667
shape_J31CWLMYJB_1,1.52469,103.58951,413,45952
shape_J31CWLMYJB_1,1.52489,103.58955,414,45975
shape_J31CWLMYJB_1,1.5245,103.58946,415,46020
shape_J31CWLMYJB_1,1.52432,103.58936,416,46043
shape_J31CWLMYJB_1,1.52419,103.58922,417,46064
shape_J31CWLMYJB_1,1.52405,103.58903,418,46090
shape_J31CWLMYJB_1,1.52386,103.58844,419,46159
shape_J31CWLMYJB_1,1.52384,103.58836,420,46168
shape_J31CWLMYJB_1,1.52378,103.58682,421,46339
shape_J31CWLMYJB_1,1.52403,103.58395,422,46659
shape_J31CWLMYJB_1,1.52398,103.58387,423,46669
shape_J31CWLMYJB_1,1.52392,103.58354,424,46706
shape_J31CWLMYJB_1,1.52393,103.58344,425,46717
shape_J31CWLMYJB_1,1.52399,103.58336,426,46728
shape_J31CWLMYJB_1,1.52469,103.58288,427,46822
shape_J31CWLMYJB_1,1.52741,103.58221,428,47133
shape_J33CWLMYJB_1,1.46352,103.76496,0,0
shape_J33CWLMYJB_1,1.46263,103.76562,1,123
shape_J33CWLMYJB_1,1.46113,103.76643,2,313
shape_J33CWLMYJB_1,1.4603,103.76695,3,422
shape_J33CWLMYJB_1,1.46023,103.76696,4,430
shape_J33CWLMYJB_1,1.46015,103.76699,5,440
shape_J33CWLMYJB_1,1.46003,103.76717,6,464
shape_J33CWLMYJB_1,1.4599,103.76732,7,486
shape_J33CWLMYJB_1,1.45942,103.76761,8,548
shape_J33CWLMYJB_1,1.45919,103.76726,9,595
shape_J33CWLMYJB_1,1.45906,103.76713,10,615
shape_J33CWLMYJB_1,1.4589,103.76703,11,636
shape_J33CWLMYJB_1,1.45867,103.76695,12,663
shape_J33CWLMYJB_1,1.45804,103.76685,13,734
shape_J33CWLMYJB_1,1.45784,103.76676,14,758
shape_J33CWLMYJB_1,1.45738,103.76642,15,822
shape_J33CWLMYJB_1,1.45714,103.76628,16,853
shape_J33CWLMYJB_1,1.4569,103.76616,17,883
shape_J33CWLMYJB_1,1.45636,103.76583,18,953
shape_J33CWLMYJB_1,1.4561,103.76554,19,996
shape_J33CWLMYJB_1,1.45602,103.7654,20,1014
shape_J33CWLMYJB_1,1.45487,103.76126,21,1492
shape_J33CWLMYJB_1,1.45426,103.75828,22,1830
shape_J33CWLMYJB_1,1.45411,103.75733,23,1937
shape_J33CWLMYJB_1,1.45413,103.7564,24,2040
shape_J33CWLMYJB_1,1.45444,103.75561,25,2134
shape_J33CWLMYJB_1,1.45466,103.75439,26,2272
shape_J33CWLMYJB_1,1.45514,103.75266,27,2472
shape_J33CWLMYJB_1,1.45523,103.75243,28,2499
shape_J33CWLMYJB_1,1.45527,103.75219,29,2526
shape_J33CWLMYJB_1,1.45526,103.75187,30,2562
shape_J33CWLMYJB_1,1.45528,103.75165,31,2587
shape_J33CWLMYJB_1,1.45537,103.75131,32,2626
shape_J33CWLMYJB_1,1.45671,103.74825,33,2997
shape_J33CWLMYJB_1,1.45708,103.74722,34,3119
shape_J33CWLMYJB_1,1.45935,103.73832,35,4140
shape_J33CWLMYJB_1,1.45938,103.73828,36,4146
shape_J33CWLMYJB_1,1.45981,103.73641,37,4359
shape_J33CWLMYJB_1,1.46008,103.73554,38,4460
shape_J33CWLMYJB_1,1.4604,103.73475,39,4555
shape_J33CWLMYJB_1,1.46055,103.73444,40,4593
shape_J33CWLMYJB_1,1.46096,103.73372,41,4685
shape_J33CWLMYJB_1,1.46118,103.7334,42,4728
shape_J33CWLMYJB_1,1.46132,103.73316,43,4759
shape_J33CWLMYJB_1,1.46202,103.73232,44,4881
shape_J33CWLMYJB_1,1.4628,103.73158,45,5001
shape_J33CWLMYJB_1,1.46453,103.72975,46,5281
shape_J33CWLMYJB_1,1.46769,103.72694,47,5751
shape_J33CWLMYJB_1,1.46797,103.72673,48,5790
shape_J33CWLMYJB_1,1.46826,103.72658,49,5826
shape_J33CWLMYJB_1,1.47321,103.72495,50,6405
shape_J33CWLMYJB_1,1.47961,103.72352,51,7134
shape_J33CWLMYJB_1,1.48015,103.72335,52,7197
shape_J33CWLMYJB_1,1.48048,103.72321,53,7237
shape_J33CWLMYJB_1,1.48078,103.72306,54,7274
shape_J33CWLMYJB_1,1.48153,103.7225,55,7378
shape_J33CWLMYJB_1,1.48195,103.7221,56,7442
shape_J33CWLMYJB_1,1.48236,103.72158,57,7516
shape_J33CWLMYJB_1,1.48345,103.72001,58,7728
shape_J33CWLMYJB_1,1.48363,103.7198,59,7759
shape_J33CWLMYJB_1,1.48411,103.71892,60,7870
shape_J33CWLMYJB_1,1.484288,103.718644,61,7907
shape_J33CWLMYJB_1,1.484514,103.718335,62,7950
shape_J33CWLMYJB_1,1.4847027911227,103.71807129447745,63,7986
shape_J33CWLMYJB_1,1.484864,103.717891,64,8013
shape_J33CWLMYJB_1,1.485035,103.717725,65,8039
shape_J33CWLMYJB_1,1.485210,103.717598,66,8063
shape_J33CWLMYJB_1,1.485374,103.717493,67,8085
shape_J33CWLMYJB_1,1.485557,103.717379,68,8109
shape_J33CWLMYJB_1,1.485633,103.717301,69,8121
shape_J33CWLMYJB_1,1.485696,103.717168,70,8137
shape_J33CWLMYJB_1,1.485722,103.717000,71,8156
shape_J33CWLMYJB_1,1.485698,103.716865,72,8171
shape_J33CWLMYJB_1,1.485608,103.716701,73,8192
shape_J33CWLMYJB_1,1.485376,103.716515,74,8225
shape_J33CWLMYJB_1,1.485096,103.716319,75,8263
shape_J33CWLMYJB_1,1.484663,103.716019,76,8322
shape_J33CWLMYJB_1,1.484214,103.715724,77,8382
shape_J33CWLMYJB_1,1.484116,103.715656,78,8395
shape_J33CWLMYJB_1,1.484013,103.715579,79,8409
shape_J33CWLMYJB_1,1.483874,103.715492,80,8427
shape_J33CWLMYJB_1,1.483827,103.715465,81,8433
shape_J33CWLMYJB_1,1.483747,103.715384,82,8446
shape_J33CWLMYJB_1,1.483663,103.715296,83,8460
shape_J33CWLMYJB_1,1.483630,103.715244,84,8467
shape_J33CWLMYJB_1,1.483537,103.715096,85,8486
shape_J33CWLMYJB_1,1.483408,103.714895,86,8513
shape_J33CWLMYJB_1,1.483261,103.714661,87,8544
shape_J33CWLMYJB_1,1.4831606648361906,103.71450734693289,88,8564
shape_J33CWLMYJB_1,1.483125,103.714491,89,8568
shape_J33CWLMYJB_1,1.483067,103.714435,90,8577
shape_J33CWLMYJB_1,1.483012,103.714377,91,8586
shape_J33CWLMYJB_1,1.482960,103.714311,92,8595
shape_J33CWLMYJB_1,1.482869,103.714185,93,8612
shape_J33CWLMYJB_1,1.482693,103.713912,94,8648
shape_J33CWLMYJB_1,1.482555,103.713691,95,8677
shape_J33CWLMYJB_1,1.482289,103.713240,96,8735
shape_J33CWLMYJB_1,1.481931,103.712503,97,8826
shape_J33CWLMYJB_1,1.481771,103.712042,98,8880
shape_J33CWLMYJB_1,1.481730,103.711885,99,8898
shape_J33CWLMYJB_1,1.481734,103.711803,100,8907
shape_J33CWLMYJB_1,1.481738,103.711759,101,8912
shape_J33CWLMYJB_1,1.481751,103.711745,102,8914
shape_J33CWLMYJB_1,1.481827,103.711730,103,8923
shape_J33CWLMYJB_1,1.481942,103.711710,104,8936
shape_J33CWLMYJB_1,1.481975,103.711716,105,8940
shape_J33CWLMYJB_1,1.482009,103.711728,106,8944
shape_J33CWLMYJB_1,1.482046,103.711763,107,8950
shape_J33CWLMYJB_1,1.482070,103.711802,108,8955
shape_J33CWLMYJB_1,1.482125,103.711922,109,8970
shape_J33CWLMYJB_1,1.482220,103.712237,110,9007
shape_J33CWLMYJB_1,1.482323,103.712536,111,9042
shape_J33CWLMYJB_1,1.482435,103.712842,112,9078
shape_J33CWLMYJB_1,1.482507,103.712974,113,9095
shape_J33CWLMYJB_1,1.482650,103.713263,114,9131
shape_J33CWLMYJB_1,1.482810,103.713545,115,9167
shape_J33CWLMYJB_1,1.482959,103.713833,116,9203
shape_J33CWLMYJB_1,1.483018,103.713973,117,9220
shape_J33CWLMYJB_1,1.483016,103.713998,118,9223
shape_J33CWLMYJB_1,1.483012,103.714032,119,9227
shape_J33CWLMYJB_1,1.483075,103.714159,120,9243
shape_J33CWLMYJB_1,1.483238,103.714442,121,9279
shape_J33CWLMYJB_1,1.483366,103.714672,122,9308
shape_J33CWLMYJB_1,1.483473,103.714847,123,9331
shape_J33CWLMYJB_1,1.483576,103.715004,124,9352
shape_J33CWLMYJB_1,1.483680,103.715161,125,9373
shape_J33CWLMYJB_1,1.483810,103.715324,126,9396
shape_J33CWLMYJB_1,1.483971,103.715460,127,9419
shape_J33CWLMYJB_1,1.484186,103.715601,128,9448
shape_J33CWLMYJB_1,1.484411,103.715731,129,9477
shape_J33CWLMYJB_1,1.484654,103.715910,130,9511
shape_J33CWLMYJB_1,1.484878,103.716059,131,9541
shape_J33CWLMYJB_1,1.485091,103.716214,132,9570
shape_J33CWLMYJB_1,1.485436,103.716449,133,9616
shape_J33CWLMYJB_1,1.4855709785517668,103.71654178158,134,9634
shape_J33CWLMYJB_1,1.485645,103.716557,135,9642
shape_J33CWLMYJB_1,1.485725,103.716573,136,9651
shape_J33CWLMYJB_1,1.485774,103.716576,137,9656
shape_J33CWLMYJB_1,1.485884,103.716572,138,9668
shape_J33CWLMYJB_1,1.485912,103.716568,139,9671
shape_J33CWLMYJB_1,1.485955,103.716540,140,9677
shape_J33CWLMYJB_1,1.485979,103.716514,141,9681
shape_J33CWLMYJB_1,1.486007,103.716459,142,9688
shape_J33CWLMYJB_1,1.486061,103.716367,143,9700
shape_J33CWLMYJB_1,1.486197,103.716202,144,9724
shape_J33CWLMYJB_1,1.486242,103.716150,145,9732
shape_J33CWLMYJB_1,1.486296,103.716068,146,9743
shape_J33CWLMYJB_1,1.486383,103.715939,147,9760
shape_J33CWLMYJB_1,1.486565,103.715670,148,9796
shape_J33CWLMYJB_1,1.486701,103.715473,149,9823
shape_J33CWLMYJB_1,1.486835,103.715275,150,9850
shape_J33CWLMYJB_1,1.487062,103.714941,151,9895
shape_J33CWLMYJB_1,1.487197,103.714741,152,9922
shape_J33CWLMYJB_1,1.487470,103.714345,153,9975
shape_J33CWLMYJB_1,1.487564,103.714212,154,9993
shape_J33CWLMYJB_1,1.487690,103.714032,155,10017
shape_J33CWLMYJB_1,1.487890,103.713814,156,10050
shape_J33CWLMYJB_1,1.488106,103.713522,157,10090
shape_J33CWLMYJB_1,1.488391,103.713128,158,10144
shape_J33CWLMYJB_1,1.488775,103.712598,159,10217
shape_J33CWLMYJB_1,1.48883,103.71243,160,10237
shape_J33CWLMYJB_1,1.49244,103.70725,161,10939
shape_J33CWLMYJB_1,1.49382,103.70509,162,11224
shape_J33CWLMYJB_1,1.49493,103.70351,163,11439
shape_J33CWLMYJB_1,1.49665,103.7014,164,11742
shape_J33CWLMYJB_1,1.49887,103.6983,165,12166
shape_J33CWLMYJB_1,1.50074,103.69568,166,12524
shape_J33CWLMYJB_1,1.5016,103.69424,167,12710
shape_J33CWLMYJB_1,1.50247,103.69325,168,12857
shape_J33CWLMYJB_1,1.50286,103.69288,169,12917
shape_J33CWLMYJB_1,1.50299,103.69266,170,12945
shape_J33CWLMYJB_1,1.50308,103.6924,171,12976
shape_J33CWLMYJB_1,1.5031,103.69213,172,13006
shape_J33CWLMYJB_1,1.50308,103.69192,173,13029
shape_J33CWLMYJB_1,1.50298,103.69157,174,13069
shape_J33CWLMYJB_1,1.50275,103.69102,175,13135
shape_J33CWLMYJB_1,1.50199,103.68946,176,13328
shape_J33CWLMYJB_1,1.5019,103.68923,177,13355
shape_J33CWLMYJB_1,1.50176,103.68872,178,13414
shape_J33CWLMYJB_1,1.50175,103.68848,179,13441
shape_J33CWLMYJB_1,1.50177,103.68818,180,13474
shape_J33CWLMYJB_1,1.50194,103.68721,181,13583
shape_J33CWLMYJB_1,1.50207,103.68646,182,13668
shape_J33CWLMYJB_1,1.50207,103.68615,183,13702
shape_J33CWLMYJB_1,1.50199,103.68576,184,13746
shape_J33CWLMYJB_1,1.5019,103.68553,185,13773
shape_J33CWLMYJB_1,1.50177,103.68526,186,13806
shape_J33CWLMYJB_1,1.50172,103.68519,187,13816
shape_J33CWLMYJB_1,1.50137,103.68474,188,13879
shape_J33CWLMYJB_1,1.49835,103.6818,189,14348
shape_J33CWLMYJB_1,1.49797,103.68155,190,14399
shape_J33CWLMYJB_1,1.49783,103.68151,191,14415
shape_J33CWLMYJB_1,1.49768,103.68153,192,14432
shape_J33CWLMYJB_1,1.49587,103.68331,193,14714
shape_J33CWLMYJB_1,1.49486,103.68435,194,14875
shape_J33CWLMYJB_1,1.49386,103.68527,195,15026
shape_J33CWLMYJB_1,1.49342,103.68552,196,15082
shape_J33CWLMYJB_1,1.49272,103.68584,197,15168
shape_J33CWLMYJB_1,1.49226,103.68596,198,15221
shape_J33CWLMYJB_1,1.49194,103.68602,199,15257
shape_J33CWLMYJB_1,1.49185,103.68607,200,15268
shape_J33CWLMYJB_1,1.48928,103.68653,201,15558
shape_J33CWLMYJB_1,1.48743,103.68685,202,15767
shape_J33CWLMYJB_1,1.48584,103.68711,203,15946
shape_J33CWLMYJB_1,1.48529,103.68715,204,16007
shape_J33CWLMYJB_1,1.485,103.68708,205,16040
shape_J33CWLMYJB_1,1.48431,103.68682,206,16122
shape_J33CWLMYJB_1,1.48418,103.6868,207,16137
shape_J33CWLMYJB_1,1.4834,103.68643,208,16233
shape_J33CWLMYJB_1,1.48322,103.68631,209,16257
shape_J33CWLMYJB_1,1.48217,103.68545,210,16408
shape_J33CWLMYJB_1,1.48013,103.68373,211,16705
shape_J33CWLMYJB_1,1.47983,103.68344,212,16751
shape_J33CWLMYJB_1,1.47614,103.67997,213,17314
shape_J33CWLMYJB_1,1.47449,103.67902,214,17526
shape_J33CWLMYJB_1,1.47369,103.67848,215,17633
shape_J33CWLMYJB_1,1.47337,103.67832,216,17673
shape_J33CWLMYJB_1,1.47231,103.67805,217,17795
shape_J33CWLMYJB_1,1.47243,103.67771,218,17835
shape_J33CWLMYJB_1,1.47259,103.67712,219,17903
shape_J33CWLMYJB_1,1.47263,103.67655,220,17967
shape_J33CWLMYJB_1,1.47266,103.6765,221,17973
shape_J33CWLMYJB_1,1.47264,103.67568,222,18064
shape_J33CWLMYJB_1,1.47271,103.67467,223,18177
shape_J33CWLMYJB_1,1.47281,103.67409,224,18242
shape_J33CWLMYJB_1,1.47287,103.67282,225,18383
shape_J33CWLMYJB_1,1.47284,103.67203,226,18471
shape_J33CWLMYJB_1,1.47291,103.67073,227,18616
shape_J33CWLMYJB_1,1.47284,103.67052,228,18641
shape_J33CWLMYJB_1,1.47282,103.67014,229,18683
shape_J33CWLMYJB_1,1.47286,103.66764,230,18961
shape_J33CWLMYJB_1,1.47284,103.66751,231,18976
shape_J33CWLMYJB_1,1.47274,103.66712,232,19021
shape_J33CWLMYJB_1,1.47267,103.66696,233,19040
shape_J33CWLMYJB_1,1.47234,103.66639,234,19113
shape_J33CWLMYJB_1,1.4727,103.66629,235,19155
shape_J33CWLMYJB_1,1.47567,103.66582,236,19489
shape_J33CWLMYJB_1,1.4766824834867345,103.66566040740967,237,19603
shape_J33CWLMYJB_1,1.4776473182862169,103.6655345767212,238,19711
shape_J33CWLMYJB_1,1.48032,103.66498,239,20015
shape_J33CWLMYJB_1,1.4815368131239202,103.66472667493821,240,20153
shape_J33CWLMYJB_1,1.48151,103.66415,241,20217
shape_J33CWLMYJB_1,1.48121,103.66329,242,20318
shape_J33CWLMYJB_1,1.48081,103.66215,243,20452
shape_J33CWLMYJB_1,1.48113,103.66203,244,20490
shape_J33CWLMYJB_1,1.48166,103.66174,245,20557
shape_J33CWLMYJB_1,1.4822405026362104,103.66113052513123,246,20651
shape_J33CWLMYJB_1,1.482667754907041,103.66035262565615,247,20750
shape_J33CWLMYJB_1,1.4827890518430487,103.65924577644347,248,20874
shape_J33CWLMYJB_1,1.482576415752164,103.65860047088624,249,20950
shape_J33CWLMYJB_1,1.4822216039456055,103.6580339113617,250,21024
shape_J33CWLMYJB_1,1.4820336262361233,103.65769652807695,251,21067
shape_J33CWLMYJB_1,1.48124,103.65718,252,21172
shape_J33CWLMYJB_1,1.480554923221515,103.65693116798401,253,21253
shape_J33CWLMYJB_1,1.4799995819562481,103.65687262565615,254,21315
shape_J33CWLMYJB_1,1.4795,103.65694,255,21371
shape_J33CWLMYJB_1,1.47908,103.65705,256,21419
shape_J33CWLMYJB_1,1.47863,103.65573,257,21574
shape_J33CWLMYJB_1,1.47773,103.6531,258,21883
shape_J33CWLMYJB_1,1.47767,103.65282,259,21915
shape_J33CWLMYJB_1,1.47766,103.65261,260,21938
shape_J33CWLMYJB_1,1.4772644618245985,103.65193501125336,261,22025
shape_J33CWLMYJB_1,1.4768837147015013,103.65110889087677,262,22126
shape_J33CWLMYJB_1,1.4778345271503182,103.65058915805815,263,22246
shape_J33CWLMYJB_1,1.4785969237261858,103.65029414218901,264,22337
shape_J33CWLMYJB_1,1.479,103.65006,265,22389
shape_J33CWLMYJB_1,1.48036,103.64945,266,22555
shape_J33CWLMYJB_1,1.48385,103.64811,267,22971
shape_J33CWLMYJB_1,1.48409,103.64846,268,23018
shape_J33CWLMYJB_1,1.48416,103.64853,269,23029
shape_J33CWLMYJB_1,1.48666,103.65083,270,23407
shape_J33CWLMYJB_1,1.48677,103.65095,271,23425
shape_J33CWLMYJB_1,1.48764,103.65179,272,23559
shape_J33CWLMYJB_1,1.4881,103.65236,273,23640
shape_J33CWLMYJB_1,1.48822,103.65259,274,23669
shape_J33CWLMYJB_1,1.48838,103.6531,275,23728
shape_J33CWLMYJB_1,1.48848,103.654,276,23829
shape_J33CWLMYJB_1,1.48812,103.65657,277,24117
shape_J33CWLMYJB_1,1.48803,103.65694,278,24159
shape_J33CWLMYJB_1,1.48791,103.661,279,24610
shape_J33CWLMYJB_1,1.48787,103.66209,280,24731
shape_J33CWLMYJB_1,1.48802,103.66317,281,24852
shape_J33CWLMYJB_1,1.48814,103.66329,282,24871
shape_J33CWLMYJB_1,1.48827,103.66333,283,24886
shape_J33CWLMYJB_1,1.48867,103.66315,284,24935
shape_J33CWLMYJB_1,1.4892,103.66276,285,25008
shape_J33CWLMYJB_1,1.48953,103.66247,286,25057
shape_J33CWLMYJB_1,1.48977,103.6622,287,25097
shape_J33CWLMYJB_1,1.49319,103.65743,288,25749
shape_J33CWLMYJB_1,1.49433,103.65599,289,25953
shape_J33CWLMYJB_1,1.49461,103.6557,290,25998
shape_J33CWLMYJB_1,1.49487,103.65548,291,26036
shape_J33CWLMYJB_1,1.49502,103.65538,292,26056
shape_J33CWLMYJB_1,1.49532,103.65528,293,26091
shape_J33CWLMYJB_1,1.49564,103.65522,294,26127
shape_J33CWLMYJB_1,1.49643,103.6552,295,26215
shape_J33CWLMYJB_1,1.49738,103.65526,296,26321
shape_J33CWLMYJB_1,1.49738,103.65815,297,26642
shape_J33CWLMYJB_1,1.49726,103.65983,298,26829
shape_J33CWLMYJB_0,1.49726,103.65983,0,0
shape_J33CWLMYJB_0,1.4973107808362711,103.65819217323303,1,182
shape_J33CWLMYJB_0,1.4972348456114144,103.65781087829589,2,225
shape_J33CWLMYJB_0,1.495996087768809,103.65784758266447,3,363
shape_J33CWLMYJB_0,1.49556,103.6578,4,412
shape_J33CWLMYJB_0,1.4952,103.65774,5,453
shape_J33CWLMYJB_0,1.49442,103.65756,6,542
shape_J33CWLMYJB_0,1.4942,103.65745,7,569
shape_J33CWLMYJB_0,1.49378,103.65713,8,628
shape_J33CWLMYJB_0,1.49334,103.65753,9,694
shape_J33CWLMYJB_0,1.49193,103.65957,10,970
shape_J33CWLMYJB_0,1.49181,103.65949,11,986
shape_J33CWLMYJB_0,1.48981,103.66229,12,1369
shape_J33CWLMYJB_0,1.48958,103.66257,13,1409
shape_J33CWLMYJB_0,1.48935,103.66281,14,1446
shape_J33CWLMYJB_0,1.48902,103.66307,15,1493
shape_J33CWLMYJB_0,1.48875,103.66324,16,1528
shape_J33CWLMYJB_0,1.48849,103.66337,17,1560
shape_J33CWLMYJB_0,1.48801,103.66353,18,1616
shape_J33CWLMYJB_0,1.48791,103.66305,19,1671
shape_J33CWLMYJB_0,1.48778,103.66209,20,1779
shape_J33CWLMYJB_0,1.48776,103.66159,21,1835
shape_J33CWLMYJB_0,1.48781,103.66101,22,1900
shape_J33CWLMYJB_0,1.48795,103.65682,23,2366
shape_J33CWLMYJB_0,1.488,103.65658,24,2393
shape_J33CWLMYJB_0,1.48838,103.65428,25,2652
shape_J33CWLMYJB_0,1.48837,103.654,26,2683
shape_J33CWLMYJB_0,1.48827,103.65305,27,2789
shape_J33CWLMYJB_0,1.48807,103.65247,28,2857
shape_J33CWLMYJB_0,1.48774,103.65204,29,2917
shape_J33CWLMYJB_0,1.48659,103.65091,30,3096
shape_J33CWLMYJB_0,1.4864,103.65081,31,3120
shape_J33CWLMYJB_0,1.48415,103.64868,32,3464
shape_J33CWLMYJB_0,1.48418,103.64871,33,3469
shape_J33CWLMYJB_0,1.48402,103.64853,34,3496
shape_J33CWLMYJB_0,1.48383,103.64822,35,3536
shape_J33CWLMYJB_0,1.4804,103.64957,36,3946
shape_J33CWLMYJB_0,1.47927,103.65012,37,4086
shape_J33CWLMYJB_0,1.47769,103.65077,38,4276
shape_J33CWLMYJB_0,1.4769251870136137,103.65113804893494,39,4370
shape_J33CWLMYJB_0,1.47744,103.65205,40,4486
shape_J33CWLMYJB_0,1.47766,103.65261,41,4553
shape_J33CWLMYJB_0,1.47871,103.65565,42,4911
shape_J33CWLMYJB_0,1.4791899785314342,103.6569756587219,43,5068
shape_J33CWLMYJB_0,1.4797876920222959,103.656829361763,44,5136
shape_J33CWLMYJB_0,1.4803549659233348,103.65681790409087,45,5199
shape_J33CWLMYJB_0,1.4806965699360366,103.65686373477939,46,5237
shape_J33CWLMYJB_0,1.48102,103.65695,47,5274
shape_J33CWLMYJB_0,1.4816002575211544,103.65731901090624,48,5350
shape_J33CWLMYJB_0,1.482166151163812,103.65786918518064,49,5438
shape_J33CWLMYJB_0,1.4825548539701987,103.65860052513125,50,5530
shape_J33CWLMYJB_0,1.482735579117582,103.65934384788515,51,5615
shape_J33CWLMYJB_0,1.4827097771343989,103.65999717063904,52,5688
shape_J33CWLMYJB_0,1.482601799444469,103.66081419668463,53,5780
shape_J33CWLMYJB_0,1.482114240145565,103.66135052513128,54,5861
shape_J33CWLMYJB_0,1.48173,103.6618,55,5927
shape_J33CWLMYJB_0,1.4809324828501131,103.66215652778622,56,6024
shape_J33CWLMYJB_0,1.4816,103.664,57,6242
shape_J33CWLMYJB_0,1.4818,103.66468,58,6321
shape_J33CWLMYJB_0,1.48182,103.6648,59,6335
shape_J33CWLMYJB_0,1.48086,103.66502,60,6445
shape_J33CWLMYJB_0,1.47807,103.66553,61,6760
shape_J33CWLMYJB_0,1.47613,103.66578,62,6978
shape_J33CWLMYJB_0,1.47561,103.66595,63,7039
shape_J33CWLMYJB_0,1.47368,103.66618,64,7255
shape_J33CWLMYJB_0,1.47316,103.66635,65,7316
shape_J33CWLMYJB_0,1.4731,103.66638,66,7323
shape_J33CWLMYJB_0,1.47303,103.66647,67,7336
shape_J33CWLMYJB_0,1.473,103.6666,68,7351
shape_J33CWLMYJB_0,1.47301,103.66666,69,7358
shape_J33CWLMYJB_0,1.47313,103.66698,70,7396
shape_J33CWLMYJB_0,1.47314,103.66715,71,7415
shape_J33CWLMYJB_0,1.47319,103.6673,72,7433
shape_J33CWLMYJB_0,1.47322,103.66755,73,7461
shape_J33CWLMYJB_0,1.47311,103.67054,74,7794
shape_J33CWLMYJB_0,1.47303,103.67107,75,7854
shape_J33CWLMYJB_0,1.4731,103.672,76,7958
shape_J33CWLMYJB_0,1.47296,103.67371,77,8149
shape_J33CWLMYJB_0,1.473,103.67428,78,8213
shape_J33CWLMYJB_0,1.47294,103.67712,79,8529
shape_J33CWLMYJB_0,1.47296,103.67717,80,8535
shape_J33CWLMYJB_0,1.47285,103.67756,81,8580
shape_J33CWLMYJB_0,1.47276,103.67783,82,8612
shape_J33CWLMYJB_0,1.47282,103.67797,83,8629
shape_J33CWLMYJB_0,1.47293,103.67807,84,8646
shape_J33CWLMYJB_0,1.47315,103.67816,85,8672
shape_J33CWLMYJB_0,1.47337,103.67821,86,8697
shape_J33CWLMYJB_0,1.47431,103.6787,87,8815
shape_J33CWLMYJB_0,1.47618,103.67985,88,9059
shape_J33CWLMYJB_0,1.47645,103.68007,89,9098
shape_J33CWLMYJB_0,1.47963,103.68308,90,9585
shape_J33CWLMYJB_0,1.48222,103.68531,91,9965
shape_J33CWLMYJB_0,1.482794483976051,103.68586827976229,92,10054
shape_J33CWLMYJB_0,1.4834500000000255,103.68634629695892,93,10144
shape_J33CWLMYJB_0,1.484,103.68659,94,10211
shape_J33CWLMYJB_0,1.4847398879473912,103.68695116336819,95,10303
shape_J33CWLMYJB_0,1.48531,103.68704,96,10367
shape_J33CWLMYJB_0,1.4864658425253736,103.68694836574554,97,10496
shape_J33CWLMYJB_0,1.48733,103.68676,98,10594
shape_J33CWLMYJB_0,1.4883915042979827,103.68660751918793,99,10713
shape_J33CWLMYJB_0,1.48939,103.68639,100,10827
shape_J33CWLMYJB_0,1.4907552097408943,103.68614711177824,101,10981
shape_J33CWLMYJB_0,1.49171,103.68597,102,11089
shape_J33CWLMYJB_0,1.4930164512257262,103.68561713890074,103,11239
shape_J33CWLMYJB_0,1.4937411832257173,103.6851025621796,104,11338
shape_J33CWLMYJB_0,1.4946,103.68442,105,11460
shape_J33CWLMYJB_0,1.49568,103.68334,106,11630
shape_J33CWLMYJB_0,1.496357937277512,103.68258740608216,107,11743
shape_J33CWLMYJB_0,1.4974990042765912,103.68146253967286,108,11921
shape_J33CWLMYJB_0,1.4975103209937255,103.68096918518067,109,11976
shape_J33CWLMYJB_0,1.49599,103.67948,110,12213
shape_J33CWLMYJB_0,1.49472,103.67819,111,12414
shape_J33CWLMYJB_0,1.49395,103.67758,112,12523
shape_J33CWLMYJB_0,1.49381,103.67741,113,12547
shape_J33CWLMYJB_0,1.49178,103.67548,114,12858
shape_J33CWLMYJB_0,1.49174,103.67539,115,12869
shape_J33CWLMYJB_0,1.49173,103.67531,116,12878
shape_J33CWLMYJB_0,1.49176,103.67523,117,12887
shape_J33CWLMYJB_0,1.49184,103.67517,118,12898
shape_J33CWLMYJB_0,1.49194,103.67515,119,12909
shape_J33CWLMYJB_0,1.49202,103.67519,120,12919
shape_J33CWLMYJB_0,1.49223,103.67536,121,12949
shape_J33CWLMYJB_0,1.49429,103.67748,122,13278
shape_J33CWLMYJB_0,1.49442,103.67764,123,13301
shape_J33CWLMYJB_0,1.495813,103.678933,124,13512
shape_J33CWLMYJB_0,1.4975184127278878,103.68070069248196,125,13785
shape_J33CWLMYJB_0,1.49791,103.68107,126,13845
shape_J33CWLMYJB_0,1.50149,103.68462,127,14406
shape_J33CWLMYJB_0,1.50184,103.68504,128,14467
shape_J33CWLMYJB_0,1.50196,103.68523,129,14492
shape_J33CWLMYJB_0,1.50216,103.68575,130,14554
shape_J33CWLMYJB_0,1.50223,103.68616,131,14600
shape_J33CWLMYJB_0,1.50225,103.68645,132,14632
shape_J33CWLMYJB_0,1.50212,103.68712,133,14708
shape_J33CWLMYJB_0,1.50192,103.68829,134,14840
shape_J33CWLMYJB_0,1.5019,103.68862,135,14877
shape_J33CWLMYJB_0,1.50196,103.68889,136,14908
shape_J33CWLMYJB_0,1.50221,103.68948,137,14979
shape_J33CWLMYJB_0,1.50341,103.69181,138,15270
shape_J33CWLMYJB_0,1.50359,103.69201,139,15300
shape_J33CWLMYJB_0,1.50367,103.69206,140,15310
shape_J33CWLMYJB_0,1.50375,103.69209,141,15320
shape_J33CWLMYJB_0,1.50388,103.69208,142,15334
shape_J33CWLMYJB_0,1.504,103.69202,143,15349
shape_J33CWLMYJB_0,1.50449,103.69169,144,15415
shape_J33CWLMYJB_0,1.50562,103.69074,145,15579
shape_J33CWLMYJB_0,1.50583,103.69059,146,15608
shape_J33CWLMYJB_0,1.50595,103.69056,147,15622
shape_J33CWLMYJB_0,1.50605,103.69062,148,15635
shape_J33CWLMYJB_0,1.50611,103.69076,149,15652
shape_J33CWLMYJB_0,1.50605,103.69091,150,15670
shape_J33CWLMYJB_0,1.50538,103.69138,151,15761
shape_J33CWLMYJB_0,1.50492,103.69176,152,15827
shape_J33CWLMYJB_0,1.504,103.69244,153,15954
shape_J33CWLMYJB_0,1.50376,103.69264,154,15989
shape_J33CWLMYJB_0,1.50364,103.69276,155,16008
shape_J33CWLMYJB_0,1.50345,103.69314,156,16055
shape_J33CWLMYJB_0,1.50332,103.69331,157,16079
shape_J33CWLMYJB_0,1.50286,103.69369,158,16145
shape_J33CWLMYJB_0,1.50197,103.69468,159,16293
shape_J33CWLMYJB_0,1.50166,103.69496,160,16339
shape_J33CWLMYJB_0,1.5014,103.69511,161,16372
shape_J33CWLMYJB_0,1.50119,103.69526,162,16401
shape_J33CWLMYJB_0,1.50081,103.69585,163,16479
shape_J33CWLMYJB_0,1.49892,103.69862,164,16852
shape_J33CWLMYJB_0,1.49698,103.70152,165,17240
shape_J33CWLMYJB_0,1.49582,103.70333,166,17479
shape_J33CWLMYJB_0,1.49447,103.70527,167,17742
shape_J33CWLMYJB_0,1.49263,103.70768,168,18079
shape_J33CWLMYJB_0,1.48961,103.71202,169,18667
shape_J33CWLMYJB_0,1.4875,103.71473,170,19049
shape_J33CWLMYJB_0,1.48741,103.71492,171,19072
shape_J33CWLMYJB_0,1.48732,103.71532,172,19118
shape_J33CWLMYJB_0,1.48732,103.71545,173,19132
shape_J33CWLMYJB_0,1.48739,103.71574,174,19165
shape_J33CWLMYJB_0,1.48761,103.7164,175,19242
shape_J33CWLMYJB_0,1.48758,103.71666,176,19271
shape_J33CWLMYJB_0,1.48752,103.71689,177,19297
shape_J33CWLMYJB_0,1.48744,103.71705,178,19317
shape_J33CWLMYJB_0,1.48734,103.71717,179,19334
shape_J33CWLMYJB_0,1.48716,103.71729,180,19358
shape_J33CWLMYJB_0,1.48702,103.71735,181,19375
shape_J33CWLMYJB_0,1.48657,103.71748,182,19427
shape_J33CWLMYJB_0,1.48535,103.71777,183,19566
shape_J33CWLMYJB_0,1.48508,103.71792,184,19600
shape_J33CWLMYJB_0,1.48492,103.71809,185,19626
shape_J33CWLMYJB_0,1.48452,103.71864,186,19702
shape_J33CWLMYJB_0,1.48383,103.7197,187,19843
shape_J33CWLMYJB_0,1.48224,103.72198,188,20152
shape_J33CWLMYJB_0,1.48205,103.72219,189,20183
shape_J33CWLMYJB_0,1.48143,103.72274,190,20275
shape_J33CWLMYJB_0,1.48079,103.72321,191,20363
shape_J33CWLMYJB_0,1.48017,103.72354,192,20441
shape_J33CWLMYJB_0,1.47975,103.7237,193,20491
shape_J33CWLMYJB_0,1.47919,103.72387,194,20556
shape_J33CWLMYJB_0,1.47581,103.72452,195,20939
shape_J33CWLMYJB_0,1.47516,103.72474,196,21015
shape_J33CWLMYJB_0,1.47297,103.72518,197,21263
shape_J33CWLMYJB_0,1.47227,103.72537,198,21344
shape_J33CWLMYJB_0,1.46829,103.72672,199,21811
shape_J33CWLMYJB_0,1.4681,103.72682,200,21835
shape_J33CWLMYJB_0,1.46792,103.72696,201,21860
shape_J33CWLMYJB_0,1.46473,103.72993,202,22345
shape_J33CWLMYJB_0,1.46304,103.73155,203,22605
shape_J33CWLMYJB_0,1.46185,103.73271,204,22790
shape_J33CWLMYJB_0,1.46141,103.73325,205,22867
shape_J33CWLMYJB_0,1.46118,103.73359,206,22913
shape_J33CWLMYJB_0,1.46069,103.73448,207,23026
shape_J33CWLMYJB_0,1.46031,103.73531,208,23127
shape_J33CWLMYJB_0,1.46014,103.73581,209,23186
shape_J33CWLMYJB_0,1.45947,103.73857,210,23502
shape_J33CWLMYJB_0,1.45748,103.74656,211,24417
shape_J33CWLMYJB_0,1.45676,103.74912,212,24713
shape_J33CWLMYJB_0,1.45558,103.75148,213,25006
shape_J33CWLMYJB_0,1.45471,103.75442,214,25347
shape_J33CWLMYJB_0,1.45461,103.75487,215,25398
shape_J33CWLMYJB_0,1.4544,103.75662,216,25594
shape_J33CWLMYJB_0,1.45443,103.75732,217,25672
shape_J33CWLMYJB_0,1.45523,103.76126,218,26119
shape_J33CWLMYJB_0,1.45546,103.76188,219,26193
shape_J33CWLMYJB_0,1.456,103.76371,220,26405
shape_J33CWLMYJB_0,1.45652,103.76484,221,26633
shape_J33CWLMYJB_0,1.45736,103.7662,222,26721
shape_J33CWLMYJB_0,1.45756,103.7664,223,26752
shape_J33CWLMYJB_0,1.45777,103.76654,224,26780
shape_J33CWLMYJB_0,1.45797,103.76663,225,26804
shape_J33CWLMYJB_0,1.45826,103.76671,226,26837
shape_J33CWLMYJB_0,1.45883,103.7668,227,26901
shape_J33CWLMYJB_0,1.45904,103.76686,228,26925
shape_J33CWLMYJB_0,1.45916,103.76694,229,26941
shape_J33CWLMYJB_0,1.45927,103.76704,230,26958
shape_J33CWLMYJB_0,1.4594,103.76722,231,26983
shape_J33CWLMYJB_0,1.45949,103.76724,232,26993
shape_J33CWLMYJB_0,1.45978,103.76709,233,27029
shape_J33CWLMYJB_0,1.45997,103.76697,234,27054
shape_J33CWLMYJB_0,1.46006,103.76687,235,27069
shape_J33CWLMYJB_0,1.46026,103.7668,236,27093
shape_J33CWLMYJB_0,1.46352,103.76496,237,27509
shape_J42CWLMYJB_0,1.37868,103.63418,0,0
shape_J42CWLMYJB_0,1.37866,103.63414,1,5
shape_J42CWLMYJB_0,1.37708,103.63168,2,330
shape_J42CWLMYJB_0,1.376,103.63044,3,513
shape_J42CWLMYJB_0,1.37535,103.62977,4,617
shape_J42CWLMYJB_0,1.37327,103.62832,5,899
shape_J42CWLMYJB_0,1.3711,103.62619,6,1237
shape_J42CWLMYJB_0,1.36983,103.62503,7,1428
shape_J42CWLMYJB_0,1.36934,103.62391,8,1564
shape_J42CWLMYJB_0,1.36609,103.61956,9,2168
shape_J42CWLMYJB_0,1.36596,103.61968,10,2188
shape_J42CWLMYJB_0,1.36567,103.61913,11,2257
shape_J42CWLMYJB_0,1.36317,103.61645,12,2664
shape_J42CWLMYJB_0,1.36245,103.61576,13,2775
shape_J42CWLMYJB_0,1.3607,103.61381,14,3066
shape_J42CWLMYJB_0,1.36004,103.61291,15,3190
shape_J42CWLMYJB_0,1.3595,103.61238,16,3274
shape_J42CWLMYJB_0,1.35623,103.60793,17,3888
shape_J42CWLMYJB_0,1.35591,103.60771,18,3931
shape_J42CWLMYJB_0,1.35531,103.60665,19,4066
shape_J42CWLMYJB_0,1.35152,103.60076,20,4845
shape_J42CWLMYJB_0,1.35127,103.60024,21,4909
shape_J42CWLMYJB_0,1.3512,103.60017,22,4920
shape_J42CWLMYJB_0,1.35106,103.59954,23,4992
shape_J42CWLMYJB_0,1.35101,103.59924,24,5026
shape_J42CWLMYJB_0,1.351,103.59905,25,5047
shape_J42CWLMYJB_0,1.35101,103.59856,26,5101
shape_J42CWLMYJB_0,1.35106,103.59811,27,5151
shape_J42CWLMYJB_0,1.35119,103.59764,28,5205
shape_J42CWLMYJB_0,1.35137,103.59716,29,5262
shape_J42CWLMYJB_0,1.35162,103.59665,30,5325
shape_J42CWLMYJB_0,1.35183,103.59633,31,5368
shape_J42CWLMYJB_0,1.35208,103.59602,32,5412
shape_J42CWLMYJB_0,1.35239,103.59573,33,5459
shape_J42CWLMYJB_0,1.35303,103.59524,34,5549
shape_J42CWLMYJB_0,1.35315,103.59517,35,5564
shape_J42CWLMYJB_0,1.35474,103.59462,36,5751
shape_J42CWLMYJB_0,1.35896,103.59276,37,6264
shape_J42CWLMYJB_0,1.35916,103.59263,38,6291
shape_J42CWLMYJB_0,1.35971,103.5922,39,6369
shape_J42CWLMYJB_0,1.36011,103.59177,40,6434
shape_J42CWLMYJB_0,1.36012,103.59131,41,6485
shape_J42CWLMYJB_0,1.36049,103.59117,42,6529
shape_J42CWLMYJB_0,1.36061,103.59089,43,6563
shape_J42CWLMYJB_0,1.36068,103.59069,44,6587
shape_J42CWLMYJB_0,1.36082,103.58989,45,6677
shape_J42CWLMYJB_0,1.36083,103.58974,46,6694
shape_J42CWLMYJB_0,1.36081,103.58928,47,6745
shape_J42CWLMYJB_0,1.36067,103.58873,48,6808
shape_J42CWLMYJB_0,1.35996,103.58738,49,6978
shape_J42CWLMYJB_0,1.3599,103.5863,50,7098
shape_J42CWLMYJB_0,1.35846,103.58221,51,7580
shape_J42CWLMYJB_0,1.3583,103.58216,52,7599
shape_J42CWLMYJB_0,1.35797,103.5807,53,7765
shape_J42CWLMYJB_0,1.3577855847507916,103.58041918287276,54,7802
shape_J42CWLMYJB_0,1.35757,103.58028,55,7831
shape_J42CWLMYJB_0,1.35763,103.57987,56,7877
shape_J42CWLMYJB_0,1.35752,103.57965,57,7904
shape_J42CWLMYJB_0,1.3571,103.57899,58,7991
shape_J42CWLMYJB_0,1.35679,103.57858,59,8048
shape_J42CWLMYJB_0,1.35659,103.57835,60,8082
shape_J42CWLMYJB_0,1.35353,103.57543,61,8552
shape_J42CWLMYJB_0,1.35332,103.57516,62,8590
shape_J42CWLMYJB_0,1.35311,103.57476,63,8640
shape_J42CWLMYJB_0,1.35206,103.57185,64,8984
shape_J42CWLMYJB_0,1.35203,103.57131,65,9044
shape_J42CWLMYJB_0,1.3519984373345684,103.5711474049282,66,9062
shape_J42CWLMYJB_0,1.35192,103.57108,67,9073
shape_J42CWLMYJB_0,1.35206,103.57081,68,9107
shape_J42CWLMYJB_0,1.3539007258408404,103.56522099140167,69,9761
shape_J42CWLMYJB_0,1.353420744416397,103.56501874949457,70,9819
shape_J42CWLMYJB_0,1.3532330421575296,103.56504557158472,71,9840
shape_J42CWLMYJB_0,1.35319,103.56495,72,9852
shape_J42CWLMYJB_0,1.3532915490225939,103.56499617866041,73,9864
shape_J42CWLMYJB_0,1.3534276331584465,103.56499014369012,74,9879
shape_J42CWLMYJB_0,1.3534618217825085,103.56500087252618,75,9883
shape_J42CWLMYJB_0,1.3539163293271437,103.56517789832117,76,9937
shape_J42CWLMYJB_0,1.35467,103.56354,77,10137
shape_J42CWLMYJB_0,1.35484,103.56329,78,10171
shape_J42CWLMYJB_0,1.35534,103.56269,79,10258
shape_J42CWLMYJB_0,1.35597,103.56207,80,10356
shape_J42CWLMYJB_0,1.35638,103.56174,81,10415
shape_J42CWLMYJB_0,1.35724,103.56115,82,10531
shape_J42CWLMYJB_0,1.35763,103.56093,83,10581
shape_J42CWLMYJB_0,1.35802,103.56077,84,10628
shape_J42CWLMYJB_0,1.35872,103.56061,85,10708
shape_J42CWLMYJB_0,1.35903,103.56047,86,10746
shape_J42CWLMYJB_0,1.36921,103.55832,87,11903
shape_J42CWLMYJB_0,1.3736,103.55709,88,12410
shape_J42CWLMYJB_0,1.37374,103.55707,89,12426
shape_J42CWLMYJB_0,1.37388,103.55707,90,12442
shape_J42CWLMYJB_0,1.37394,103.5571,91,12449
shape_J42CWLMYJB_0,1.37415,103.55728,92,12480
shape_J42CWLMYJB_0,1.37614,103.55944,93,12807
shape_J42CWLMYJB_0,1.37622,103.55948,94,12817
shape_J42CWLMYJB_0,1.3767897173025752,103.56004632638931,95,12906
shape_J42CWLMYJB_0,1.3763701603729441,103.56044099140166,96,12970
shape_J42CWLMYJB_0,1.3761979831578894,103.56058999999999,97,12995
shape_J42CWLMYJB_0,1.3758841329213598,103.5608502331352,98,13040
shape_J42CWLMYJB_0,1.375411168833397,103.56124195337297,99,13108
shape_J42CWLMYJB_0,1.36985,103.56493,100,13850
shape_J42CWLMYJB_0,1.3697127422978483,103.56509241964343,101,13874
shape_J42CWLMYJB_0,1.3690429639168473,103.56461705522537,102,13965
shape_J42CWLMYJB_0,1.3684141937914052,103.56408827976227,103,14056
shape_J42CWLMYJB_0,1.3679617339981756,103.56359218650819,104,14131
shape_J42CWLMYJB_0,1.3673917339867108,103.56293609325407,105,14228
shape_J42CWLMYJB_0,1.3667390525277103,103.56207341104508,106,14348
shape_J42CWLMYJB_0,1.366114415407623,103.56103609325409,107,14483
shape_J42CWLMYJB_0,1.365621733951151,103.5599087754631,108,14620
shape_J42CWLMYJB_0,1.3640631855109167,103.55494046627044,109,15199
shape_J42CWLMYJB_0,1.3638946371017884,103.55473778406143,110,15228
shape_J42CWLMYJB_0,1.3637531855074645,103.55465973743439,111,15246
shape_J42CWLMYJB_0,1.3635992742022716,103.55460682209016,112,15264
shape_J42CWLMYJB_0,1.3634499394363941,103.55459244907378,113,15281
shape_J42CWLMYJB_0,1.36193,103.55504,114,15457
shape_J42CWLMYJB_0,1.361609566548483,103.55516069940569,115,15495
shape_J42CWLMYJB_0,1.36152510081986,103.5551808159733,116,15505
shape_J42CWLMYJB_0,1.3614473387178663,103.55517276934626,117,15514
shape_J42CWLMYJB_0,1.3613079032183784,103.55521166137697,118,15530
shape_J42CWLMYJB_0,1.3615586189664943,103.55602437070849,119,15625
shape_J42CWLMYJB_0,1.36149,103.55606,120,15634
shape_J42CWLMYJB_0,1.3612698588545664,103.55520285648343,121,15732
shape_J42CWLMYJB_0,1.3614454939563432,103.5551476893878,122,15752
shape_J42CWLMYJB_0,1.3615245967842555,103.55508900661707,123,15763
shape_J42CWLMYJB_0,1.36403,103.55432,124,16054
shape_J42CWLMYJB_0,1.36577,103.55984,125,16697
shape_J42CWLMYJB_0,1.36626,103.56097,126,16834
shape_J42CWLMYJB_0,1.36686,103.56203,127,16969
shape_J42CWLMYJB_0,1.36751,103.56285,128,17085
shape_J42CWLMYJB_0,1.36807,103.56348,129,17179
shape_J42CWLMYJB_0,1.3685528638650664,103.56397542327883,130,17256
shape_J42CWLMYJB_0,1.36865,103.56422,131,17285
shape_J42CWLMYJB_0,1.3693910082552954,103.56459755092622,132,17377
shape_J42CWLMYJB_0,1.369609274229114,103.56466072883605,133,17402
shape_J42CWLMYJB_0,1.3697412299019909,103.5647048687172,134,17417
shape_J42CWLMYJB_0,1.369892681442412,103.5647002331352,135,17434
shape_J42CWLMYJB_0,1.3702632854652155,103.56458244907382,136,17477
shape_J42CWLMYJB_0,1.3708631855868862,103.5641639067459,137,17558
shape_J42CWLMYJB_0,1.3753092742546795,103.56125134110452,138,18149
shape_J42CWLMYJB_0,1.375857318564276,103.56078854232786,139,18229
shape_J42CWLMYJB_0,1.3760558670806184,103.56058731779098,140,18260
shape_J42CWLMYJB_0,1.37618,103.56046,141,18280
shape_J42CWLMYJB_0,1.37659,103.55999,142,18349
shape_J42CWLMYJB_0,1.37665,103.56006,143,18359
shape_J42CWLMYJB_0,1.37709,103.56041,144,18422
shape_J42CWLMYJB_0,1.37716,103.56052,145,18436
shape_J42CWLMYJB_0,1.37767,103.56101,146,18515
shape_J42CWLMYJB_0,1.38147,103.56517,147,19141
shape_J42CWLMYJB_0,1.3816,103.56535,148,19166
shape_J42CWLMYJB_0,1.38172,103.56554,149,19191
shape_J42CWLMYJB_0,1.38182,103.56574,150,19216
shape_J42CWLMYJB_0,1.38183,103.56577,151,19220
shape_J42CWLMYJB_0,1.38189,103.56593,152,19239
shape_J42CWLMYJB_0,1.38201,103.56653,153,19307
shape_J42CWLMYJB_0,1.38217,103.56709,154,19372
shape_J42CWLMYJB_0,1.38222,103.56777,155,19448
shape_J42CWLMYJB_0,1.38229,103.56807,156,19482
shape_J42CWLMYJB_0,1.38234,103.56822,157,19500
shape_J42CWLMYJB_0,1.38249,103.56848,158,19533
shape_J42CWLMYJB_0,1.38452,103.57127,159,19917
shape_J42CWLMYJB_0,1.38565,103.57454,160,20302
shape_J42CWLMYJB_0,1.3861,103.57548,161,20418
shape_J42CWLMYJB_0,1.3862,103.5758,162,20455
shape_J42CWLMYJB_0,1.38627,103.57622,163,20502
shape_J42CWLMYJB_0,1.3862,103.57669,164,20555
shape_J42CWLMYJB_0,1.38612,103.57736,165,20630
shape_J42CWLMYJB_0,1.38598,103.57762,166,20663
shape_J42CWLMYJB_0,1.38557,103.57811,167,20734
shape_J42CWLMYJB_0,1.38489,103.5788,168,20842
shape_J42CWLMYJB_0,1.38443,103.57933,169,20920
shape_J42CWLMYJB_0,1.38437,103.57951,170,20941
shape_J42CWLMYJB_0,1.38434,103.57979,171,20972
shape_J42CWLMYJB_0,1.38434,103.58133,172,21143
shape_J42CWLMYJB_0,1.38439,103.58239,173,21261
shape_J42CWLMYJB_0,1.38442,103.58259,174,21283
shape_J42CWLMYJB_0,1.3845,103.5827,175,21298
shape_J42CWLMYJB_0,1.38462,103.58281,176,21316
shape_J42CWLMYJB_0,1.38623,103.58371,177,21521
shape_J42CWLMYJB_0,1.38877,103.585,178,21838
shape_J42CWLMYJB_0,1.38934,103.58525,179,21907
shape_J42CWLMYJB_0,1.38978,103.58537,180,21958
shape_J42CWLMYJB_0,1.39038,103.5856,181,22029
shape_J42CWLMYJB_0,1.39075,103.58577,182,22074
shape_J42CWLMYJB_0,1.39108,103.586,183,22119
shape_J42CWLMYJB_0,1.39141,103.58629,184,22168
shape_J42CWLMYJB_0,1.39171,103.58661,185,22217
shape_J42CWLMYJB_0,1.39196,103.58698,186,22267
shape_J42CWLMYJB_0,1.39207,103.58728,187,22303
shape_J42CWLMYJB_0,1.39213,103.58753,188,22332
shape_J42CWLMYJB_0,1.3922,103.58816,189,22402
shape_J42CWLMYJB_0,1.39218,103.59041,190,22652
shape_J42CWLMYJB_0,1.39212,103.59031,191,22665
shape_J42CWLMYJB_0,1.39222,103.59076,192,22716
shape_J42CWLMYJB_0,1.39234,103.59111,193,22757
shape_J42CWLMYJB_0,1.39251,103.59144,194,22798
shape_J42CWLMYJB_0,1.39268,103.59163,195,22826
shape_J42CWLMYJB_0,1.39289,103.5918,196,22856
shape_J42CWLMYJB_0,1.39316,103.59195,197,22890
shape_J42CWLMYJB_0,1.39341,103.59203,198,22919
shape_J42CWLMYJB_0,1.3937,103.59208,199,22952
shape_J42CWLMYJB_0,1.39403,103.59208,200,22989
shape_J42CWLMYJB_0,1.39477,103.59193,201,23073
shape_J42CWLMYJB_0,1.39514,103.5918,202,23117
shape_J42CWLMYJB_0,1.39612,103.59137,203,23236
shape_J42CWLMYJB_0,1.39662,103.59119,204,23295
shape_J42CWLMYJB_0,1.39698,103.59112,205,23336
shape_J42CWLMYJB_0,1.39732,103.59109,206,23374
shape_J42CWLMYJB_0,1.39765,103.59112,207,23411
shape_J42CWLMYJB_0,1.39799,103.59119,208,23450
shape_J42CWLMYJB_0,1.39976,103.59192,209,23663
shape_J42CWLMYJB_0,1.40024,103.59219,210,23724
shape_J42CWLMYJB_0,1.4005,103.59239,211,23760
shape_J42CWLMYJB_0,1.40074,103.59261,212,23796
shape_J42CWLMYJB_0,1.40096,103.59286,213,23833
shape_J42CWLMYJB_0,1.40171,103.59394,214,23979
shape_J42CWLMYJB_0,1.40202,103.59428,215,24030
shape_J42CWLMYJB_0,1.40234,103.59455,216,24077
shape_J42CWLMYJB_0,1.40303,103.595,217,24169
shape_J42CWLMYJB_0,1.4058070975733357,103.59635900859831,218,24513
shape_J42CWLMYJB_0,1.4067486739575192,103.5967560932541,219,24627
shape_J42CWLMYJB_0,1.407806,103.596848,220,24745
shape_J42CWLMYJB_0,1.408890,103.596888,221,24866
shape_J42CWLMYJB_0,1.410183065902594,103.59700979629515,222,25010
shape_J42CWLMYJB_0,1.4109202837100072,103.59693192394259,223,25092
shape_J42CWLMYJB_0,1.41151,103.59682,224,25159
shape_J42CWLMYJB_0,1.4149,103.59708,225,25537
shape_J42CWLMYJB_0,1.41516,103.59706,226,25566
shape_J42CWLMYJB_0,1.41629,103.59685,227,25694
shape_J42CWLMYJB_0,1.4166441955472449,103.59686291534423,228,25733
shape_J42CWLMYJB_0,1.4171333438803637,103.5968621865082,229,25787
shape_J42CWLMYJB_0,1.417638675088379,103.59689294477462,230,25843
shape_J42CWLMYJB_0,1.4181712934069532,103.59682174966812,231,25903
shape_J42CWLMYJB_0,1.4184870346775855,103.59672860118867,232,25940
shape_J42CWLMYJB_0,1.41875356459785,103.59660349933624,233,25973
shape_J42CWLMYJB_0,1.4190003784471312,103.59636670667648,234,26011
shape_J42CWLMYJB_0,1.4192930598093936,103.59601527843478,235,26062
shape_J42CWLMYJB_0,1.419550756819312,103.59552562929154,236,26124
shape_J42CWLMYJB_0,1.42033,103.59403,237,26311
shape_J42CWLMYJB_0,1.4203360572177015,103.59359034854889,238,26360
shape_J42CWLMYJB_0,1.420548,103.593021,239,26428
shape_J42CWLMYJB_0,1.420953,103.592103,240,26540
shape_J42CWLMYJB_0,1.421064,103.591798,241,26576
shape_J42CWLMYJB_0,1.42109,103.591772,242,26580
shape_J42CWLMYJB_0,1.421159,103.591791,243,26588
shape_J42CWLMYJB_0,1.421352,103.591842,244,26610
shape_J42CWLMYJB_0,1.421611,103.591879,245,26639
shape_J42CWLMYJB_0,1.421814,103.591907,246,26662
shape_J42CWLMYJB_0,1.422087,103.591943,247,26693
shape_J42CWLMYJB_0,1.422399,103.591954,248,26728
shape_J42CWLMYJB_0,1.422797,103.591945,249,26772
shape_J42CWLMYJB_0,1.423624,103.591839,250,26865
shape_J42CWLMYJB_0,1.424975,103.591704,251,27016
shape_J42CWLMYJB_0,1.425862,103.591527,252,27117
shape_J42CWLMYJB_0,1.427106,103.591489,253,27255
shape_J42CWLMYJB_0,1.428522,103.591407,254,27413
shape_J42CWLMYJB_0,1.4291744166317009,103.59128588954925,255,27487
shape_J42CWLMYJB_0,1.42959,103.59117,256,27535
shape_J42CWLMYJB_0,1.43119,103.59019,257,27744
shape_J42CWLMYJB_0,1.43169,103.58996,258,27805
shape_J42CWLMYJB_0,1.43224,103.58979,259,27869
shape_J42CWLMYJB_0,1.43259,103.58977,260,27908
shape_J42CWLMYJB_0,1.43298,103.58977,261,27951
shape_J42CWLMYJB_0,1.43342,103.58983,262,28000
shape_J42CWLMYJB_0,1.43396,103.58985,263,28060
shape_J42CWLMYJB_0,1.43566,103.59057,264,28265
shape_J42CWLMYJB_0,1.43592,103.59065,265,28295
shape_J42CWLMYJB_0,1.43675,103.59099,266,28395
shape_J42CWLMYJB_0,1.43917,103.5922,267,28696
shape_J42CWLMYJB_0,1.43938,103.59225,268,28720
shape_J42CWLMYJB_0,1.43975,103.59223,269,28761
shape_J42CWLMYJB_0,1.4434,103.59129,270,29180
shape_J42CWLMYJB_0,1.44372,103.59126,271,29216
shape_J42CWLMYJB_0,1.44629,103.59065,272,29510
shape_J42CWLMYJB_0,1.4466198065830582,103.59054807605743,273,29548
shape_J42CWLMYJB_0,1.4469817893629435,103.59033618154525,274,29595
shape_J42CWLMYJB_0,1.4471587587009718,103.59012160482406,275,29626
shape_J42CWLMYJB_0,1.4472499247182073,103.5896197356851,276,29683
shape_J42CWLMYJB_0,1.4466519828325028,103.58953882533488,277,29750
shape_J42CWLMYJB_0,1.4465420473117074,103.58954687196193,278,29762
shape_J42CWLMYJB_0,1.4464991456436014,103.58963806706844,279,29773
shape_J42CWLMYJB_0,1.4465259591862598,103.58975340205608,280,29786
shape_J42CWLMYJB_0,1.4468,103.58976,281,29816
shape_J42CWLMYJB_1,1.4468,103.58976,0,0
shape_J42CWLMYJB_1,1.4472123857703731,103.58981851520538,1,46
shape_J42CWLMYJB_1,1.4470944062160134,103.59020475330352,2,91
shape_J42CWLMYJB_1,1.446836996257923,103.5904515165329,3,131
shape_J42CWLMYJB_1,1.4465420473117074,103.59062317790985,4,169
shape_J42CWLMYJB_1,1.4461398441414373,103.59069291534423,5,214
shape_J42CWLMYJB_1,1.44372,103.59126,6,490
shape_J42CWLMYJB_1,1.4421,103.59158,7,674
shape_J42CWLMYJB_1,1.43975,103.59223,8,945
shape_J42CWLMYJB_1,1.43938,103.59225,9,986
shape_J42CWLMYJB_1,1.43917,103.5922,10,1010
shape_J42CWLMYJB_1,1.43675,103.59099,11,1311
shape_J42CWLMYJB_1,1.43592,103.59065,12,1411
shape_J42CWLMYJB_1,1.43395,103.58998,13,1642
shape_J42CWLMYJB_1,1.43387,103.59015,14,1663
shape_J42CWLMYJB_1,1.43342,103.58983,15,1724
shape_J42CWLMYJB_1,1.43298,103.58977,16,1773
shape_J42CWLMYJB_1,1.43252,103.58977,17,1824
shape_J42CWLMYJB_1,1.4316,103.59008,18,1932
shape_J42CWLMYJB_1,1.42943,103.59135,19,2212
shape_J42CWLMYJB_1,1.42922,103.59142,20,2237
shape_J42CWLMYJB_1,1.42735,103.59155,21,2445
shape_J42CWLMYJB_1,1.42237,103.59215,22,3003
shape_J42CWLMYJB_1,1.422168,103.592123,23,3026
shape_J42CWLMYJB_1,1.421537,103.592011,24,3097
shape_J42CWLMYJB_1,1.421193,103.591946,25,3136
shape_J42CWLMYJB_1,1.421048,103.592238,26,3172
shape_J42CWLMYJB_1,1.420785,103.592817,27,3243
shape_J42CWLMYJB_1,1.42069,103.59307,28,3273
shape_J42CWLMYJB_1,1.4205436276942067,103.59345072883605,29,3318
shape_J42CWLMYJB_1,1.42033,103.59403,30,3387
shape_J42CWLMYJB_1,1.41986,103.59494,31,3501
shape_J42CWLMYJB_1,1.41938,103.59615,32,3646
shape_J42CWLMYJB_1,1.41917,103.59651,33,3692
shape_J42CWLMYJB_1,1.4191,103.5966,34,3705
shape_J42CWLMYJB_1,1.41881,103.59682,35,3745
shape_J42CWLMYJB_1,1.41859,103.59692,36,3772
shape_J42CWLMYJB_1,1.41842,103.59697,37,3792
shape_J42CWLMYJB_1,1.4183,103.59698,38,3805
shape_J42CWLMYJB_1,1.41788,103.59696,39,3852
shape_J42CWLMYJB_1,1.41701,103.59683,40,3950
shape_J42CWLMYJB_1,1.41673,103.59682,41,3981
shape_J42CWLMYJB_1,1.41629,103.59685,42,4030
shape_J42CWLMYJB_1,1.41516,103.59706,43,4158
shape_J42CWLMYJB_1,1.4149,103.59708,44,4187
shape_J42CWLMYJB_1,1.41151,103.59682,45,4565
shape_J42CWLMYJB_1,1.41099,103.59683,46,4623
shape_J42CWLMYJB_1,1.40948,103.59716,47,4795
shape_J42CWLMYJB_1,1.40855,103.59713,48,4898
shape_J42CWLMYJB_1,1.40699,103.59674,49,5077
shape_J42CWLMYJB_1,1.40585,103.5963,50,5213
shape_J42CWLMYJB_1,1.40303,103.595,51,5558
shape_J42CWLMYJB_1,1.40234,103.59455,52,5650
shape_J42CWLMYJB_1,1.40202,103.59428,53,5697
shape_J42CWLMYJB_1,1.40171,103.59394,54,5748
shape_J42CWLMYJB_1,1.40096,103.59286,55,5894
shape_J42CWLMYJB_1,1.40074,103.59261,56,5931
shape_J42CWLMYJB_1,1.4005,103.59239,57,5967
shape_J42CWLMYJB_1,1.40024,103.59219,58,6003
shape_J42CWLMYJB_1,1.39976,103.59192,59,6064
shape_J42CWLMYJB_1,1.39799,103.59119,60,6277
shape_J42CWLMYJB_1,1.39765,103.59112,61,6316
shape_J42CWLMYJB_1,1.39732,103.59109,62,6353
shape_J42CWLMYJB_1,1.39698,103.59112,63,6391
shape_J42CWLMYJB_1,1.39662,103.59119,64,6432
shape_J42CWLMYJB_1,1.39612,103.59137,65,6491
shape_J42CWLMYJB_1,1.39514,103.5918,66,6610
shape_J42CWLMYJB_1,1.39477,103.59193,67,6654
shape_J42CWLMYJB_1,1.39403,103.59208,68,6738
shape_J42CWLMYJB_1,1.3937,103.59208,69,6775
shape_J42CWLMYJB_1,1.39341,103.59203,70,6808
shape_J42CWLMYJB_1,1.39316,103.59195,71,6837
shape_J42CWLMYJB_1,1.39289,103.5918,72,6871
shape_J42CWLMYJB_1,1.39268,103.59163,73,6901
shape_J42CWLMYJB_1,1.39251,103.59144,74,6929
shape_J42CWLMYJB_1,1.39234,103.59111,75,6970
shape_J42CWLMYJB_1,1.39222,103.59076,76,7011
shape_J42CWLMYJB_1,1.39218,103.59041,77,7050
shape_J42CWLMYJB_1,1.39212,103.59031,78,7063
shape_J42CWLMYJB_1,1.39217,103.58987,79,7112
shape_J42CWLMYJB_1,1.3922,103.58816,80,7302
shape_J42CWLMYJB_1,1.39213,103.58753,81,7372
shape_J42CWLMYJB_1,1.39207,103.58728,82,7401
shape_J42CWLMYJB_1,1.39196,103.58698,83,7437
shape_J42CWLMYJB_1,1.39171,103.58661,84,7487
shape_J42CWLMYJB_1,1.39141,103.58629,85,7536
shape_J42CWLMYJB_1,1.39108,103.586,86,7585
shape_J42CWLMYJB_1,1.39075,103.58577,87,7630
shape_J42CWLMYJB_1,1.39038,103.5856,88,7675
shape_J42CWLMYJB_1,1.38978,103.58537,89,7746
shape_J42CWLMYJB_1,1.38934,103.58525,90,7797
shape_J42CWLMYJB_1,1.38877,103.585,91,7866
shape_J42CWLMYJB_1,1.38659,103.58383,92,8141
shape_J42CWLMYJB_1,1.38623,103.58371,93,8183
shape_J42CWLMYJB_1,1.38462,103.58281,94,8388
shape_J42CWLMYJB_1,1.3845,103.5827,95,8406
shape_J42CWLMYJB_1,1.38442,103.58259,96,8421
shape_J42CWLMYJB_1,1.38439,103.58239,97,8443
shape_J42CWLMYJB_1,1.38438,103.58143,98,8550
shape_J42CWLMYJB_1,1.38434,103.58133,99,8562
shape_J42CWLMYJB_1,1.38434,103.57979,100,8733
shape_J42CWLMYJB_1,1.38437,103.57951,101,8764
shape_J42CWLMYJB_1,1.38443,103.57933,102,8785
shape_J42CWLMYJB_1,1.38489,103.5788,103,8863
shape_J42CWLMYJB_1,1.38557,103.57811,104,8971
shape_J42CWLMYJB_1,1.38598,103.57762,105,9042
shape_J42CWLMYJB_1,1.38612,103.57736,106,9075
shape_J42CWLMYJB_1,1.38625,103.57678,107,9141
shape_J42CWLMYJB_1,1.3862,103.57669,108,9152
shape_J42CWLMYJB_1,1.38627,103.57622,109,9205
shape_J42CWLMYJB_1,1.3862,103.5758,110,9252
shape_J42CWLMYJB_1,1.3861,103.57548,111,9289
shape_J42CWLMYJB_1,1.38565,103.57454,112,9405
shape_J42CWLMYJB_1,1.38452,103.57127,113,9790
shape_J42CWLMYJB_1,1.38419,103.57078,114,9856
shape_J42CWLMYJB_1,1.38249,103.56848,115,10174
shape_J42CWLMYJB_1,1.38234,103.56822,116,10207
shape_J42CWLMYJB_1,1.38229,103.56807,117,10225
shape_J42CWLMYJB_1,1.38222,103.56777,118,10259
shape_J42CWLMYJB_1,1.382,103.56702,119,10346
shape_J42CWLMYJB_1,1.38189,103.56593,120,10468
shape_J42CWLMYJB_1,1.38167,103.56583,121,10495
shape_J42CWLMYJB_1,1.38172,103.56554,122,10528
shape_J42CWLMYJB_1,1.3816,103.56535,123,10553
shape_J42CWLMYJB_1,1.38147,103.56517,124,10578
shape_J42CWLMYJB_1,1.37782,103.56121,125,11177
shape_J42CWLMYJB_1,1.37767,103.56101,126,11205
shape_J42CWLMYJB_1,1.37716,103.56052,127,11284
shape_J42CWLMYJB_1,1.37706,103.56046,128,11297
shape_J42CWLMYJB_1,1.37682,103.56021,129,11336
shape_J42CWLMYJB_1,1.37673,103.56018,130,11347
shape_J42CWLMYJB_1,1.3766,103.56019,131,11361
shape_J42CWLMYJB_1,1.37649,103.56024,132,11374
shape_J42CWLMYJB_1,1.37622,103.5605,133,11416
shape_J42CWLMYJB_1,1.37608,103.56059,134,11435
shape_J42CWLMYJB_1,1.37586,103.56081,135,11470
shape_J42CWLMYJB_1,1.37532,103.56125,136,11547
shape_J42CWLMYJB_1,1.36985,103.56493,137,12280
shape_J42CWLMYJB_1,1.36982,103.56502,138,12291
shape_J42CWLMYJB_1,1.36911,103.56455,139,12386
shape_J42CWLMYJB_1,1.3685,103.56404,140,12474
shape_J42CWLMYJB_1,1.36801,103.56356,141,12550
shape_J42CWLMYJB_1,1.36744,103.56292,142,12645
shape_J42CWLMYJB_1,1.36679,103.56206,143,12765
shape_J42CWLMYJB_1,1.36616,103.56102,144,12900
shape_J42CWLMYJB_1,1.36567,103.55989,145,13037
shape_J42CWLMYJB_1,1.36409,103.55486,146,13623
shape_J42CWLMYJB_1,1.3639,103.55466,147,13654
shape_J42CWLMYJB_1,1.36378,103.55459,148,13669
shape_J42CWLMYJB_1,1.36361,103.55458,149,13688
shape_J42CWLMYJB_1,1.36334,103.55463,150,13719
shape_J42CWLMYJB_1,1.36193,103.55504,151,13882
shape_J42CWLMYJB_1,1.3615653225957702,103.55517142824175,152,13925
shape_J42CWLMYJB_1,1.3614620867029223,103.55516874603273,153,13936
shape_J42CWLMYJB_1,1.361443,103.555165,154,13938
shape_J42CWLMYJB_1,1.361424,103.555170,155,13940
shape_J42CWLMYJB_1,1.361297,103.555209,156,13955
shape_J42CWLMYJB_1,1.361405,103.555566,157,13996
shape_J42CWLMYJB_1,1.361544,103.556012,158,14048
shape_J42CWLMYJB_1,1.361560,103.556062,159,14054
shape_J42CWLMYJB_1,1.3615468876152295,103.5560669507766,160,14056
shape_J42CWLMYJB_1,1.36149,103.55606,161,14062
shape_J42CWLMYJB_1,1.361532,103.556018,162,14069
shape_J42CWLMYJB_1,1.3612839364777,103.5551961509609,163,14164
shape_J42CWLMYJB_1,1.3614340977860013,103.55515860003469,164,14181
shape_J42CWLMYJB_1,1.3615051562589988,103.55509623867509,165,14192
shape_J42CWLMYJB_1,1.3617344203745518,103.55502161042536,166,14219
shape_J42CWLMYJB_1,1.3619435735837913,103.55495038756759,167,14244
shape_J42CWLMYJB_1,1.3620796572325609,103.55491518956659,168,14260
shape_J42CWLMYJB_1,1.36403,103.55432,169,14487
shape_J42CWLMYJB_1,1.36577,103.55984,170,15130
shape_J42CWLMYJB_1,1.36626,103.56097,171,15267
shape_J42CWLMYJB_1,1.36686,103.56203,172,15402
shape_J42CWLMYJB_1,1.36751,103.56285,173,15518
shape_J42CWLMYJB_1,1.36807,103.56348,174,15612
shape_J42CWLMYJB_1,1.36888,103.56419,175,15732
shape_J42CWLMYJB_1,1.36865,103.56422,176,15758
shape_J42CWLMYJB_1,1.36945,103.56456,177,15855
shape_J42CWLMYJB_1,1.36962,103.56465,178,15876
shape_J42CWLMYJB_1,1.36976,103.56467,179,15892
shape_J42CWLMYJB_1,1.36989,103.56466,180,15906
shape_J42CWLMYJB_1,1.37003,103.56462,181,15922
shape_J42CWLMYJB_1,1.37089,103.56418,182,16029
shape_J42CWLMYJB_1,1.37532,103.56125,183,16620
shape_J42CWLMYJB_1,1.37586,103.56081,184,16697
shape_J42CWLMYJB_1,1.37608,103.56059,185,16732
shape_J42CWLMYJB_1,1.37618,103.56046,186,16750
shape_J42CWLMYJB_1,1.37644,103.56017,187,16793
shape_J42CWLMYJB_1,1.37648,103.56006,188,16806
shape_J42CWLMYJB_1,1.37648,103.55996,189,16817
shape_J42CWLMYJB_1,1.37641,103.55978,190,16838
shape_J42CWLMYJB_1,1.3762,103.55955,191,16873
shape_J42CWLMYJB_1,1.37614,103.55944,192,16887
shape_J42CWLMYJB_1,1.37415,103.55728,193,17214
shape_J42CWLMYJB_1,1.37394,103.5571,194,17245
shape_J42CWLMYJB_1,1.37388,103.55707,195,17252
shape_J42CWLMYJB_1,1.37374,103.55707,196,17268
shape_J42CWLMYJB_1,1.3736,103.55709,197,17284
shape_J42CWLMYJB_1,1.36921,103.55832,198,17791
shape_J42CWLMYJB_1,1.35903,103.56047,199,18948
shape_J42CWLMYJB_1,1.35802,103.56077,200,19065
shape_J42CWLMYJB_1,1.35763,103.56093,201,19112
shape_J42CWLMYJB_1,1.35724,103.56115,202,19162
shape_J42CWLMYJB_1,1.35638,103.56174,203,19278
shape_J42CWLMYJB_1,1.35597,103.56207,204,19337
shape_J42CWLMYJB_1,1.35534,103.56269,205,19435
shape_J42CWLMYJB_1,1.35484,103.56329,206,19522
shape_J42CWLMYJB_1,1.35467,103.56354,207,19556
shape_J42CWLMYJB_1,1.35434,103.56416,208,19634
shape_J42CWLMYJB_1,1.35356,103.56644,209,19902
shape_J42CWLMYJB_1,1.35228,103.57004,210,20327
shape_J42CWLMYJB_1,1.35206,103.57081,211,20416
shape_J42CWLMYJB_1,1.35204,103.57102,212,20439
shape_J42CWLMYJB_1,1.35203,103.57131,213,20471
shape_J42CWLMYJB_1,1.35224,103.57165,214,20515
shape_J42CWLMYJB_1,1.35225,103.57241,215,20599
shape_J42CWLMYJB_1,1.35311,103.57476,216,20877
shape_J42CWLMYJB_1,1.35332,103.57516,217,20927
shape_J42CWLMYJB_1,1.35353,103.57543,218,20965
shape_J42CWLMYJB_1,1.35606,103.57781,219,21351
shape_J42CWLMYJB_1,1.35659,103.57835,220,21435
shape_J42CWLMYJB_1,1.35679,103.57858,221,21469
shape_J42CWLMYJB_1,1.3571,103.57899,222,21526
shape_J42CWLMYJB_1,1.35752,103.57965,223,21613
shape_J42CWLMYJB_1,1.35774,103.5801,224,21669
shape_J42CWLMYJB_1,1.35757,103.58028,225,21697
shape_J42CWLMYJB_1,1.35797,103.5807,226,21761
shape_J42CWLMYJB_1,1.35846,103.58221,227,21937
shape_J42CWLMYJB_1,1.3583,103.58216,228,21956
shape_J42CWLMYJB_1,1.35925,103.58443,229,22230
shape_J42CWLMYJB_1,1.35952,103.58535,230,22337
shape_J42CWLMYJB_1,1.3599,103.5863,231,22451
shape_J42CWLMYJB_1,1.36025,103.58721,232,22559
shape_J42CWLMYJB_1,1.36081,103.58928,233,22797
shape_J42CWLMYJB_1,1.36083,103.58974,234,22848
shape_J42CWLMYJB_1,1.36082,103.58989,235,22865
shape_J42CWLMYJB_1,1.36068,103.59069,236,22955
shape_J42CWLMYJB_1,1.36061,103.59089,237,22979
shape_J42CWLMYJB_1,1.36049,103.59117,238,23013
shape_J42CWLMYJB_1,1.36039,103.59134,239,23035
shape_J42CWLMYJB_1,1.36012,103.59131,240,23065
shape_J42CWLMYJB_1,1.36011,103.59177,241,23116
shape_J42CWLMYJB_1,1.35971,103.5922,242,23181
shape_J42CWLMYJB_1,1.35916,103.59263,243,23259
shape_J42CWLMYJB_1,1.35896,103.59276,244,23286
shape_J42CWLMYJB_1,1.35714,103.59349,245,23504
shape_J42CWLMYJB_1,1.35501,103.59442,246,23762
shape_J42CWLMYJB_1,1.35474,103.59462,247,23799
shape_J42CWLMYJB_1,1.35372,103.59492,248,23917
shape_J42CWLMYJB_1,1.35315,103.59517,249,23986
shape_J42CWLMYJB_1,1.35303,103.59524,250,24001
shape_J42CWLMYJB_1,1.35239,103.59573,251,24091
shape_J42CWLMYJB_1,1.35208,103.59602,252,24138
shape_J42CWLMYJB_1,1.35183,103.59633,253,24182
shape_J42CWLMYJB_1,1.35162,103.59665,254,24225
shape_J42CWLMYJB_1,1.35137,103.59716,255,24288
shape_J42CWLMYJB_1,1.35119,103.59764,256,24345
shape_J42CWLMYJB_1,1.35106,103.59811,257,24399
shape_J42CWLMYJB_1,1.35101,103.59856,258,24449
shape_J42CWLMYJB_1,1.351,103.59905,259,24503
shape_J42CWLMYJB_1,1.35101,103.59924,260,24524
shape_J42CWLMYJB_1,1.35106,103.59954,261,24558
shape_J42CWLMYJB_1,1.35116,103.59996,262,24606
shape_J42CWLMYJB_1,1.3512,103.60017,263,24630
shape_J42CWLMYJB_1,1.35591,103.60771,264,25618
shape_J42CWLMYJB_1,1.35646,103.60822,265,25701
shape_J42CWLMYJB_1,1.3595,103.61238,266,26274
shape_J42CWLMYJB_1,1.36114,103.61434,267,26558
shape_J42CWLMYJB_1,1.36245,103.61576,268,26773
shape_J42CWLMYJB_1,1.36317,103.61645,269,26884
shape_J42CWLMYJB_1,1.365816492424785,103.61932396560667,270,27318
shape_J42CWLMYJB_1,1.36596,103.61968,271,27361
shape_J42CWLMYJB_1,1.36663,103.62018,272,27454
shape_J42CWLMYJB_1,1.36972,103.62452,273,28046
shape_J42CWLMYJB_1,1.36983,103.62503,274,28104
shape_J42CWLMYJB_1,1.37039,103.62537,275,28177
shape_J42CWLMYJB_1,1.3711,103.62619,276,28298
shape_J42CWLMYJB_1,1.37194,103.62705,277,28432
shape_J42CWLMYJB_1,1.37302,103.6279,278,28585
shape_J42CWLMYJB_1,1.37327,103.62832,279,28639
shape_J42CWLMYJB_1,1.37535,103.62977,280,28921
shape_J42CWLMYJB_1,1.376,103.63044,281,29025
shape_J42CWLMYJB_1,1.37708,103.63168,282,29208
shape_J42CWLMYJB_1,1.378464255414353,103.63382349933626,283,29492
shape_J42CWLMYJB_1,1.37868,103.63418,284,29538
shape_J44CWLMYJB_1,1.49487,103.74263,0,0
shape_J44CWLMYJB_1,1.4950101904502378,103.74328665879045,1,75
shape_J44CWLMYJB_1,1.4953393466154503,103.74321423914705,2,112
shape_J44CWLMYJB_1,1.495417104186235,103.74314450171266,3,124
shape_J44CWLMYJB_1,1.495368840866778,103.7427904501227,4,164
shape_J44CWLMYJB_1,1.4952106444233155,103.74204211380754,5,249
shape_J44CWLMYJB_1,1.495103392590771,103.74169879105364,6,289
shape_J44CWLMYJB_1,1.495103392590771,103.74169879105364,7,289
shape_J44CWLMYJB_1,1.4937741126494029,103.7419582526398,8,440
shape_J44CWLMYJB_1,1.49359,103.74157,9,488
shape_J44CWLMYJB_1,1.4931748568773229,103.74096658895492,10,569
shape_J44CWLMYJB_1,1.49295,103.74079,11,601
shape_J44CWLMYJB_1,1.49283,103.74071,12,617
shape_J44CWLMYJB_1,1.4927,103.74066,13,632
shape_J44CWLMYJB_1,1.4926,103.74064,14,643
shape_J44CWLMYJB_1,1.4922,103.74067,15,688
shape_J44CWLMYJB_1,1.4919,103.74076,16,723
shape_J44CWLMYJB_1,1.49175,103.74082,17,741
shape_J44CWLMYJB_1,1.49122,103.74091,18,801
shape_J44CWLMYJB_1,1.49076,103.74091,19,852
shape_J44CWLMYJB_1,1.49054,103.74089,20,877
shape_J44CWLMYJB_1,1.49025,103.74082,21,910
shape_J44CWLMYJB_1,1.48948,103.74056,22,1000
shape_J44CWLMYJB_1,1.48936,103.74051,23,1014
shape_J44CWLMYJB_1,1.48823,103.74014,24,1146
shape_J44CWLMYJB_1,1.48809,103.74017,25,1162
shape_J44CWLMYJB_1,1.48793,103.74023,26,1181
shape_J44CWLMYJB_1,1.48778,103.74034,27,1202
shape_J44CWLMYJB_1,1.48769,103.74046,28,1219
shape_J44CWLMYJB_1,1.48765,103.74059,29,1234
shape_J44CWLMYJB_1,1.48764,103.74071,30,1247
shape_J44CWLMYJB_1,1.48765,103.74083,31,1260
shape_J44CWLMYJB_1,1.4877,103.74099,32,1279
shape_J44CWLMYJB_1,1.48778,103.74116,33,1300
shape_J44CWLMYJB_1,1.48789,103.74128,34,1318
shape_J44CWLMYJB_1,1.48802,103.74134,35,1334
shape_J44CWLMYJB_1,1.48815,103.74137,36,1349
shape_J44CWLMYJB_1,1.48828,103.74137,37,1363
shape_J44CWLMYJB_1,1.48844,103.74131,38,1382
shape_J44CWLMYJB_1,1.48858,103.74121,39,1401
shape_J44CWLMYJB_1,1.4887,103.74104,40,1424
shape_J44CWLMYJB_1,1.48878,103.74086,41,1446
shape_J44CWLMYJB_1,1.48895,103.73989,42,1555
shape_J44CWLMYJB_1,1.48904,103.73957,43,1592
shape_J44CWLMYJB_1,1.48915,103.73928,44,1626
shape_J44CWLMYJB_1,1.48975,103.73793,45,1790
shape_J44CWLMYJB_1,1.49004,103.73715,46,1883
shape_J44CWLMYJB_1,1.49021,103.73635,47,1974
shape_J44CWLMYJB_1,1.49029,103.73525,48,2097
shape_J44CWLMYJB_1,1.48998,103.73176,49,2486
shape_J44CWLMYJB_1,1.48993,103.73151,50,2514
shape_J44CWLMYJB_1,1.48856,103.72768,51,2966
shape_J44CWLMYJB_1,1.48832,103.72689,52,3058
shape_J44CWLMYJB_1,1.48811,103.7264,53,3117
shape_J44CWLMYJB_1,1.48782,103.7259,54,3181
shape_J44CWLMYJB_1,1.48726,103.72509,55,3290
shape_J44CWLMYJB_1,1.48701,103.72468,56,3343
shape_J44CWLMYJB_1,1.48685,103.72437,57,3382
shape_J44CWLMYJB_1,1.48677,103.72432,58,3392
shape_J44CWLMYJB_1,1.48673,103.7241,59,3417
shape_J44CWLMYJB_1,1.48666,103.72386,60,3445
shape_J44CWLMYJB_1,1.48659,103.72354,61,3481
shape_J44CWLMYJB_1,1.48655,103.72314,62,3526
shape_J44CWLMYJB_1,1.4865,103.72288,63,3555
shape_J44CWLMYJB_1,1.48637,103.72134,64,3727
shape_J44CWLMYJB_1,1.48628,103.72102,65,3764
shape_J44CWLMYJB_1,1.48616,103.71982,66,3898
shape_J44CWLMYJB_1,1.48611,103.71755,67,4150
shape_J44CWLMYJB_1,1.48606,103.71733,68,4175
shape_J44CWLMYJB_1,1.48598,103.7171,69,4202
shape_J44CWLMYJB_1,1.48586,103.71691,70,4227
shape_J44CWLMYJB_1,1.48571,103.71674,71,4252
shape_J44CWLMYJB_1,1.48516,103.71634,72,4328
shape_J44CWLMYJB_1,1.48382,103.71543,73,4508
shape_J44CWLMYJB_1,1.48366,103.71528,74,4532
shape_J44CWLMYJB_1,1.48344,103.71502,75,4570
shape_J44CWLMYJB_1,1.48223,103.71299,76,4833
shape_J44CWLMYJB_1,1.47997,103.70652,77,5595
shape_J44CWLMYJB_1,1.4798,103.70615,78,5640
shape_J44CWLMYJB_1,1.47964,103.70586,79,5677
shape_J44CWLMYJB_1,1.47945,103.7056,80,5713
shape_J44CWLMYJB_1,1.47912,103.70524,81,5767
shape_J44CWLMYJB_1,1.4732,103.70058,82,6605
shape_J44CWLMYJB_1,1.47287,103.70023,83,6658
shape_J44CWLMYJB_1,1.47249,103.69968,84,6732
shape_J44CWLMYJB_1,1.47236,103.69942,85,6764
shape_J44CWLMYJB_1,1.47227,103.69916,86,6795
shape_J44CWLMYJB_1,1.47031,103.69225,87,7593
shape_J44CWLMYJB_1,1.47019,103.69172,88,7653
shape_J44CWLMYJB_1,1.47019,103.69092,89,7742
shape_J44CWLMYJB_1,1.47023,103.69056,90,7782
shape_J44CWLMYJB_1,1.47074,103.68845,91,8023
shape_J44CWLMYJB_1,1.47107,103.68612,92,8285
shape_J44CWLMYJB_1,1.47129,103.68542,93,8367
shape_J44CWLMYJB_1,1.47133,103.68467,94,8450
shape_J44CWLMYJB_1,1.47225,103.67874,95,9117
shape_J44CWLMYJB_1,1.47231,103.67848,96,9147
shape_J44CWLMYJB_1,1.47265,103.67733,97,9280
shape_J44CWLMYJB_1,1.47271,103.67695,98,9323
shape_J44CWLMYJB_1,1.47266,103.6765,99,9373
shape_J44CWLMYJB_1,1.47273,103.67597,100,9432
shape_J44CWLMYJB_1,1.47287,103.67282,101,9782
shape_J44CWLMYJB_1,1.47284,103.67203,102,9870
shape_J44CWLMYJB_1,1.47291,103.67073,103,10015
shape_J44CWLMYJB_1,1.47284,103.67052,104,10040
shape_J44CWLMYJB_1,1.47282,103.67014,105,10082
shape_J44CWLMYJB_1,1.47287,103.66803,106,10317
shape_J44CWLMYJB_1,1.47286,103.66764,107,10360
shape_J44CWLMYJB_1,1.47284,103.66751,108,10375
shape_J44CWLMYJB_1,1.47274,103.66712,109,10420
shape_J44CWLMYJB_1,1.47267,103.66696,110,10439
shape_J44CWLMYJB_1,1.47234,103.66639,111,10512
shape_J44CWLMYJB_1,1.4727,103.66629,112,10554
shape_J44CWLMYJB_1,1.47448,103.66594,113,10756
shape_J44CWLMYJB_1,1.47567,103.66582,114,10889
shape_J44CWLMYJB_1,1.477,103.66552,115,11041
shape_J44CWLMYJB_1,1.47798,103.66544,116,11150
shape_J44CWLMYJB_1,1.48032,103.66498,117,11415
shape_J44CWLMYJB_1,1.4815,103.66466,118,11551
shape_J44CWLMYJB_1,1.48156,103.66461,119,11560
shape_J44CWLMYJB_1,1.48159,103.66455,120,11567
shape_J44CWLMYJB_1,1.48159,103.6645,121,11573
shape_J44CWLMYJB_1,1.48154,103.66435,122,11591
shape_J44CWLMYJB_1,1.48151,103.66415,123,11613
shape_J44CWLMYJB_1,1.48081,103.66215,124,11849
shape_J44CWLMYJB_1,1.48113,103.66203,125,11887
shape_J44CWLMYJB_1,1.48152,103.6618,126,11937
shape_J44CWLMYJB_1,1.48166,103.66174,127,11954
shape_J44CWLMYJB_1,1.48195,103.66145,128,12000
shape_J44CWLMYJB_1,1.48217,103.66118,129,12039
shape_J44CWLMYJB_1,1.48239,103.66084,130,12084
shape_J44CWLMYJB_1,1.48249,103.66063,131,12110
shape_J44CWLMYJB_1,1.48259,103.66035,132,12143
shape_J44CWLMYJB_1,1.48266,103.66005,133,12177
shape_J44CWLMYJB_1,1.48271,103.65955,134,12233
shape_J44CWLMYJB_1,1.48265,103.65901,135,12293
shape_J44CWLMYJB_1,1.48248,103.65848,136,12355
shape_J44CWLMYJB_1,1.48239,103.65831,137,12376
shape_J44CWLMYJB_1,1.48224,103.65808,138,12407
shape_J44CWLMYJB_1,1.48205,103.65783,139,12442
shape_J44CWLMYJB_1,1.48189,103.65765,140,12469
shape_J44CWLMYJB_1,1.48175,103.65753,141,12490
shape_J44CWLMYJB_1,1.48155,103.65738,142,12518
shape_J44CWLMYJB_1,1.48124,103.65718,143,12559
shape_J44CWLMYJB_1,1.48096,103.65706,144,12593
shape_J44CWLMYJB_1,1.48033,103.65691,145,12665
shape_J44CWLMYJB_1,1.47992,103.65689,146,12711
shape_J44CWLMYJB_1,1.4795,103.65694,147,12758
shape_J44CWLMYJB_1,1.4790656269536382,103.6570097374344,148,12807
shape_J44CWLMYJB_1,1.47863,103.65573,149,12957
shape_J44CWLMYJB_1,1.4781585494684448,103.65455947486875,150,13097
shape_J44CWLMYJB_1,1.475509407227331,103.65453801719663,151,13392
shape_J44CWLMYJB_1,1.47045,103.65377,152,13961
shape_J44CWLMYJB_1,1.46703,103.65325,153,14346
shape_J44CWLMYJB_1,1.46565,103.65304,154,14501
shape_J44CWLMYJB_1,1.46112,103.6524,155,15010
shape_J44CWLMYJB_1,1.459532647984919,103.65227125396727,156,15187
shape_J44CWLMYJB_1,1.4565509972527886,103.65239999999999,157,15519
shape_J44CWLMYJB_1,1.453183228731793,103.65332267990111,158,15907
shape_J44CWLMYJB_1,1.45223939461433,103.6535372566223,159,16015
shape_J44CWLMYJB_1,1.4517674774077725,103.6538805793762,160,16080
shape_J44CWLMYJB_1,1.451649498090733,103.65453503837584,161,16154
shape_J44CWLMYJB_1,1.4521535914931871,103.6552109550476,162,16248
shape_J44CWLMYJB_1,1.4529043686926908,103.65551136245726,163,16338
shape_J44CWLMYJB_1,1.453472814120615,103.6553933452606,164,16403
shape_J44CWLMYJB_1,1.4537731248549581,103.6551573108673,165,16445
shape_J44CWLMYJB_1,1.4539232802071493,103.65479253044127,166,16489
shape_J44CWLMYJB_1,1.4537516740895415,103.65413807144164,167,16564
shape_J44CWLMYJB_1,1.4528400163710855,103.65288279762267,168,16736
shape_J44CWLMYJB_1,1.4508450934923736,103.64986985710615,169,17138
shape_J44CWLMYJB_1,1.4492255580334719,103.6471769192552,170,17487
shape_J44CWLMYJB_1,1.4439057512967675,103.63904632393826,171,18567
shape_J44CWLMYJB_1,1.4412672941404416,103.63492645089138,172,19111
shape_J44CWLMYJB_1,1.4400016916550271,103.63339538867534,173,19332
shape_J44CWLMYJB_1,1.436698251349704,103.63120670611919,174,19773
shape_J44CWLMYJB_1,1.434209942510335,103.62974758441509,175,20094
shape_J44CWLMYJB_1,1.433555688443667,103.63033767039836,176,20192
shape_J44CWLMYJB_1,1.4327459147088266,103.63112087543071,177,20317
shape_J44CWLMYJB_1,1.4325743069931554,103.6313890963322,178,20352
shape_J44CWLMYJB_1,1.4324134247480396,103.63161976630748,179,20383
shape_J44CWLMYJB_1,1.4319736798870886,103.63251562411845,180,20494
shape_J44CWLMYJB_1,1.4313033369489294,103.63314326102794,181,20596
shape_J44CWLMYJB_1,1.430869840655666,103.63342221076549,182,20653
shape_J44CWLMYJB_1,1.430060065972015,103.63364751632274,183,20746
shape_J44CWLMYJB_1,1.4293629087307396,103.63386745746196,184,20827
shape_J44CWLMYJB_1,1.428794457285015,103.63422150905193,185,20901
shape_J44CWLMYJB_1,1.428472692253402,103.6345219164616,186,20950
shape_J44CWLMYJB_1,1.4283064469693991,103.63476867969096,187,20983
shape_J44CWLMYJB_1,1.4280061328775098,103.63444681460918,188,21032
shape_J44CWLMYJB_1,1.42762,103.63418,189,21084
shape_J44CWLMYJB_1,1.4273411368327116,103.63393860118863,190,21125
shape_J44CWLMYJB_1,1.4268665330952126,103.63375889318463,191,21181
shape_J44CWLMYJB_1,1.4260808894049513,103.63371329563138,192,21269
shape_J44CWLMYJB_1,1.4250485585510106,103.63373207109449,193,21384
shape_J44CWLMYJB_1,1.424573954340792,103.63370793121335,194,21437
shape_J44CWLMYJB_1,1.4242173307738661,103.63358723180768,195,21479
shape_J44CWLMYJB_1,1.4238070795346456,103.63336192625043,196,21531
shape_J44CWLMYJB_1,1.4234048723664692,103.63301055686948,197,21590
shape_J44CWLMYJB_1,1.42295,103.63257,198,21660
shape_J44CWLMYJB_1,1.4210194042360418,103.63118598014833,199,21924
shape_J44CWLMYJB_1,1.4199468503364243,103.63064953834535,200,22057
shape_J44CWLMYJB_1,1.4195500052674082,103.63173315078737,201,22185
shape_J44CWLMYJB_1,1.419260415579456,103.63287040740968,202,22315
shape_J44CWLMYJB_1,1.4190673557673315,103.6345119193268,203,22499
shape_J44CWLMYJB_1,1.4193,103.63671,204,22745
shape_J44CWLMYJB_1,1.4194072554423913,103.63812620635986,205,22903
shape_J44CWLMYJB_1,1.4194876970208945,103.63990747236363,206,23101
shape_J44CWLMYJB_1,1.4194608831617073,103.6416133572971,207,23291
shape_J44CWLMYJB_1,1.4195252364232553,103.64332997106663,208,23482
shape_J44CWLMYJB_1,1.4202009455613274,103.64517264865987,209,23700
shape_J44CWLMYJB_1,1.420597790518579,103.64568763279073,210,23772
shape_J44CWLMYJB_1,1.4209034683445863,103.64576273464314,211,23807
shape_J44CWLMYJB_1,1.4209946354076646,103.64598267578236,212,23833
shape_J44CWLMYJB_1,1.4208766545018234,103.64620798133961,213,23861
shape_J44CWLMYJB_1,1.420651418210275,103.64619725250355,214,23886
shape_J44CWLMYJB_1,1.4204208191271466,103.64632599853627,215,23915
shape_J44CWLMYJB_1,1.419589589683035,103.64715748333089,216,24046
shape_J44CWLMYJB_1,1.4192785489109747,103.64758663677327,217,24105
shape_J44CWLMYJB_1,1.41894,103.64826,218,24189
shape_J44CWLMYJB_1,1.4186182335929447,103.64887154365536,219,24266
shape_J44CWLMYJB_1,1.4183286437883424,103.64965474868771,220,24359
shape_J44CWLMYJB_1,1.4179478867678807,103.65029311443325,221,24442
shape_J44CWLMYJB_1,1.4175778552372866,103.65072763229367,222,24505
shape_J44CWLMYJB_1,1.4172882653025234,103.650969031105,223,24547
shape_J44CWLMYJB_1,1.4171863725390883,103.65133917594906,224,24590
shape_J44CWLMYJB_1,1.4176046691182924,103.65214383865353,225,24691
shape_J44CWLMYJB_1,1.4179907889705108,103.65276611114498,226,24772
shape_J44CWLMYJB_1,1.4181731233227666,103.65352785850521,227,24859
shape_J44CWLMYJB_1,1.4182374766201278,103.65424132610318,228,24939
shape_J44CWLMYJB_1,1.4182857415919845,103.65542149806973,229,25070
shape_J44CWLMYJB_1,1.4183018299157206,103.65582382942196,230,25115
shape_J44CWLMYJB_1,1.4180283283971455,103.65608668590542,231,25157
shape_J44CWLMYJB_1,1.4174598741571256,103.65619397426602,232,25221
shape_J44CWLMYJB_1,1.41688,103.65638,233,25289
shape_J44CWLMYJB_1,1.4163222710364372,103.65671259391785,234,25361
shape_J44CWLMYJB_1,1.4156197468624616,103.65732950199127,235,25465
shape_J44CWLMYJB_1,1.4151156454156086,103.65787667263031,236,25548
shape_J44CWLMYJB_1,1.4147509762155537,103.65840238559723,237,25619
shape_J44CWLMYJB_1,1.4144399347937442,103.65892273414612,238,25686
shape_J44CWLMYJB_1,1.4142361490120101,103.65938943851471,239,25743
shape_J44CWLMYJB_1,1.4141208491538853,103.65981590974808,240,25792
shape_J44CWLMYJB_1,1.4142,103.6599,241,25805
shape_J44CWLMYJB_0,1.4142,103.6599,0,0
shape_J44CWLMYJB_0,1.414206,103.659945,1,5
shape_J44CWLMYJB_0,1.414200,103.659976,2,9
shape_J44CWLMYJB_0,1.414192,103.660002,3,12
shape_J44CWLMYJB_0,1.414175,103.660035,4,16
shape_J44CWLMYJB_0,1.414157,103.660061,5,20
shape_J44CWLMYJB_0,1.414137,103.660080,6,23
shape_J44CWLMYJB_0,1.414119,103.660097,7,26
shape_J44CWLMYJB_0,1.414094,103.660113,8,29
shape_J44CWLMYJB_0,1.414064,103.660121,9,32
shape_J44CWLMYJB_0,1.414031,103.660125,10,36
shape_J44CWLMYJB_0,1.413994,103.660120,11,40
shape_J44CWLMYJB_0,1.413966,103.660111,12,43
shape_J44CWLMYJB_0,1.413943478749324,103.66009615153789,13,46
shape_J44CWLMYJB_0,1.413918,103.660073,14,50
shape_J44CWLMYJB_0,1.413899,103.660042,15,54
shape_J44CWLMYJB_0,1.413889,103.660006,16,58
shape_J44CWLMYJB_0,1.413890,103.659957,17,63
shape_J44CWLMYJB_0,1.413905,103.659915,18,68
shape_J44CWLMYJB_0,1.413929,103.659878,19,73
shape_J44CWLMYJB_0,1.413950,103.659850,20,77
shape_J44CWLMYJB_0,1.413986,103.659828,21,82
shape_J44CWLMYJB_0,1.414013,103.659816,22,85
shape_J44CWLMYJB_0,1.414064,103.659657,23,104
shape_J44CWLMYJB_0,1.414134,103.659385,24,135
shape_J44CWLMYJB_0,1.414214,103.659178,25,160
shape_J44CWLMYJB_0,1.414264,103.659071,26,173
shape_J44CWLMYJB_0,1.414342,103.658921,27,192
shape_J44CWLMYJB_0,1.414490,103.658652,28,226
shape_J44CWLMYJB_0,1.414613,103.658434,29,254
shape_J44CWLMYJB_0,1.41478,103.65819,30,287
shape_J44CWLMYJB_0,1.41505,103.65783,31,337
shape_J44CWLMYJB_0,1.41532,103.65756,32,379
shape_J44CWLMYJB_0,1.41538,103.65742,33,396
shape_J44CWLMYJB_0,1.4154,103.65733,34,406
shape_J44CWLMYJB_0,1.41541,103.65724,35,416
shape_J44CWLMYJB_0,1.4154,103.65714,36,427
shape_J44CWLMYJB_0,1.41523,103.65679,37,470
shape_J44CWLMYJB_0,1.41347,103.65481,38,765
shape_J44CWLMYJB_0,1.4133615692562835,103.65478466385841,39,777
shape_J44CWLMYJB_0,1.413258,103.654666,40,795
shape_J44CWLMYJB_0,1.413083,103.654473,41,824
shape_J44CWLMYJB_0,1.412923,103.654298,42,850
shape_J44CWLMYJB_0,1.412824,103.654196,43,866
shape_J44CWLMYJB_0,1.412812,103.654195,44,867
shape_J44CWLMYJB_0,1.412790,103.654192,45,869
shape_J44CWLMYJB_0,1.412774,103.654191,46,871
shape_J44CWLMYJB_0,1.412747,103.654183,47,874
shape_J44CWLMYJB_0,1.412736,103.654177,48,875
shape_J44CWLMYJB_0,1.412715,103.654162,49,878
shape_J44CWLMYJB_0,1.412701,103.654146,50,880
shape_J44CWLMYJB_0,1.412683,103.654119,51,884
shape_J44CWLMYJB_0,1.412679,103.654085,52,888
shape_J44CWLMYJB_0,1.412687,103.654055,53,891
shape_J44CWLMYJB_0,1.412702,103.654023,54,895
shape_J44CWLMYJB_0,1.412727,103.653995,55,899
shape_J44CWLMYJB_0,1.412750,103.653977,56,902
shape_J44CWLMYJB_0,1.412790,103.653948,57,907
shape_J44CWLMYJB_0,1.412841,103.653928,58,913
shape_J44CWLMYJB_0,1.412877,103.653916,59,917
shape_J44CWLMYJB_0,1.412954,103.653870,60,927
shape_J44CWLMYJB_0,1.413052,103.653802,61,940
shape_J44CWLMYJB_0,1.413340,103.653626,62,978
shape_J44CWLMYJB_0,1.413599,103.653467,63,1012
shape_J44CWLMYJB_0,1.413800,103.653327,64,1039
shape_J44CWLMYJB_0,1.413914,103.653239,65,1055
shape_J44CWLMYJB_0,1.414004,103.653162,66,1068
shape_J44CWLMYJB_0,1.414065,103.653092,67,1078
shape_J44CWLMYJB_0,1.41411,103.65306,68,1084
shape_J44CWLMYJB_0,1.41474,103.65232,69,1192
shape_J44CWLMYJB_0,1.41502,103.65204,70,1236
shape_J44CWLMYJB_0,1.41528,103.65184,71,1272
shape_J44CWLMYJB_0,1.41542,103.65175,72,1291
shape_J44CWLMYJB_0,1.41588,103.65153,73,1348
shape_J44CWLMYJB_0,1.41646,103.65131,74,1417
shape_J44CWLMYJB_0,1.41734,103.6508,75,1530
shape_J44CWLMYJB_0,1.41758,103.65061,76,1564
shape_J44CWLMYJB_0,1.41775,103.65043,77,1592
shape_J44CWLMYJB_0,1.41795,103.65014,78,1631
shape_J44CWLMYJB_0,1.41812,103.64983,79,1670
shape_J44CWLMYJB_0,1.41847,103.64908,80,1762
shape_J44CWLMYJB_0,1.41864,103.64858,81,1821
shape_J44CWLMYJB_0,1.41895,103.64793,82,1901
shape_J44CWLMYJB_0,1.41947,103.64713,83,2007
shape_J44CWLMYJB_0,1.4199,103.64662,84,2081
shape_J44CWLMYJB_0,1.42015,103.6464,85,2118
shape_J44CWLMYJB_0,1.42028,103.64614,86,2150
shape_J44CWLMYJB_0,1.42033,103.64596,87,2171
shape_J44CWLMYJB_0,1.42033,103.64567,88,2203
shape_J44CWLMYJB_0,1.42029,103.64549,89,2223
shape_J44CWLMYJB_0,1.42001,103.64502,90,2284
shape_J44CWLMYJB_0,1.41981,103.64459,91,2337
shape_J44CWLMYJB_0,1.41953,103.64379,92,2431
shape_J44CWLMYJB_0,1.41941,103.64309,93,2510
shape_J44CWLMYJB_0,1.41935,103.64231,94,2597
shape_J44CWLMYJB_0,1.41915,103.63666,95,3225
shape_J44CWLMYJB_0,1.419,103.63486,96,3426
shape_J44CWLMYJB_0,1.4190652690697159,103.63318860580443,97,3612
shape_J44CWLMYJB_0,1.4196476034969097,103.63099190605162,98,3865
shape_J44CWLMYJB_0,1.419925584521204,103.6303825489044,99,3939
shape_J44CWLMYJB_0,1.42118,103.63101,100,4095
shape_J44CWLMYJB_0,1.4217943841236118,103.63137747717393,101,4175
shape_J44CWLMYJB_0,1.4225,103.63187,102,4271
shape_J44CWLMYJB_0,1.42306,103.6324,103,4357
shape_J44CWLMYJB_0,1.42368,103.633,104,4453
shape_J44CWLMYJB_0,1.42404,103.63328,105,4504
shape_J44CWLMYJB_0,1.42453,103.63349,106,4563
shape_J44CWLMYJB_0,1.42487,103.63354,107,4601
shape_J44CWLMYJB_0,1.42653,103.63351,108,4786
shape_J44CWLMYJB_0,1.42694,103.63356,109,4832
shape_J44CWLMYJB_0,1.4274,103.63374,110,4887
shape_J44CWLMYJB_0,1.42764,103.63385,111,4916
shape_J44CWLMYJB_0,1.42782,103.63396,112,4939
shape_J44CWLMYJB_0,1.42827,103.63443,113,5011
shape_J44CWLMYJB_0,1.4286,103.63411,114,5062
shape_J44CWLMYJB_0,1.42911,103.63376,115,5131
shape_J44CWLMYJB_0,1.42923,103.63369,116,5146
shape_J44CWLMYJB_0,1.42939,103.63361,117,5166
shape_J44CWLMYJB_0,1.4299,103.63344,118,5226
shape_J44CWLMYJB_0,1.43042,103.63332,119,5285
shape_J44CWLMYJB_0,1.43122,103.63294,120,5383
shape_J44CWLMYJB_0,1.43163,103.63261,121,5442
shape_J44CWLMYJB_0,1.43177,103.63246,122,5465
shape_J44CWLMYJB_0,1.43192,103.63226,123,5493
shape_J44CWLMYJB_0,1.43204,103.63205,124,5520
shape_J44CWLMYJB_0,1.4322,103.63172,125,5561
shape_J44CWLMYJB_0,1.43222,103.63155,126,5580
shape_J44CWLMYJB_0,1.43222,103.63147,127,5589
shape_J44CWLMYJB_0,1.43215,103.63124,128,5616
shape_J44CWLMYJB_0,1.43214,103.63115,129,5626
shape_J44CWLMYJB_0,1.43219,103.63103,130,5640
shape_J44CWLMYJB_0,1.43229,103.63094,131,5655
shape_J44CWLMYJB_0,1.43236,103.63092,132,5663
shape_J44CWLMYJB_0,1.4326,103.63089,133,5690
shape_J44CWLMYJB_0,1.4327,103.63086,134,5702
shape_J44CWLMYJB_0,1.43279,103.63082,135,5713
shape_J44CWLMYJB_0,1.43288,103.63075,136,5726
shape_J44CWLMYJB_0,1.43447,103.62928,137,5967
shape_J44CWLMYJB_0,1.4376,103.63159,138,6400
shape_J44CWLMYJB_0,1.43777,103.63177,139,6428
shape_J44CWLMYJB_0,1.43979,103.6332,140,6703
shape_J44CWLMYJB_0,1.44059,103.63387,141,6819
shape_J44CWLMYJB_0,1.44103,103.63432,142,6889
shape_J44CWLMYJB_0,1.44136,103.6347,143,6945
shape_J44CWLMYJB_0,1.44178,103.63525,144,7022
shape_J44CWLMYJB_0,1.44737,103.64395,145,8172
shape_J44CWLMYJB_0,1.44755,103.64419,146,8205
shape_J44CWLMYJB_0,1.45106,103.64982,147,8943
shape_J44CWLMYJB_0,1.45124,103.64995,148,8968
shape_J44CWLMYJB_0,1.45142,103.65014,149,8997
shape_J44CWLMYJB_0,1.45168,103.65036,150,9035
shape_J44CWLMYJB_0,1.4518,103.65044,151,9051
shape_J44CWLMYJB_0,1.45205,103.65056,152,9082
shape_J44CWLMYJB_0,1.45578,103.65202,153,9527
shape_J44CWLMYJB_0,1.45602,103.65209,154,9555
shape_J44CWLMYJB_0,1.45625,103.65212,155,9581
shape_J44CWLMYJB_0,1.45664,103.65212,156,9624
shape_J44CWLMYJB_0,1.45827,103.652,157,9806
shape_J44CWLMYJB_0,1.45928,103.65201,158,9918
shape_J44CWLMYJB_0,1.46013,103.65217,159,10014
shape_J44CWLMYJB_0,1.46416,103.65268,160,10466
shape_J44CWLMYJB_0,1.46499,103.65284,161,10560
shape_J44CWLMYJB_0,1.46759,103.65325,162,10853
shape_J44CWLMYJB_0,1.47093,103.65375,163,11229
shape_J44CWLMYJB_0,1.47533,103.65441,164,11724
shape_J44CWLMYJB_0,1.47661,103.65447,165,11866
shape_J44CWLMYJB_0,1.4778,103.65445,166,11998
shape_J44CWLMYJB_0,1.47827,103.65441,167,12050
shape_J44CWLMYJB_0,1.47871,103.65565,168,12196
shape_J44CWLMYJB_0,1.4791031653683986,103.65700831150055,169,12353
shape_J44CWLMYJB_0,1.479565362629537,103.65688982803343,170,12406
shape_J44CWLMYJB_0,1.4800772739683965,103.65679717525482,171,12464
shape_J44CWLMYJB_0,1.4806499104222446,103.65687154827117,172,12528
shape_J44CWLMYJB_0,1.48102,103.65695,173,12570
shape_J44CWLMYJB_0,1.4812767020045021,103.65708845842408,174,12602
shape_J44CWLMYJB_0,1.4817559104490088,103.65740784523008,175,12666
shape_J44CWLMYJB_0,1.4822974480855593,103.65800507472994,176,12756
shape_J44CWLMYJB_0,1.482668546343482,103.65873498643877,177,12847
shape_J44CWLMYJB_0,1.4828197108808139,103.6593588048935,178,12918
shape_J44CWLMYJB_0,1.4827465902383459,103.66015961971284,179,13007
shape_J44CWLMYJB_0,1.4825727443946777,103.66072959028247,180,13073
shape_J44CWLMYJB_0,1.4823036021418812,103.66124403778115,181,13138
shape_J44CWLMYJB_0,1.4820385254911703,103.66153314617158,182,13182
shape_J44CWLMYJB_0,1.48173,103.6618,183,13227
shape_J44CWLMYJB_0,1.4813105479658568,103.6620438750076,184,13281
shape_J44CWLMYJB_0,1.4809687904281494,103.66219337930677,185,13322
shape_J44CWLMYJB_0,1.4816,103.664,186,13535
shape_J44CWLMYJB_0,1.4818,103.66468,187,13614
shape_J44CWLMYJB_0,1.48182,103.6648,188,13628
shape_J44CWLMYJB_0,1.48086,103.66502,189,13738
shape_J44CWLMYJB_0,1.47807,103.66553,190,14053
shape_J44CWLMYJB_0,1.47613,103.66578,191,14271
shape_J44CWLMYJB_0,1.47561,103.66595,192,14332
shape_J44CWLMYJB_0,1.47368,103.66618,193,14548
shape_J44CWLMYJB_0,1.47316,103.66635,194,14609
shape_J44CWLMYJB_0,1.4731,103.66638,195,14616
shape_J44CWLMYJB_0,1.47303,103.66647,196,14629
shape_J44CWLMYJB_0,1.473,103.6666,197,14644
shape_J44CWLMYJB_0,1.47301,103.66666,198,14651
shape_J44CWLMYJB_0,1.47313,103.66698,199,14689
shape_J44CWLMYJB_0,1.47314,103.66715,200,14708
shape_J44CWLMYJB_0,1.47319,103.6673,201,14726
shape_J44CWLMYJB_0,1.47322,103.66755,202,14754
shape_J44CWLMYJB_0,1.47311,103.67054,203,15087
shape_J44CWLMYJB_0,1.47303,103.67107,204,15147
shape_J44CWLMYJB_0,1.4731,103.672,205,15251
shape_J44CWLMYJB_0,1.47282,103.67695,206,15802
shape_J44CWLMYJB_0,1.47296,103.67717,207,15831
shape_J44CWLMYJB_0,1.47276,103.67736,208,15862
shape_J44CWLMYJB_0,1.47236,103.67876,209,16024
shape_J44CWLMYJB_0,1.47136,103.68588,210,16823
shape_J44CWLMYJB_0,1.47141,103.68596,211,16833
shape_J44CWLMYJB_0,1.47034,103.69057,212,17359
shape_J44CWLMYJB_0,1.4703,103.69128,213,17438
shape_J44CWLMYJB_0,1.47034,103.69181,214,17497
shape_J44CWLMYJB_0,1.47039,103.69187,215,17506
shape_J44CWLMYJB_0,1.47238,103.69913,216,18343
shape_J44CWLMYJB_0,1.4726,103.69964,217,18405
shape_J44CWLMYJB_0,1.47282,103.69999,218,18451
shape_J44CWLMYJB_0,1.47298,103.70016,219,18477
shape_J44CWLMYJB_0,1.47337,103.70053,220,18537
shape_J44CWLMYJB_0,1.47918,103.70515,221,19362
shape_J44CWLMYJB_0,1.47954,103.70552,222,19419
shape_J44CWLMYJB_0,1.47974,103.70578,223,19455
shape_J44CWLMYJB_0,1.47992,103.70608,224,19494
shape_J44CWLMYJB_0,1.48006,103.70637,225,19530
shape_J44CWLMYJB_0,1.4805,103.70757,226,19672
shape_J44CWLMYJB_0,1.48059,103.70777,227,19696
shape_J44CWLMYJB_0,1.48223,103.71264,228,20267
shape_J44CWLMYJB_0,1.48235,103.71293,229,20302
shape_J44CWLMYJB_0,1.48364,103.71506,230,20579
shape_J44CWLMYJB_0,1.48377,103.71523,231,20603
shape_J44CWLMYJB_0,1.48394,103.71538,232,20628
shape_J44CWLMYJB_0,1.48589,103.71672,233,20891
shape_J44CWLMYJB_0,1.48604,103.71684,234,20912
shape_J44CWLMYJB_0,1.48624,103.71707,235,20946
shape_J44CWLMYJB_0,1.48633,103.71722,236,20965
shape_J44CWLMYJB_0,1.48637,103.71735,237,20980
shape_J44CWLMYJB_0,1.48641,103.71756,238,21004
shape_J44CWLMYJB_0,1.48637,103.71995,239,21270
shape_J44CWLMYJB_0,1.48669,103.72354,240,21671
shape_J44CWLMYJB_0,1.48673,103.72369,241,21688
shape_J44CWLMYJB_0,1.48691,103.72424,242,21752
shape_J44CWLMYJB_0,1.4872,103.72468,243,21811
shape_J44CWLMYJB_0,1.48735,103.72504,244,21854
shape_J44CWLMYJB_0,1.48789,103.72578,245,21956
shape_J44CWLMYJB_0,1.48812,103.72619,246,22008
shape_J44CWLMYJB_0,1.48875,103.72764,247,22184
shape_J44CWLMYJB_0,1.48936,103.72953,248,22405
shape_J44CWLMYJB_0,1.4900521953425425,103.73189999538424,249,22679
shape_J44CWLMYJB_0,1.4901987222024862,103.73344401523582,250,22851
shape_J44CWLMYJB_0,1.4903220620846156,103.73482267066947,251,23005
shape_J44CWLMYJB_0,1.4901826343912647,103.73686651393882,252,23233
shape_J44CWLMYJB_0,1.489496221003044,103.7387172381591,253,23452
shape_J44CWLMYJB_0,1.4890993881654233,103.73963991806022,254,23564
shape_J44CWLMYJB_0,1.488846340161558,103.74096593514196,255,23714
shape_J44CWLMYJB_0,1.488853,103.741007,256,23719
shape_J44CWLMYJB_0,1.488899,103.741138,257,23734
shape_J44CWLMYJB_0,1.488976,103.741310,258,23755
shape_J44CWLMYJB_0,1.489016,103.741368,259,23763
shape_J44CWLMYJB_0,1.4890973771880236,103.74147714299944,260,23778
shape_J44CWLMYJB_0,1.489170,103.741557,261,23790
shape_J44CWLMYJB_0,1.489229,103.741602,262,23798
shape_J44CWLMYJB_0,1.489276019006533,103.74162777021638,263,23804
shape_J44CWLMYJB_0,1.489362,103.741646,264,23814
shape_J44CWLMYJB_0,1.489471,103.741640,265,23826
shape_J44CWLMYJB_0,1.489539,103.741629,266,23834
shape_J44CWLMYJB_0,1.489727,103.741549,267,23857
shape_J44CWLMYJB_0,1.489797,103.741506,268,23866
shape_J44CWLMYJB_0,1.489866,103.741434,269,23877
shape_J44CWLMYJB_0,1.489929,103.741309,270,23893
shape_J44CWLMYJB_0,1.4899466798132197,103.74120029315463,271,23905
shape_J44CWLMYJB_0,1.489942,103.741048,272,23922
shape_J44CWLMYJB_0,1.489925,103.740941,273,23934
shape_J44CWLMYJB_0,1.489865,103.740825,274,23949
shape_J44CWLMYJB_0,1.489808,103.740771,275,23958
shape_J44CWLMYJB_0,1.489717,103.740710,276,23970
shape_J44CWLMYJB_0,1.489630,103.740668,277,23981
shape_J44CWLMYJB_0,1.489569,103.740634,278,23989
shape_J44CWLMYJB_0,1.489529,103.740612,279,23994
shape_J44CWLMYJB_0,1.489472,103.740581,280,24001
shape_J44CWLMYJB_0,1.489261,103.740521,281,24025
shape_J44CWLMYJB_0,1.489030,103.740458,282,24052
shape_J44CWLMYJB_0,1.488973,103.740437,283,24059
shape_J44CWLMYJB_0,1.488724,103.740345,284,24089
shape_J44CWLMYJB_0,1.488466,103.740253,285,24119
shape_J44CWLMYJB_0,1.488251,103.740178,286,24144
shape_J44CWLMYJB_0,1.488235,103.740183,287,24146
shape_J44CWLMYJB_0,1.488174,103.740194,288,24153
shape_J44CWLMYJB_0,1.488040,103.740213,289,24168
shape_J44CWLMYJB_0,1.487914,103.740248,290,24183
shape_J44CWLMYJB_0,1.487868,103.740274,291,24189
shape_J44CWLMYJB_0,1.487753,103.740392,292,24207
shape_J44CWLMYJB_0,1.487687,103.740486,293,24220
shape_J44CWLMYJB_0,1.487655,103.740550,294,24228
shape_J44CWLMYJB_0,1.487632,103.740676,295,24242
shape_J44CWLMYJB_0,1.487636,103.740838,296,24260
shape_J44CWLMYJB_0,1.487669,103.740993,297,24278
shape_J44CWLMYJB_0,1.487729,103.741119,298,24294
shape_J44CWLMYJB_0,1.487807,103.741236,299,24310
shape_J44CWLMYJB_0,1.487908,103.741327,300,24325
shape_J44CWLMYJB_0,1.488035,103.741382,301,24340
shape_J44CWLMYJB_0,1.488158,103.741407,302,24354
shape_J44CWLMYJB_0,1.488290,103.741401,303,24369
shape_J44CWLMYJB_0,1.488416,103.741347,304,24384
shape_J44CWLMYJB_0,1.488513,103.741283,305,24397
shape_J44CWLMYJB_0,1.488598,103.741191,306,24411
shape_J44CWLMYJB_0,1.488651,103.741114,307,24421
shape_J44CWLMYJB_0,1.488705,103.740957,308,24439
shape_J44CWLMYJB_0,1.488733,103.740874,309,24449
shape_J44CWLMYJB_0,1.488767,103.740777,310,24460
shape_J44CWLMYJB_0,1.488801,103.740580,311,24482
shape_J44CWLMYJB_0,1.488829,103.740407,312,24501
shape_J44CWLMYJB_0,1.488859,103.740231,313,24521
shape_J44CWLMYJB_0,1.488904,103.739957,314,24552
shape_J44CWLMYJB_0,1.488946,103.739705,315,24580
shape_J44CWLMYJB_0,1.488958,103.739643,316,24587
shape_J44CWLMYJB_0,1.488944,103.739566,317,24596
shape_J44CWLMYJB_0,1.488902,103.739327,318,24623
shape_J44CWLMYJB_0,1.488865,103.739216,319,24636
shape_J44CWLMYJB_0,1.488816,103.739132,320,24647
shape_J44CWLMYJB_0,1.488771,103.739075,321,24655
shape_J44CWLMYJB_0,1.488646,103.738957,322,24674
shape_J44CWLMYJB_0,1.488556,103.738908,323,24685
shape_J44CWLMYJB_0,1.488477,103.738879,324,24694
shape_J44CWLMYJB_0,1.488385,103.738862,325,24704
shape_J44CWLMYJB_0,1.488309,103.738865,326,24712
shape_J44CWLMYJB_0,1.488206,103.738881,327,24724
shape_J44CWLMYJB_0,1.488094,103.738927,328,24737
shape_J44CWLMYJB_0,1.488011,103.738989,329,24749
shape_J44CWLMYJB_0,1.487947,103.739063,330,24760
shape_J44CWLMYJB_0,1.487911,103.739140,331,24769
shape_J44CWLMYJB_0,1.487886,103.739214,332,24778
shape_J44CWLMYJB_0,1.487866,103.739303,333,24788
shape_J44CWLMYJB_0,1.487858,103.739361,334,24795
shape_J44CWLMYJB_0,1.487855,103.739488,335,24809
shape_J44CWLMYJB_0,1.487871,103.739594,336,24821
shape_J44CWLMYJB_0,1.487888,103.739654,337,24828
shape_J44CWLMYJB_0,1.487968,103.739789,338,24845
shape_J44CWLMYJB_0,1.488018,103.739857,339,24854
shape_J44CWLMYJB_0,1.488074,103.739914,340,24863
shape_J44CWLMYJB_0,1.488135,103.739962,341,24872
shape_J44CWLMYJB_0,1.488220,103.740018,342,24883
shape_J44CWLMYJB_0,1.488381,103.740078,343,24902
shape_J44CWLMYJB_0,1.489399,103.740407,344,25021
shape_J44CWLMYJB_0,1.489888,103.740590,345,25079
shape_J44CWLMYJB_0,1.490193,103.740690,346,25115
shape_J44CWLMYJB_0,1.490572,103.740774,347,25158
shape_J44CWLMYJB_0,1.490883,103.740783,348,25193
shape_J44CWLMYJB_0,1.491105,103.740790,349,25218
shape_J44CWLMYJB_0,1.491390,103.740770,350,25250
shape_J44CWLMYJB_0,1.4915621637915966,103.74072562698362,351,25270
shape_J44CWLMYJB_0,1.49164,103.74065,352,25282
shape_J44CWLMYJB_0,1.49267,103.74043,353,25399
shape_J44CWLMYJB_0,1.49276,103.74044,354,25409
shape_J44CWLMYJB_0,1.49322,103.74032,355,25462
shape_J44CWLMYJB_0,1.49328,103.74036,356,25470
shape_J44CWLMYJB_0,1.49354,103.74116,357,25564
shape_J44CWLMYJB_0,1.49384,103.74183,358,25646
shape_J44CWLMYJB_0,1.4945639501846537,103.74338031681063,359,25836
shape_J44CWLMYJB_0,1.4949983201808938,103.7432837572861,360,25885
shape_J44CWLMYJB_0,1.49487,103.74263,361,25959
shape_J10CWLMYJB_1,1.46352,103.76496,0,0
shape_J10CWLMYJB_1,1.46376,103.764856,1,29
shape_J10CWLMYJB_1,1.463955,103.764749,2,54
shape_J10CWLMYJB_1,1.464178,103.764615,3,83
shape_J10CWLMYJB_1,1.464392,103.764495,4,110
shape_J10CWLMYJB_1,1.464545,103.764374,5,132
shape_J10CWLMYJB_1,1.464691,103.764258,6,153
shape_J10CWLMYJB_1,1.464806,103.764168,7,169
shape_J10CWLMYJB_1,1.464931,103.764087,8,186
shape_J10CWLMYJB_1,1.465077,103.763991,9,205
shape_J10CWLMYJB_1,1.465148,103.763924,10,216
shape_J10CWLMYJB_1,1.465182,103.76382,11,228
shape_J10CWLMYJB_1,1.465225,103.76366,12,246
shape_J10CWLMYJB_1,1.465295,103.763582,13,258
shape_J10CWLMYJB_1,1.465387,103.763508,14,271
shape_J10CWLMYJB_1,1.465493,103.763496,15,283
shape_J10CWLMYJB_1,1.465583,103.763543,16,294
shape_J10CWLMYJB_1,1.465631,103.763604,17,303
shape_J10CWLMYJB_1,1.465632,103.763703,18,314
shape_J10CWLMYJB_1,1.465622,103.76379,19,324
shape_J10CWLMYJB_1,1.4656,103.763876,20,334
shape_J10CWLMYJB_1,1.465543,103.763934,21,343
shape_J10CWLMYJB_1,1.465316,103.764046,22,371
shape_J10CWLMYJB_1,1.464902,103.764296,23,425
shape_J10CWLMYJB_1,1.464631,103.76448,24,461
shape_J10CWLMYJB_1,1.46441,103.764657,25,492
shape_J10CWLMYJB_1,1.463983,103.764907,26,547
shape_J10CWLMYJB_1,1.463635,103.765113,27,592
shape_J10CWLMYJB_1,1.463197,103.765323,28,646
shape_J10CWLMYJB_1,1.4626259779973299,103.76564816319464,29,719
shape_J10CWLMYJB_1,1.461995,103.766025,30,801
shape_J10CWLMYJB_1,1.461609,103.766249,31,851
shape_J10CWLMYJB_1,1.46134,103.7664,32,885
shape_J10CWLMYJB_1,1.4609557130944644,103.76653997056962,33,930
shape_J10CWLMYJB_1,1.4604018908376994,103.76680113739967,34,998
shape_J10CWLMYJB_1,1.4601160431330276,103.7669640233135,35,1035
shape_J10CWLMYJB_1,1.4597705906305485,103.76717373131751,36,1080
shape_J10CWLMYJB_1,1.459788009212909,103.76731886260035,37,1096
shape_J10CWLMYJB_1,1.459792076127953,103.76737632638931,38,1102
shape_J10CWLMYJB_1,1.459666,103.767446,39,1118
shape_J10CWLMYJB_1,1.45957,103.767522,40,1132
shape_J10CWLMYJB_1,1.459468,103.767606,41,1147
shape_J10CWLMYJB_1,1.4594186593305245,103.76753355704308,42,1157
shape_J10CWLMYJB_1,1.459337,103.767401,43,1174
shape_J10CWLMYJB_1,1.459232231092299,103.76728413988113,44,1191
shape_J10CWLMYJB_1,1.45914,103.767216,45,1204
shape_J10CWLMYJB_1,1.459014,103.76714,46,1220
shape_J10CWLMYJB_1,1.458869,103.767067,47,1238
shape_J10CWLMYJB_1,1.458731,103.767026,48,1254
shape_J10CWLMYJB_1,1.458371,103.766958,49,1295
shape_J10CWLMYJB_1,1.45804,103.76685,50,1334
shape_J10CWLMYJB_1,1.45784,103.76676,51,1358
shape_J10CWLMYJB_1,1.45738,103.76642,52,1422
shape_J10CWLMYJB_1,1.45714,103.76628,53,1453
shape_J10CWLMYJB_1,1.4569,103.76616,54,1483
shape_J10CWLMYJB_1,1.456587,103.765998,55,1522
shape_J10CWLMYJB_1,1.45636,103.76583,56,1553
shape_J10CWLMYJB_1,1.4561,103.76554,57,1596
shape_J10CWLMYJB_1,1.45602,103.7654,58,1614
shape_J10CWLMYJB_1,1.4549,103.76127,59,2090
shape_J10CWLMYJB_1,1.454561955965828,103.7596812245369,60,2271
shape_J10CWLMYJB_1,1.45723,103.75915,61,2573
shape_J10CWLMYJB_1,1.45782,103.75904,62,2640
shape_J10CWLMYJB_1,1.45949,103.75871,63,2829
shape_J10CWLMYJB_1,1.45961,103.75867,64,2843
shape_J10CWLMYJB_1,1.45974,103.7586,65,2859
shape_J10CWLMYJB_1,1.45996,103.75839,66,2893
shape_J10CWLMYJB_1,1.460257,103.75808,67,2941
shape_J10CWLMYJB_1,1.461048,103.757348,68,3061
shape_J10CWLMYJB_1,1.462528,103.756061,69,3279
shape_J10CWLMYJB_1,1.4631765933277552,103.75547049570082,70,3377
shape_J10CWLMYJB_1,1.4634443520202711,103.75522125396729,71,3418
shape_J10CWLMYJB_1,1.4640465520635237,103.75471011772156,72,3506
shape_J10CWLMYJB_1,1.46453,103.75429,73,3577
shape_J10CWLMYJB_1,1.46601,103.75303,74,3793
shape_J10CWLMYJB_1,1.46626,103.75285,75,3827
shape_J10CWLMYJB_1,1.46666,103.75262,76,3878
shape_J10CWLMYJB_1,1.46692,103.75249,77,3910
shape_J10CWLMYJB_1,1.4675227912988078,103.75212011656761,78,3989
shape_J10CWLMYJB_1,1.468009,103.751864,79,4050
shape_J10CWLMYJB_1,1.468438,103.751618,80,4105
shape_J10CWLMYJB_1,1.468846,103.751398,81,4157
shape_J10CWLMYJB_1,1.469561,103.750985,82,4249
shape_J10CWLMYJB_1,1.4696763078608632,103.75093169080738,83,4263
shape_J10CWLMYJB_1,1.4699107696400089,103.75129641352652,84,4311
shape_J10CWLMYJB_1,1.470134285860004,103.75157137053488,85,4350
shape_J10CWLMYJB_1,1.47067,103.75232,86,4452
shape_J10CWLMYJB_1,1.4708975385531922,103.75262793005943,87,4495
shape_J10CWLMYJB_1,1.4711755825232844,103.75297597668647,88,4545
shape_J10CWLMYJB_1,1.471477,103.753383,89,4601
shape_J10CWLMYJB_1,1.4717559123073947,103.75377766749385,90,4655
shape_J10CWLMYJB_1,1.47195358226913,103.75407685152052,91,4695
shape_J10CWLMYJB_1,1.4721242307339748,103.75440545767214,92,4736
shape_J10CWLMYJB_1,1.4726044175068473,103.75530268220899,93,4849
shape_J10CWLMYJB_1,1.47287065953077,103.75583889087679,94,4916
shape_J10CWLMYJB_1,1.4733336042997114,103.7567217754631,95,5027
shape_J10CWLMYJB_1,1.47371774713003,103.75754507605744,96,5128
shape_J10CWLMYJB_1,1.473875,103.757945,97,5176
shape_J10CWLMYJB_1,1.473969,103.758237,98,5210
shape_J10CWLMYJB_1,1.4739877801780403,103.75863152149581,99,5254
shape_J10CWLMYJB_1,1.473953,103.759181,100,5315
shape_J10CWLMYJB_1,1.4737628571831376,103.7600848816966,101,5418
shape_J10CWLMYJB_1,1.473781,103.760214,102,5432
shape_J10CWLMYJB_1,1.473773,103.760388,103,5451
shape_J10CWLMYJB_1,1.473661,103.760825,104,5501
shape_J10CWLMYJB_1,1.473478868101215,103.76151672520065,105,5581
shape_J10CWLMYJB_1,1.4733503957021075,103.76203219874189,106,5640
shape_J10CWLMYJB_1,1.473295,103.762234,107,5663
shape_J10CWLMYJB_1,1.473285,103.762349,108,5676
shape_J10CWLMYJB_1,1.473409,103.762471,109,5695
shape_J10CWLMYJB_1,1.473492,103.762525,110,5706
shape_J10CWLMYJB_1,1.473807,103.762607,111,5742
shape_J10CWLMYJB_1,1.474128,103.762684,112,5779
shape_J10CWLMYJB_1,1.474449,103.762755,113,5816
shape_J10CWLMYJB_1,1.474756,103.762827,114,5851
shape_J10CWLMYJB_1,1.475263,103.762997,115,5910
shape_J10CWLMYJB_1,1.4753768029349943,103.76303772023772,116,5923
shape_J10CWLMYJB_1,1.47642,103.76329,117,6042
shape_J10CWLMYJB_1,1.476949,103.763446,118,6103
shape_J10CWLMYJB_1,1.477822,103.76365,119,6203
shape_J10CWLMYJB_1,1.478914,103.763957,120,6329
shape_J10CWLMYJB_1,1.479376,103.76408,121,6382
shape_J10CWLMYJB_1,1.4805,103.76435,122,6511
shape_J10CWLMYJB_1,1.482612043933238,103.76494186871717,123,6755
shape_J10CWLMYJB_1,1.484599681308668,103.76550527976228,124,6985
shape_J10CWLMYJB_1,1.48652,103.76603,125,7206
shape_J10CWLMYJB_1,1.487078748987188,103.76620808465576,126,7271
shape_J10CWLMYJB_1,1.487681,103.766346,127,7340
shape_J10CWLMYJB_1,1.4883709447781974,103.76656227116396,128,7420
shape_J10CWLMYJB_1,1.489038,103.766745,129,7497
shape_J10CWLMYJB_1,1.489451,103.76687,130,7545
shape_J10CWLMYJB_1,1.489912,103.766947,131,7597
shape_J10CWLMYJB_1,1.4903151385571831,103.76695983068846,132,7642
shape_J10CWLMYJB_1,1.49052,103.76696,133,7665
shape_J10CWLMYJB_1,1.4910847918733299,103.76688408465573,134,7728
shape_J10CWLMYJB_1,1.492052,103.766659,135,7838
shape_J10CWLMYJB_1,1.4928297137661248,103.76654413988112,136,7925
shape_J10CWLMYJB_1,1.493381900768104,103.76645518650818,137,7987
shape_J10CWLMYJB_1,1.4952270000000158,103.76608008465575,138,8196
shape_J10CWLMYJB_1,1.496922,103.76579,139,8387
shape_J10CWLMYJB_1,1.498638,103.765415,140,8582
shape_J10CWLMYJB_1,1.499989,103.765168,141,8735
shape_J10CWLMYJB_1,1.50051,103.76503,142,8795
shape_J10CWLMYJB_1,1.500816,103.765029,143,8829
shape_J10CWLMYJB_1,1.501433,103.76493,144,8898
shape_J10CWLMYJB_1,1.502155,103.764737,145,8981
shape_J10CWLMYJB_1,1.5037028389975555,103.76429160118863,146,9160
shape_J10CWLMYJB_1,1.50383,103.76416,147,9180
shape_J10CWLMYJB_1,1.504343,103.764029,148,9239
shape_J10CWLMYJB_1,1.5050619005392323,103.76340182209016,149,9345
shape_J10CWLMYJB_1,1.50571,103.76267,150,9454
shape_J10CWLMYJB_1,1.5060669156189208,103.76233170800401,151,9509
shape_J10CWLMYJB_1,1.506442,103.762076,152,9559
shape_J10CWLMYJB_1,1.506828,103.761883,153,9607
shape_J10CWLMYJB_1,1.5071403187189032,103.7617819067459,154,9644
shape_J10CWLMYJB_1,1.507608,103.761612,155,9699
shape_J10CWLMYJB_1,1.5081614265572167,103.76144075826642,156,9763
shape_J10CWLMYJB_1,1.5089286374421822,103.7612024490738,157,9852
shape_J10CWLMYJB_1,1.50975,103.76089,158,9950
shape_J10CWLMYJB_1,1.510982,103.760446,159,10096
shape_J10CWLMYJB_1,1.511851,103.760027,160,10203
shape_J10CWLMYJB_1,1.5121969561753716,103.75979108465575,161,10250
shape_J10CWLMYJB_1,1.512527,103.759491,162,10300
shape_J10CWLMYJB_1,1.513081693251181,103.7589115423279,163,10389
shape_J10CWLMYJB_1,1.513567,103.758515,164,10459
shape_J10CWLMYJB_1,1.5142630516161601,103.75809571163937,165,10549
shape_J10CWLMYJB_1,1.514855382312132,103.75792389814758,166,10618
shape_J10CWLMYJB_1,1.515593,103.757903,167,10700
shape_J10CWLMYJB_1,1.516569,103.758096,168,10811
shape_J10CWLMYJB_1,1.5170947246059951,103.75827019678115,169,10873
shape_J10CWLMYJB_1,1.5177233913798598,103.75847358531952,170,10946
shape_J10CWLMYJB_1,1.5181582628155954,103.7585935853195,171,10996
shape_J10CWLMYJB_1,1.518804735231509,103.75892352645874,172,11077
shape_J10CWLMYJB_1,1.5192896064272468,103.75924151422498,173,11141
shape_J10CWLMYJB_1,1.5197077180898286,103.75959221363065,174,11202
shape_J10CWLMYJB_1,1.520103080452507,103.76002337930679,175,11267
shape_J10CWLMYJB_1,1.5203964719927454,103.76044752380375,176,11324
shape_J10CWLMYJB_1,1.520706389215252,103.76104833631517,177,11399
shape_J10CWLMYJB_1,1.52212,103.76431,178,11794
shape_J10CWLMYJB_1,1.5224243502938621,103.76505682209016,179,11884
shape_J10CWLMYJB_1,1.52263,103.76554,180,11942
shape_J10CWLMYJB_1,1.5229026129905237,103.76616023313525,181,12017
shape_J10CWLMYJB_1,1.5232181944175842,103.7668360638237,182,12100
shape_J10CWLMYJB_1,1.5236434063034792,103.76759758035658,183,12197
shape_J10CWLMYJB_1,1.5241441313407194,103.76830294477465,184,12293
shape_J10CWLMYJB_1,1.5243852941729172,103.76868437301636,185,12343
shape_J10CWLMYJB_1,1.5245726129032242,103.7690765595245,186,12391
shape_J10CWLMYJB_1,1.5246565253414865,103.76955504299164,187,12445
shape_J10CWLMYJB_1,1.524685800302182,103.77002276819229,188,12497
shape_J10CWLMYJB_1,1.52469,103.77055,189,12556
shape_J10CWLMYJB_1,1.5248,103.7709,190,12597
shape_J10CWLMYJB_1,1.5249,103.77105,191,12617
shape_J10CWLMYJB_1,1.52674,103.77531,192,13133
shape_J10CWLMYJB_1,1.52682,103.77553,193,13159
shape_J10CWLMYJB_1,1.52695,103.77605,194,13219
shape_J10CWLMYJB_1,1.52713,103.77846,195,13488
shape_J10CWLMYJB_1,1.52722,103.77884,196,13531
shape_J10CWLMYJB_1,1.52728,103.77901,197,13551
shape_J10CWLMYJB_1,1.52743,103.77932,198,13589
shape_J10CWLMYJB_1,1.52765,103.77965,199,13633
shape_J10CWLMYJB_1,1.52793,103.77996,200,13679
shape_J10CWLMYJB_1,1.52817,103.78017,201,13714
shape_J10CWLMYJB_1,1.52842,103.78029,202,13745
shape_J10CWLMYJB_1,1.52864,103.78037,203,13771
shape_J10CWLMYJB_1,1.52895,103.78051,204,13809
shape_J10CWLMYJB_1,1.52943,103.78068,205,13866
shape_J10CWLMYJB_1,1.53078,103.78127,206,14030
shape_J10CWLMYJB_1,1.53137,103.78161,207,14106
shape_J10CWLMYJB_1,1.53212,103.78216,208,14209
shape_J10CWLMYJB_1,1.53278,103.7828,209,14311
shape_J10CWLMYJB_1,1.5336,103.78338,210,14423
shape_J10CWLMYJB_1,1.53444,103.78432,211,14563
shape_J10CWLMYJB_1,1.5348276063399486,103.7847009325409,212,14623
shape_J10CWLMYJB_1,1.535409,103.785235,213,14711
shape_J10CWLMYJB_1,1.536029,103.785761,214,14801
shape_J10CWLMYJB_1,1.536838,103.786361,215,14913
shape_J10CWLMYJB_1,1.537837,103.787077,216,15050
shape_J10CWLMYJB_1,1.538272,103.787393,217,15110
shape_J10CWLMYJB_1,1.5386368929060656,103.78768087368015,218,15162
shape_J10CWLMYJB_1,1.539060091822147,103.78799731012191,219,15221
shape_J10CWLMYJB_1,1.5395515416096457,103.78836250562668,220,15289
shape_J10CWLMYJB_1,1.539963611549624,103.78869411581195,221,15348
shape_J10CWLMYJB_1,1.540352346682138,103.78900311674118,222,15403
shape_J10CWLMYJB_1,1.540833475392106,103.78934172023772,223,15468
shape_J10CWLMYJB_1,1.541421,103.789799,224,15551
shape_J10CWLMYJB_1,1.5420605063863486,103.79029755092623,225,15641
shape_J10CWLMYJB_1,1.542606,103.790756,226,15720
shape_J10CWLMYJB_1,1.5430078251630943,103.79108359050765,227,15778
shape_J10CWLMYJB_1,1.54323,103.79129,228,15812
shape_J10CWLMYJB_1,1.543619,103.791633,229,15870
shape_J10CWLMYJB_1,1.544069,103.792036,230,15937
shape_J10CWLMYJB_1,1.544872,103.792816,231,16061
shape_J10CWLMYJB_1,1.5455,103.793463,232,16161
shape_J10CWLMYJB_1,1.546157,103.794311,233,16280
shape_J10CWLMYJB_1,1.546648,103.794887,234,16364
shape_J10CWLMYJB_1,1.5468192770180151,103.79520745571138,235,16404
shape_J10CWLMYJB_1,1.54705,103.7955,236,16445
shape_J10CWLMYJB_1,1.5475222656235952,103.79620155288698,237,16539
shape_J10CWLMYJB_1,1.5479775452880815,103.79688323677065,238,16630
shape_J10CWLMYJB_1,1.548254,103.797293,239,16685
shape_J10CWLMYJB_1,1.548577943359149,103.7978623607826,240,16758
shape_J10CWLMYJB_1,1.5489214935187703,103.79840958168411,241,16830
shape_J10CWLMYJB_1,1.5492595064863377,103.79890521363068,242,16897
shape_J10CWLMYJB_1,1.5496345324618839,103.79862624669649,243,16949
shape_J10CWLMYJB_1,1.550179,103.79816,244,17029
shape_J10CWLMYJB_1,1.5507042750932125,103.7977058601189,245,17106
shape_J10CWLMYJB_1,1.551377,103.797075,246,17209
shape_J10CWLMYJB_1,1.5517786375493232,103.79661894171616,247,17277
shape_J10CWLMYJB_1,1.5522413278234848,103.79612086375425,248,17353
shape_J10CWLMYJB_1,1.552614,103.795896,249,17401
shape_J10CWLMYJB_1,1.552892,103.795724,250,17437
shape_J10CWLMYJB_1,1.552984,103.795668,251,17449
shape_J10CWLMYJB_1,1.553016,103.795651,252,17453
shape_J10CWLMYJB_1,1.55304,103.795647,253,17456
shape_J10CWLMYJB_1,1.553065,103.79564,254,17459
shape_J10CWLMYJB_1,1.553092,103.795626,255,17462
shape_J10CWLMYJB_1,1.553128,103.795598,256,17467
shape_J10CWLMYJB_1,1.553178,103.795549,257,17475
shape_J10CWLMYJB_1,1.553197,103.795532,258,17478
shape_J10CWLMYJB_1,1.553205,103.795508,259,17481
shape_J10CWLMYJB_1,1.55322,103.795476,260,17485
shape_J10CWLMYJB_1,1.553245,103.795444,261,17490
shape_J10CWLMYJB_1,1.553263,103.795429,262,17493
shape_J10CWLMYJB_1,1.553288,103.795415,263,17496
shape_J10CWLMYJB_1,1.553315,103.795407,264,17499
shape_J10CWLMYJB_1,1.553347,103.795397,265,17503
shape_J10CWLMYJB_1,1.553381,103.795398,266,17507
shape_J10CWLMYJB_1,1.553409,103.795408,267,17510
shape_J10CWLMYJB_1,1.553439,103.795421,268,17514
shape_J10CWLMYJB_1,1.553463,103.795439,269,17517
shape_J10CWLMYJB_1,1.553485,103.795461,270,17520
shape_J10CWLMYJB_1,1.553502,103.795487,271,17523
shape_J10CWLMYJB_1,1.553511,103.795512,272,17526
shape_J10CWLMYJB_1,1.553516,103.795538,273,17529
shape_J10CWLMYJB_1,1.553518,103.795559,274,17531
shape_J10CWLMYJB_1,1.553514,103.795583,275,17534
shape_J10CWLMYJB_1,1.553508,103.795618,276,17538
shape_J10CWLMYJB_1,1.553496,103.795645,277,17541
shape_J10CWLMYJB_1,1.553479,103.795664,278,17544
shape_J10CWLMYJB_1,1.553461,103.795683,279,17547
shape_J10CWLMYJB_1,1.553444,103.795699,280,17550
shape_J10CWLMYJB_1,1.553424,103.795707,281,17552
shape_J10CWLMYJB_1,1.553399,103.795716,282,17555
shape_J10CWLMYJB_1,1.553384,103.795718,283,17557
shape_J10CWLMYJB_1,1.553355,103.79572,284,17560
shape_J10CWLMYJB_1,1.553332,103.795718,285,17563
shape_J10CWLMYJB_1,1.553311,103.795714,286,17565
shape_J10CWLMYJB_1,1.553292,103.795709,287,17567
shape_J10CWLMYJB_1,1.553281,103.795707,288,17568
shape_J10CWLMYJB_1,1.553268,103.795712,289,17570
shape_J10CWLMYJB_1,1.553206,103.795739,290,17578
shape_J10CWLMYJB_1,1.553139,103.795772,291,17586
shape_J10CWLMYJB_1,1.553055,103.79581,292,17596
shape_J10CWLMYJB_1,1.552923,103.795879,293,17613
shape_J10CWLMYJB_1,1.552806,103.795939,294,17628
shape_J10CWLMYJB_1,1.552664,103.796018,295,17646
shape_J10CWLMYJB_1,1.552454,103.796145,296,17673
shape_J10CWLMYJB_1,1.552422,103.796167,297,17677
shape_J10CWLMYJB_1,1.55243,103.796205,298,17681
shape_J10CWLMYJB_1,1.552434,103.796249,299,17686
shape_J10CWLMYJB_1,1.552423,103.796329,300,17695
shape_J10CWLMYJB_1,1.552412,103.796401,301,17703
shape_J10CWLMYJB_1,1.552401,103.796483,302,17712
shape_J10CWLMYJB_1,1.552407,103.796506,303,17715
shape_J10CWLMYJB_1,1.552399,103.796581,304,17723
shape_J10CWLMYJB_1,1.552367,103.796644,305,17731
shape_J10CWLMYJB_1,1.552298,103.796713,306,17742
shape_J10CWLMYJB_1,1.552147,103.796852,307,17765
shape_J10CWLMYJB_1,1.5520542095876861,103.79693015153792,308,17778
shape_J10CWLMYJB_1,1.551779580831297,103.79719217485145,309,17820
shape_J10CWLMYJB_1,1.5514,103.79759,310,17881
shape_J10CWLMYJB_1,1.5512907648878467,103.79771199330617,311,17899
shape_J10CWLMYJB_1,1.55123,103.79779,312,17910
shape_J10CWLMYJB_1,1.551079991184572,103.79797144295694,313,17936
shape_J10CWLMYJB_1,1.550992,103.798061,314,17950
shape_J10CWLMYJB_1,1.550801,103.798258,315,17981
shape_J10CWLMYJB_1,1.550743,103.798183,316,17992
shape_J10CWLMYJB_1,1.550701,103.798146,317,17998
shape_J10CWLMYJB_1,1.550652,103.798129,318,18004
shape_J10CWLMYJB_1,1.550597,103.798148,319,18010
shape_J10CWLMYJB_1,1.550522,103.798189,320,18020
shape_J10CWLMYJB_1,1.5504363931314173,103.79825855704308,321,18032
shape_J10CWLMYJB_1,1.550272,103.798415,322,18057
shape_J10CWLMYJB_1,1.550205,103.798521,323,18071
shape_J10CWLMYJB_1,1.550177,103.798587,324,18079
shape_J10CWLMYJB_1,1.550141,103.798641,325,18086
shape_J10CWLMYJB_1,1.550114,103.798684,326,18092
shape_J10CWLMYJB_1,1.55008,103.798783,327,18104
shape_J10CWLMYJB_1,1.55009,103.798865,328,18113
shape_J10CWLMYJB_1,1.550099,103.798946,329,18122
shape_J10CWLMYJB_1,1.55011,103.799022,330,18131
shape_J10CWLMYJB_1,1.550118,103.799105,331,18140
shape_J10CWLMYJB_1,1.550125,103.799185,332,18149
shape_J10CWLMYJB_1,1.550133,103.799263,333,18158
shape_J10CWLMYJB_1,1.550141,103.799322,334,18165
shape_J10CWLMYJB_1,1.550166,103.799423,335,18177
shape_J10CWLMYJB_1,1.550187,103.799499,336,18186
shape_J10CWLMYJB_1,1.550214,103.799581,337,18196
shape_J10CWLMYJB_1,1.550243,103.79965,338,18204
shape_J10CWLMYJB_1,1.550276,103.799723,339,18213
shape_J10CWLMYJB_1,1.550303,103.79977,340,18219
shape_J10CWLMYJB_1,1.550364,103.799858,341,18231
shape_J10CWLMYJB_1,1.550413,103.79992,342,18240
shape_J10CWLMYJB_1,1.550506,103.800051,343,18258
shape_J10CWLMYJB_1,1.550614,103.800192,344,18278
shape_J10CWLMYJB_1,1.550658,103.800254,345,18286
shape_J10CWLMYJB_1,1.550686,103.800297,346,18292
shape_J10CWLMYJB_1,1.55159,103.80084,347,18409
shape_J10CWLMYJB_1,1.5519,103.80098,348,18447
shape_J10CWLMYJB_1,1.55211,103.80101,349,18471
shape_J10CWLMYJB_1,1.55268,103.80124,350,18539
shape_J10CWLMYJB_1,1.55319,103.80136,351,18597
shape_J10CWLMYJB_1,1.55349,103.80141,352,18631
shape_J10CWLMYJB_1,1.55433,103.80147,353,18725
shape_J10CWLMYJB_1,1.55481,103.80146,354,18778
shape_J10CWLMYJB_1,1.55715,103.80118,355,19040
shape_J10CWLMYJB_1,1.55742,103.8011,356,19071
shape_J10CWLMYJB_1,1.55992,103.8008,357,19351
shape_J10CWLMYJB_1,1.56052,103.80076,358,19418
shape_J10CWLMYJB_1,1.56095,103.80076,359,19466
shape_J10CWLMYJB_1,1.56154,103.80083,360,19532
shape_J10CWLMYJB_1,1.56213,103.80096,361,19599
shape_J10CWLMYJB_1,1.56294,103.80121,362,19693
shape_J10CWLMYJB_1,1.56321,103.80134,363,19726
shape_J10CWLMYJB_1,1.56394,103.8018,364,19822
shape_J10CWLMYJB_1,1.56443,103.8022,365,19892
shape_J10CWLMYJB_1,1.5649,103.80268,366,19967
shape_J10CWLMYJB_1,1.56511,103.80295,367,20005
shape_J10CWLMYJB_1,1.56535,103.80331,368,20053
shape_J10CWLMYJB_1,1.56579,103.80412,369,20155
shape_J10CWLMYJB_1,1.56596,103.80459,370,20211
shape_J10CWLMYJB_1,1.56608,103.80507,371,20266
shape_J10CWLMYJB_1,1.56616,103.80554,372,20319
shape_J10CWLMYJB_1,1.5662,103.80604,373,20375
shape_J10CWLMYJB_1,1.566191,103.806633,374,20441
shape_J10CWLMYJB_1,1.566102375858676,103.8074940932541,375,20537
shape_J10CWLMYJB_1,1.566082026889753,103.80793483849358,376,20586
shape_J10CWLMYJB_1,1.56612,103.80811,377,20606
shape_J10CWLMYJB_1,1.5660414496575321,103.8084242576027,378,20642
shape_J10CWLMYJB_1,1.5660614496573442,103.80912049570082,379,20719
shape_J10CWLMYJB_1,1.56608,103.80939,380,20749
shape_J10CWLMYJB_1,1.56621,103.80983,381,20800
shape_J10CWLMYJB_1,1.56639,103.81028,382,20854
shape_J10CWLMYJB_1,1.56674,103.81086,383,20929
shape_J10CWLMYJB_1,1.56714,103.8113,384,20995
shape_J10CWLMYJB_1,1.56746,103.81155,385,21040
shape_J10CWLMYJB_1,1.56816,103.81193,386,21129
shape_J10CWLMYJB_1,1.56895,103.81229,387,21226
shape_J10CWLMYJB_1,1.57081,103.81303,388,21449
shape_J10CWLMYJB_1,1.57196,103.81358,389,21591
shape_J10CWLMYJB_1,1.57285,103.81418,390,21710
shape_J10CWLMYJB_1,1.57312,103.81443,391,21751
shape_J10CWLMYJB_1,1.57355,103.81493,392,21824
shape_J10CWLMYJB_1,1.57442,103.81607,393,21983
shape_J10CWLMYJB_1,1.57504,103.81673,394,22084
shape_J10CWLMYJB_1,1.57567,103.81725,395,22175
shape_J10CWLMYJB_1,1.57632,103.8176,396,22257
shape_J10CWLMYJB_1,1.57686,103.81783,397,22322
shape_J10CWLMYJB_1,1.57694,103.8179,398,22334
shape_J10CWLMYJB_1,1.579,103.81841,399,22570
shape_J10CWLMYJB_1,1.57952,103.81857,400,22630
shape_J10CWLMYJB_1,1.5803,103.81875,401,22719
shape_J10CWLMYJB_1,1.58114,103.81889,402,22814
shape_J10CWLMYJB_1,1.58168,103.81884,403,22874
shape_J10CWLMYJB_1,1.58209,103.81877,404,22920
shape_J10CWLMYJB_1,1.58437,103.81784,405,23194
shape_J10CWLMYJB_1,1.58487,103.81769,406,23252
shape_J10CWLMYJB_1,1.58537,103.81762,407,23308
shape_J10CWLMYJB_1,1.58601,103.81761,408,23379
shape_J10CWLMYJB_1,1.58665,103.81769,409,23451
shape_J10CWLMYJB_1,1.58702,103.81777,410,23493
shape_J10CWLMYJB_1,1.58793,103.81809,411,23600
shape_J10CWLMYJB_1,1.59483,103.8205,412,24413
shape_J10CWLMYJB_1,1.59493,103.82056,413,24426
shape_J10CWLMYJB_1,1.5956,103.82068,414,24502
shape_J10CWLMYJB_1,1.59608,103.82072,415,24556
shape_J10CWLMYJB_1,1.59627,103.82068,416,24578
shape_J10CWLMYJB_1,1.59675,103.82068,417,24631
shape_J10CWLMYJB_1,1.59732,103.82062,418,24695
shape_J10CWLMYJB_1,1.59789,103.82051,419,24760
shape_J10CWLMYJB_1,1.59817,103.82044,420,24792
shape_J10CWLMYJB_1,1.59849268116523,103.82039670552255,421,24828
shape_J10CWLMYJB_1,1.5986760147584949,103.82037781349182,422,24848
shape_J10CWLMYJB_1,1.598846,103.820359,423,24867
shape_J10CWLMYJB_1,1.599086,103.820354,424,24894
shape_J10CWLMYJB_1,1.59921,103.820373,425,24908
shape_J10CWLMYJB_1,1.599488,103.820391,426,24939
shape_J10CWLMYJB_1,1.599429,103.820503,427,24953
shape_J10CWLMYJB_1,1.59937,103.820635,428,24969
shape_J10CWLMYJB_1,1.599358,103.820732,429,24980
shape_J10CWLMYJB_1,1.599342,103.820861,430,24994
shape_J10CWLMYJB_1,1.599408,103.821238,431,25037
shape_J10CWLMYJB_1,1.599443,103.821412,432,25057
shape_J10CWLMYJB_1,1.599493,103.821664,433,25086
shape_J10CWLMYJB_1,1.599525,103.821974,434,25121
shape_J10CWLMYJB_1,1.599567,103.82226,435,25153
shape_J10CWLMYJB_1,1.599609,103.822576,436,25188
shape_J10CWLMYJB_1,1.599639,103.82279,437,25212
shape_J10CWLMYJB_1,1.5996779565089567,103.8230603411045,438,25242
shape_J10CWLMYJB_1,1.5997069238909183,103.82327965583703,439,25267
shape_J10CWLMYJB_1,1.599606,103.823287,440,25278
shape_J10CWLMYJB_1,1.59951,103.823295,441,25289
shape_J10CWLMYJB_1,1.599458,103.823293,442,25295
shape_J10CWLMYJB_1,1.599389,103.823286,443,25303
shape_J10CWLMYJB_1,1.599292,103.823252,444,25314
shape_J10CWLMYJB_1,1.599216,103.823222,445,25323
shape_J10CWLMYJB_1,1.59913,103.823171,446,25334
shape_J10CWLMYJB_1,1.598991,103.823093,447,25352
shape_J10CWLMYJB_1,1.598916,103.823045,448,25362
shape_J10CWLMYJB_1,1.598861,103.823006,449,25369
shape_J10CWLMYJB_1,1.598772,103.822974,450,25380
shape_J10CWLMYJB_1,1.598584,103.822872,451,25404
shape_J10CWLMYJB_1,1.598454,103.822814,452,25420
shape_J10CWLMYJB_1,1.598281,103.822712,453,25442
shape_J10CWLMYJB_1,1.598183,103.822639,454,25456
shape_J10CWLMYJB_1,1.598132,103.822564,455,25466
shape_J10CWLMYJB_1,1.598117,103.822477,456,25476
shape_J10CWLMYJB_1,1.59808,103.82244,457,25482
shape_J10CWLMYJB_1,1.598086,103.822287,458,25499
shape_J10CWLMYJB_1,1.598049,103.82208,459,25522
shape_J10CWLMYJB_1,1.598015,103.821843,460,25549
shape_J10CWLMYJB_1,1.597999,103.821703,461,25565
shape_J10CWLMYJB_1,1.598072456723797,103.82163534970282,462,25576
shape_J10CWLMYJB_1,1.598148,103.821556,463,25588
shape_J10CWLMYJB_1,1.598317,103.821545,464,25607
shape_J10CWLMYJB_1,1.598464,103.821525,465,25623
shape_J10CWLMYJB_1,1.598956,103.821492,466,25678
shape_J10CWLMYJB_1,1.599273,103.821464,467,25713
shape_J10CWLMYJB_1,1.599366,103.821455,468,25723
shape_J10CWLMYJB_1,1.5993378260307125,103.82129370304106,469,25741
shape_J10CWLMYJB_1,1.59929,103.82099,470,25775
shape_J10CWLMYJB_1,1.5992968116419881,103.82080329447746,471,25796
shape_J10CWLMYJB_1,1.5993048551345275,103.82062804662706,472,25815
shape_J10CWLMYJB_1,1.5993700000000048,103.82043912516596,473,25837
shape_J10CWLMYJB_1,1.59975,103.820385,474,25880
shape_J10CWLMYJB_1,1.60071,103.82028,475,25987
shape_J10CWLMYJB_1,1.60106,103.82023,476,26026
shape_J10CWLMYJB_1,1.6015853623223746,103.82029559755328,477,26085
shape_J10CWLMYJB_1,1.601867536251817,103.82039046627048,478,26118
shape_J10CWLMYJB_1,1.6021545652599922,103.82048314847947,479,26152
shape_J10CWLMYJB_1,1.60307,103.82071,480,26257
shape_J10CWLMYJB_1,1.60565,103.8217,481,26564
shape_J10CWLMYJB_1,1.60639,103.82185,482,26648
shape_J10CWLMYJB_1,1.60707,103.82191,483,26724
shape_J10CWLMYJB_1,1.6077,103.82189,484,26794
shape_J10CWLMYJB_1,1.60808,103.82185,485,26836
shape_J10CWLMYJB_1,1.60837,103.8218,486,26869
shape_J10CWLMYJB_1,1.60963,103.82148,487,27014
shape_J10CWLMYJB_1,1.61156,103.82114,488,27232
shape_J10CWLMYJB_1,1.6119,103.82111,489,27270
shape_J10CWLMYJB_1,1.61207,103.82105,490,27290
shape_J10CWLMYJB_1,1.6126044917490507,103.82107632638935,491,27350
shape_J10CWLMYJB_1,1.6131999981729581,103.82112801719666,492,27416
shape_J10CWLMYJB_1,1.61397,103.821178,493,27502
shape_J10CWLMYJB_1,1.614881,103.821237,494,27604
shape_J10CWLMYJB_1,1.6159105737668094,103.82132017427442,495,27719
shape_J10CWLMYJB_1,1.6166447060405333,103.82133338161469,496,27801
shape_J10CWLMYJB_1,1.6170124614996602,103.82129291534427,497,27842
shape_J10CWLMYJB_1,1.61726,103.82121,498,27871
shape_J10CWLMYJB_1,1.61779,103.82111,499,27931
shape_J10CWLMYJB_1,1.6181,103.82101,500,27967
shape_J10CWLMYJB_1,1.61829,103.82092,501,27990
shape_J10CWLMYJB_1,1.62064,103.81956,502,28292
shape_J10CWLMYJB_1,1.62098,103.81939,503,28334
shape_J10CWLMYJB_1,1.62139,103.81925,504,28382
shape_J10CWLMYJB_1,1.62164,103.81919,505,28411
shape_J10CWLMYJB_1,1.62201,103.81915,506,28452
shape_J10CWLMYJB_1,1.62235,103.81918,507,28490
shape_J10CWLMYJB_1,1.623015,103.819303,508,28565
shape_J10CWLMYJB_1,1.623991,103.819576,509,28678
shape_J10CWLMYJB_1,1.62559,103.82006,510,28864
shape_J10CWLMYJB_1,1.62628,103.82036,511,28948
shape_J10CWLMYJB_1,1.62688,103.82071,512,29025
shape_J10CWLMYJB_1,1.62746,103.82113,513,29105
shape_J10CWLMYJB_1,1.6279,103.82154,514,29172
shape_J10CWLMYJB_1,1.62846,103.82215,515,29264
shape_J10CWLMYJB_1,1.63045,103.82471,516,29624
shape_J10CWLMYJB_1,1.63064,103.82491,517,29655
shape_J10CWLMYJB_1,1.63126,103.82586,518,29781
shape_J10CWLMYJB_1,1.63197,103.82727,519,29956
shape_J10CWLMYJB_1,1.63228,103.82776,520,30020
shape_J10CWLMYJB_1,1.6328,103.82831,521,30104
shape_J10CWLMYJB_1,1.63313,103.82853,522,30148
shape_J10CWLMYJB_1,1.63368,103.8288,523,30216
shape_J10CWLMYJB_1,1.63439,103.829,524,30298
shape_J10CWLMYJB_1,1.63544,103.82928,525,30419
shape_J10CWLMYJB_1,1.63619,103.82959,526,30509
shape_J10CWLMYJB_1,1.63761,103.83045,527,30694
shape_J10CWLMYJB_1,1.63798,103.83061,528,30739
shape_J10CWLMYJB_1,1.63838,103.83074,529,30786
shape_J10CWLMYJB_1,1.63884,103.83079,530,30837
shape_J10CWLMYJB_1,1.63924,103.83078,531,30881
shape_J10CWLMYJB_1,1.63966,103.83072,532,30928
shape_J10CWLMYJB_1,1.64028,103.83051,533,31001
shape_J10CWLMYJB_1,1.64143,103.82987,534,31147
shape_J10CWLMYJB_1,1.64207,103.82961,535,31224
shape_J10CWLMYJB_1,1.64267,103.82949,536,31292
shape_J10CWLMYJB_1,1.64348,103.82944,537,31382
shape_J10CWLMYJB_1,1.64381,103.82945,538,31419
shape_J10CWLMYJB_1,1.64409,103.82952,539,31451
shape_J10CWLMYJB_1,1.64471,103.82971,540,31523
shape_J10CWLMYJB_1,1.64707,103.83076,541,31810
shape_J10CWLMYJB_1,1.64744,103.831,542,31859
shape_J10CWLMYJB_1,1.64792,103.83141,543,31929
shape_J10CWLMYJB_1,1.64836,103.83188,544,32001
shape_J10CWLMYJB_1,1.64876,103.83242,545,32076
shape_J10CWLMYJB_1,1.64918,103.83325,546,32179
shape_J10CWLMYJB_1,1.64964,103.83462,547,32340
shape_J10CWLMYJB_1,1.64989,103.83518,548,32408
shape_J10CWLMYJB_1,1.65013,103.83552,549,32454
shape_J10CWLMYJB_1,1.65043,103.83584,550,32503
shape_J10CWLMYJB_1,1.65085,103.83616,551,32562
shape_J10CWLMYJB_1,1.65132,103.83641,552,32621
shape_J10CWLMYJB_1,1.65343,103.83732,553,32876
shape_J10CWLMYJB_1,1.65385,103.8376,554,32932
shape_J10CWLMYJB_1,1.65413,103.83783,555,32972
shape_J10CWLMYJB_1,1.65439,103.83809,556,33013
shape_J10CWLMYJB_1,1.6548,103.83861,557,33087
shape_J10CWLMYJB_1,1.65663,103.84151,558,33468
shape_J10CWLMYJB_1,1.65748,103.84313,559,33671
shape_J10CWLMYJB_1,1.65801,103.84401,560,33785
shape_J10CWLMYJB_1,1.65826,103.84435,561,33832
shape_J10CWLMYJB_1,1.65854,103.84468,562,33880
shape_J10CWLMYJB_1,1.659,103.84515,563,33953
shape_J10CWLMYJB_1,1.6596,103.84565,564,34040
shape_J10CWLMYJB_1,1.66123,103.84664,565,34252
shape_J10CWLMYJB_1,1.66464,103.84938,566,34738
shape_J10CWLMYJB_1,1.66554,103.84998,567,34858
shape_J10CWLMYJB_1,1.66572,103.85007,568,34880
shape_J10CWLMYJB_1,1.6661,103.85023,569,34926
shape_J10CWLMYJB_1,1.6666,103.85036,570,34983
shape_J10CWLMYJB_1,1.66689,103.85039,571,35015
shape_J10CWLMYJB_1,1.66717,103.8504,572,35046
shape_J10CWLMYJB_1,1.66767,103.85035,573,35102
shape_J10CWLMYJB_1,1.66935,103.85,574,35293
shape_J10CWLMYJB_1,1.66995,103.84995,575,35360
shape_J10CWLMYJB_1,1.67031,103.84998,576,35400
shape_J10CWLMYJB_1,1.67087,103.85008,577,35463
shape_J10CWLMYJB_1,1.67126,103.85021,578,35509
shape_J10CWLMYJB_1,1.67162,103.8504,579,35554
shape_J10CWLMYJB_1,1.67211,103.85071,580,35618
shape_J10CWLMYJB_1,1.67275,103.85118,581,35706
shape_J10CWLMYJB_1,1.67345,103.85162,582,35798
shape_J10CWLMYJB_1,1.67374,103.85176,583,35834
shape_J10CWLMYJB_1,1.67423,103.8519,584,35891
shape_J10CWLMYJB_1,1.6753828339569907,103.85218072883607,585,36023
shape_J10CWLMYJB_1,1.67563,103.85224,586,36051
shape_J10CWLMYJB_1,1.67963,103.85324,587,36509
shape_J10CWLMYJB_1,1.6799,103.85336,588,36542
shape_J10CWLMYJB_1,1.68051,103.85378,589,36624
shape_J10CWLMYJB_1,1.6808,103.85407,590,36670
shape_J10CWLMYJB_1,1.68099,103.85429,591,36702
shape_J10CWLMYJB_1,1.681358983193595,103.85477999999998,592,36770
shape_J10CWLMYJB_1,1.6814463021367945,103.85499145767211,593,36795
shape_J10CWLMYJB_1,1.6815431126745635,103.85521973743437,594,36823
shape_J10CWLMYJB_1,1.6816409400233618,103.85562900859833,595,36870
shape_J10CWLMYJB_1,1.6816875347530336,103.85599755092622,596,36911
shape_J10CWLMYJB_1,1.68176217264419,103.85734320734024,597,37061
shape_J10CWLMYJB_1,1.681861664232029,103.85797096197128,598,37132
shape_J10CWLMYJB_1,1.682023,103.858722,599,37217
shape_J10CWLMYJB_1,1.68224,103.859545,600,37312
shape_J10CWLMYJB_1,1.682463,103.860299,601,37399
shape_J10CWLMYJB_1,1.68303,103.86206,602,37605
shape_J10CWLMYJB_1,1.68318,103.86237,603,37643
shape_J10CWLMYJB_1,1.68344,103.86281,604,37700
shape_J10CWLMYJB_1,1.68377,103.86317,605,37754
shape_J10CWLMYJB_1,1.68409,103.86348,606,37804
shape_J10CWLMYJB_1,1.68447,103.86371,607,37853
shape_J10CWLMYJB_1,1.68482,103.86389,608,37897
shape_J10CWLMYJB_1,1.68538,103.864116,609,37964
shape_J10CWLMYJB_1,1.6857847149339413,103.86426658895492,610,38012
shape_J10CWLMYJB_1,1.68594,103.86432,611,38030
shape_J10CWLMYJB_1,1.6864,103.86449,612,38085
shape_J10CWLMYJB_1,1.68671,103.86463,613,38123
shape_J10CWLMYJB_1,1.68716,103.86492,614,38183
shape_J10CWLMYJB_1,1.68731,103.86503,615,38204
shape_J10CWLMYJB_1,1.68755,103.86525,616,38240
shape_J10CWLMYJB_1,1.68771,103.86544,617,38268
shape_J10CWLMYJB_1,1.68793,103.865857,618,38320
shape_J10CWLMYJB_1,1.688278,103.86653,619,38404
shape_J10CWLMYJB_1,1.688672,103.867217,620,38492
shape_J10CWLMYJB_1,1.68892,103.86752,621,38536
shape_J10CWLMYJB_1,1.68913,103.86773,622,38569
shape_J10CWLMYJB_1,1.69118,103.86928,623,38855
shape_J10CWLMYJB_1,1.69138,103.86948,624,38886
shape_J10CWLMYJB_1,1.69147,103.86961,625,38904
shape_J10CWLMYJB_1,1.69162,103.86977,626,38928
shape_J10CWLMYJB_1,1.69184,103.87005,627,38968
shape_J10CWLMYJB_1,1.69205,103.87038,628,39011
shape_J10CWLMYJB_1,1.69225,103.87078,629,39061
shape_J10CWLMYJB_1,1.692399,103.871401,630,39132
shape_J10CWLMYJB_1,1.692487,103.871827,631,39180
shape_J10CWLMYJB_1,1.69265,103.87224,632,39229
shape_J10CWLMYJB_1,1.6927226810385576,103.8725921570778,633,39269
shape_J10CWLMYJB_1,1.692948982842183,103.87305699636458,634,39326
shape_J10CWLMYJB_1,1.69330211180455,103.87356172023776,635,39394
shape_J10CWLMYJB_1,1.693554792871333,103.87394979629516,636,39445
shape_J10CWLMYJB_1,1.693771017184661,103.87434460615158,637,39495
shape_J10CWLMYJB_1,1.6939456551164023,103.87493,638,39563
shape_J10CWLMYJB_1,1.694122,103.875937,639,39677
shape_J10CWLMYJB_1,1.6943,103.87676,640,39771
shape_J10CWLMYJB_1,1.694423189638186,103.8772636441803,641,39829
shape_J10CWLMYJB_1,1.6946528965745813,103.8777316379028,642,39887
shape_J10CWLMYJB_1,1.69497,103.87813,643,39944
shape_J10CWLMYJB_1,1.69618,103.87959,644,40155
shape_J10CWLMYJB_1,1.69646,103.87974,645,40190
shape_J10CWLMYJB_1,1.69663,103.87979,646,40210
shape_J10CWLMYJB_1,1.69684,103.87979,647,40233
shape_J10CWLMYJB_1,1.6972109396150814,103.87970413988116,648,40275
shape_J10CWLMYJB_1,1.6975583963675527,103.87948635581974,649,40321
shape_J10CWLMYJB_1,1.6978511550714648,103.87938950429917,650,40355
shape_J10CWLMYJB_1,1.6980443447494535,103.87934291534424,651,40377
shape_J10CWLMYJB_1,1.6982536206185783,103.87933437301635,652,40400
shape_J10CWLMYJB_1,1.6998086295965371,103.8794775509262,653,40574
shape_J10CWLMYJB_1,1.70071,103.87949,654,40674
shape_J10CWLMYJB_1,1.70203,103.87946,655,40821
shape_J10CWLMYJB_1,1.70266,103.8794,656,40891
shape_J10CWLMYJB_1,1.703198,103.879296,657,40952
shape_J10CWLMYJB_1,1.703957,103.879172,658,41038
shape_J10CWLMYJB_1,1.7045456957559832,103.87909341104509,659,41104
shape_J10CWLMYJB_1,1.70473,103.87907,660,41125
shape_J10CWLMYJB_1,1.7054071228185206,103.87906314847943,661,41200
shape_J10CWLMYJB_1,1.706261,103.879097,662,41295
shape_J10CWLMYJB_1,1.70714,103.879128,663,41393
shape_J10CWLMYJB_1,1.707885,103.879153,664,41476
shape_J10CWLMYJB_1,1.708434,103.879244,665,41538
shape_J10CWLMYJB_1,1.708673,103.879311,666,41566
shape_J10CWLMYJB_1,1.708906,103.879413,667,41594
shape_J10CWLMYJB_1,1.709292,103.879604,668,41642
shape_J10CWLMYJB_1,1.710418605690719,103.88026005828382,669,41787
shape_J10CWLMYJB_1,1.7106754942731006,103.88043810491087,670,41822
shape_J10CWLMYJB_1,1.7110540461883867,103.88057956258297,671,41867
shape_J10CWLMYJB_1,1.71113,103.88055,672,41876
shape_J10CWLMYJB_1,1.711266,103.880636,673,41894
shape_J10CWLMYJB_1,1.711535,103.88069,674,41925
shape_J10CWLMYJB_1,1.711776,103.880722,675,41952
shape_J10CWLMYJB_1,1.711963,103.880742,676,41973
shape_J10CWLMYJB_1,1.712122,103.880755,677,41991
shape_J10CWLMYJB_1,1.712359,103.88077,678,42017
shape_J10CWLMYJB_1,1.712677,103.880778,679,42052
shape_J10CWLMYJB_1,1.712921,103.880789,680,42079
shape_J10CWLMYJB_1,1.713213,103.880814,681,42112
shape_J10CWLMYJB_1,1.713577,103.880852,682,42153
shape_J10CWLMYJB_1,1.713804,103.880883,683,42178
shape_J10CWLMYJB_1,1.714036,103.88094,684,42205
shape_J10CWLMYJB_1,1.714283,103.880998,685,42233
shape_J10CWLMYJB_1,1.714527,103.881092,686,42262
shape_J10CWLMYJB_1,1.714878,103.881208,687,42303
shape_J10CWLMYJB_1,1.715094,103.881329,688,42331
shape_J10CWLMYJB_1,1.715329,103.881461,689,42361
shape_J10CWLMYJB_1,1.715609,103.88167,690,42400
shape_J10CWLMYJB_1,1.7159725340869187,103.88193336441805,691,42450
shape_J10CWLMYJB_1,1.716163,103.88207,692,42476
shape_J10CWLMYJB_1,1.716287,103.882159,693,42493
shape_J10CWLMYJB_1,1.7164202150837373,103.88230145767211,694,42515
shape_J10CWLMYJB_1,1.7165550681516903,103.88245364418027,695,42538
shape_J10CWLMYJB_1,1.7167327097578238,103.88271483928678,696,42573
shape_J10CWLMYJB_1,1.7169540215072276,103.88312647238735,697,42625
shape_J10CWLMYJB_1,1.7171487670318186,103.88352329447746,698,42674
shape_J10CWLMYJB_1,1.717369383514819,103.88406720122337,699,42739
shape_J10CWLMYJB_1,1.71739,103.88422,700,42756
shape_J10CWLMYJB_1,1.717525,103.884516,701,42792
shape_J10CWLMYJB_1,1.717604,103.884834,702,42828
shape_J10CWLMYJB_1,1.717665,103.885053,703,42853
shape_J10CWLMYJB_1,1.717816,103.885375,704,42893
shape_J10CWLMYJB_1,1.718119,103.886021,705,42972
shape_J10CWLMYJB_1,1.718394,103.886744,706,43058
shape_J10CWLMYJB_1,1.7187,103.88746,707,43145
shape_J10CWLMYJB_1,1.71885,103.88792,708,43199
shape_J10CWLMYJB_1,1.71889,103.88811,709,43221
shape_J10CWLMYJB_1,1.71903,103.88931,710,43355
shape_J10CWLMYJB_1,1.71905,103.89008,711,43441
shape_J10CWLMYJB_1,1.71939,103.89344,712,43816
shape_J10CWLMYJB_1,1.719447,103.893942,713,43872
shape_J10CWLMYJB_1,1.719514,103.894362,714,43919
shape_J10CWLMYJB_1,1.719616,103.894942,715,43984
shape_J10CWLMYJB_1,1.71967,103.89511,716,44004
shape_J10CWLMYJB_1,1.71971,103.89524,717,44019
shape_J10CWLMYJB_1,1.71977,103.89536,718,44034
shape_J10CWLMYJB_1,1.719831,103.895509,719,44052
shape_J10CWLMYJB_1,1.720027,103.89574,720,44086
shape_J10CWLMYJB_1,1.7203439139997925,103.89608023313524,721,44138
shape_J10CWLMYJB_1,1.7205152545011366,103.89624962086675,722,44165
shape_J10CWLMYJB_1,1.72068,103.89638,723,44188
shape_J10CWLMYJB_1,1.7217,103.89742,724,44350
shape_J10CWLMYJB_1,1.7220120017884883,103.89771476473115,725,44398
shape_J10CWLMYJB_1,1.722304,103.897992,726,44443
shape_J10CWLMYJB_1,1.722599,103.898242,727,44486
shape_J10CWLMYJB_1,1.722886,103.898427,728,44524
shape_J10CWLMYJB_1,1.723087,103.89851,729,44548
shape_J10CWLMYJB_1,1.723347,103.898566,730,44578
shape_J10CWLMYJB_1,1.72371,103.898601,731,44619
shape_J10CWLMYJB_1,1.724086,103.898658,732,44661
shape_J10CWLMYJB_1,1.72427,103.89871,733,44682
shape_J10CWLMYJB_1,1.724946,103.898738,734,44757
shape_J10CWLMYJB_1,1.726168,103.898822,735,44893
shape_J10CWLMYJB_1,1.726735,103.89893,736,44957
shape_J10CWLMYJB_1,1.727281,103.898911,737,45018
shape_J10CWLMYJB_1,1.727615,103.898911,738,45055
shape_J10CWLMYJB_1,1.727942,103.89893,739,45091
shape_J10CWLMYJB_1,1.728256,103.898946,740,45126
shape_J10CWLMYJB_1,1.728682,103.898997,741,45174
shape_J10CWLMYJB_1,1.7288514199867044,103.89903574355124,742,45193
shape_J10CWLMYJB_1,1.728888953819176,103.89919720122336,743,45211
shape_J10CWLMYJB_1,1.729,103.89934,744,45231
shape_J10CWLMYJB_1,1.72956,103.90005,745,45332
shape_J10CWLMYJB_1,1.729770266496782,103.90032705637935,746,45371
shape_J10CWLMYJB_1,1.729991,103.900611,747,45411
shape_J10CWLMYJB_1,1.730232,103.900907,748,45453
shape_J10CWLMYJB_1,1.73049,103.90128,749,45503
shape_J10CWLMYJB_1,1.730795,103.901659,750,45557
shape_J10CWLMYJB_1,1.730864,103.901732,751,45568
shape_J10CWLMYJB_1,1.730781,103.901879,752,45587
shape_J10CWLMYJB_1,1.7306791901454233,103.9020340233135,753,45608
shape_J10CWLMYJB_1,1.730548,103.902105,754,45625
shape_J10CWLMYJB_1,1.730296,103.902268,755,45658
shape_J10CWLMYJB_1,1.730013,103.902461,756,45696
shape_J10CWLMYJB_1,1.729594,103.902719,757,45751
shape_J10CWLMYJB_1,1.729459,103.902799,758,45768
shape_J10CWLMYJB_1,1.729243,103.902886,759,45794
shape_J10CWLMYJB_1,1.72903,103.902928,760,45818
shape_J10CWLMYJB_1,1.728806,103.902964,761,45843
shape_J10CWLMYJB_1,1.728473,103.902975,762,45880
shape_J10CWLMYJB_1,1.7280369270651033,103.90297297668648,763,45928
shape_J10CWLMYJB_1,1.727932200848629,103.90297332944775,764,45940
shape_J10CWLMYJB_1,1.72794,103.902796,765,45960
shape_J10CWLMYJB_1,1.727938,103.902653,766,45976
shape_J10CWLMYJB_1,1.727947,103.902573,767,45985
shape_J10CWLMYJB_1,1.727947,103.902473,768,45996
shape_J10CWLMYJB_1,1.727959,103.902392,769,46005
shape_J10CWLMYJB_1,1.727958,103.902339,770,46011
shape_J10CWLMYJB_1,1.727971,103.9023,771,46016
shape_J10CWLMYJB_1,1.72799,103.902268,772,46020
shape_J10CWLMYJB_1,1.728028,103.902238,773,46025
shape_J10CWLMYJB_1,1.728055,103.902227,774,46028
shape_J10CWLMYJB_1,1.728111,103.902225,775,46034
shape_J10CWLMYJB_1,1.728231,103.902218,776,46047
shape_J10CWLMYJB_1,1.728339,103.902211,777,46059
shape_J10CWLMYJB_1,1.728413,103.902207,778,46067
shape_J10CWLMYJB_1,1.728499,103.902196,779,46077
shape_J10CWLMYJB_1,1.728608,103.902179,780,46089
shape_J10CWLMYJB_1,1.728683,103.902149,781,46098
shape_J10CWLMYJB_1,1.728797,103.902121,782,46111
shape_J10CWLMYJB_1,1.728898,103.902081,783,46123
shape_J10CWLMYJB_1,1.728981,103.902051,784,46133
shape_J10CWLMYJB_1,1.72902,103.90209,785,46139
shape_J10CWLMYJB_0,1.72902,103.90209,0,0
shape_J10CWLMYJB_0,1.7292201440025918,103.90200037044738,1,24
shape_J10CWLMYJB_0,1.7294422058065069,103.90189734491348,2,51
shape_J10CWLMYJB_0,1.7295414023312474,103.90184101852417,3,64
shape_J10CWLMYJB_0,1.7293456902639506,103.90157279762268,4,101
shape_J10CWLMYJB_0,1.7292116408911486,103.90139308961868,5,126
shape_J10CWLMYJB_0,1.7290668675578809,103.9012160638237,6,151
shape_J10CWLMYJB_0,1.7289596280446426,103.90109,7,169
shape_J10CWLMYJB_0,1.7292250458288627,103.90100416931152,8,200
shape_J10CWLMYJB_0,1.7294368438320624,103.90090224536895,9,226
shape_J10CWLMYJB_0,1.7296405988508101,103.90083519014358,10,250
shape_J10CWLMYJB_0,1.729895292593473,103.90070376190185,11,282
shape_J10CWLMYJB_0,1.7296863954486044,103.90040140111924,12,323
shape_J10CWLMYJB_0,1.729564601437611,103.9002512607963,13,344
shape_J10CWLMYJB_0,1.72947,103.90009,14,365
shape_J10CWLMYJB_0,1.7291596349212073,103.89965227249147,15,425
shape_J10CWLMYJB_0,1.7288164684742875,103.8992445767212,16,484
shape_J10CWLMYJB_0,1.72841432021534,103.89899781349183,17,536
shape_J10CWLMYJB_0,1.7275403177055562,103.89896562698365,18,633
shape_J10CWLMYJB_0,1.72435,103.89873,19,989
shape_J10CWLMYJB_0,1.72427,103.89871,20,998
shape_J10CWLMYJB_0,1.72315,103.8986,21,1123
shape_J10CWLMYJB_0,1.72299,103.89855,22,1142
shape_J10CWLMYJB_0,1.72276,103.8984,23,1173
shape_J10CWLMYJB_0,1.7218,103.89748,24,1321
shape_J10CWLMYJB_0,1.72145,103.8972,25,1371
shape_J10CWLMYJB_0,1.72068,103.89638,26,1496
shape_J10CWLMYJB_0,1.72048,103.89626,27,1522
shape_J10CWLMYJB_0,1.72006,103.89586,28,1586
shape_J10CWLMYJB_0,1.71984,103.89561,29,1623
shape_J10CWLMYJB_0,1.7197,103.8954,30,1651
shape_J10CWLMYJB_0,1.71964,103.89528,31,1666
shape_J10CWLMYJB_0,1.71927,103.89346,32,1872
shape_J10CWLMYJB_0,1.71892,103.8901,33,2247
shape_J10CWLMYJB_0,1.71879,103.88813,34,2466
shape_J10CWLMYJB_0,1.71875,103.88795,35,2486
shape_J10CWLMYJB_0,1.7174681004271928,103.88467880258561,36,2877
shape_J10CWLMYJB_0,1.71732,103.8844,37,2912
shape_J10CWLMYJB_0,1.71703,103.88345,38,3022
shape_J10CWLMYJB_0,1.71654,103.88258,39,3133
shape_J10CWLMYJB_0,1.71634,103.88231,40,3170
shape_J10CWLMYJB_0,1.71605,103.88201,41,3216
shape_J10CWLMYJB_0,1.71509,103.88133,42,3347
shape_J10CWLMYJB_0,1.71452,103.88108,43,3416
shape_J10CWLMYJB_0,1.71383,103.88088,44,3496
shape_J10CWLMYJB_0,1.7116,103.88069,45,3745
shape_J10CWLMYJB_0,1.71147,103.88072,46,3760
shape_J10CWLMYJB_0,1.71053,103.88042,47,3870
shape_J10CWLMYJB_0,1.70872,103.87936,48,4103
shape_J10CWLMYJB_0,1.70815,103.87919,49,4169
shape_J10CWLMYJB_0,1.7055234641394414,103.87908268220903,50,4461
shape_J10CWLMYJB_0,1.7052,103.87919,51,4499
shape_J10CWLMYJB_0,1.70476,103.8791,52,4549
shape_J10CWLMYJB_0,1.70396,103.87919,53,4639
shape_J10CWLMYJB_0,1.70352,103.87928,54,4689
shape_J10CWLMYJB_0,1.70294,103.87947,55,4757
shape_J10CWLMYJB_0,1.70276,103.87951,56,4778
shape_J10CWLMYJB_0,1.70023,103.87952,57,5059
shape_J10CWLMYJB_0,1.6982,103.87932,58,5286
shape_J10CWLMYJB_0,1.69799,103.87934,59,5309
shape_J10CWLMYJB_0,1.69756,103.87949,60,5360
shape_J10CWLMYJB_0,1.69738,103.87958,61,5382
shape_J10CWLMYJB_0,1.6965302931359523,103.88027145767214,62,5504
shape_J10CWLMYJB_0,1.695875,103.879559,63,5612
shape_J10CWLMYJB_0,1.695382,103.878926,64,5701
shape_J10CWLMYJB_0,1.6947773965034856,103.87813099140168,65,5812
shape_J10CWLMYJB_0,1.6944871034226854,103.87762,66,5877
shape_J10CWLMYJB_0,1.694286379272963,103.87725072883603,67,5924
shape_J10CWLMYJB_0,1.6941792758538783,103.87678927116396,68,5977
shape_J10CWLMYJB_0,1.6938,103.8746,69,6224
shape_J10CWLMYJB_0,1.69368,103.8743,70,6260
shape_J10CWLMYJB_0,1.69276,103.87295,71,6442
shape_J10CWLMYJB_0,1.69257,103.87252,72,6494
shape_J10CWLMYJB_0,1.69215,103.87081,73,6690
shape_J10CWLMYJB_0,1.69198,103.87046,74,6733
shape_J10CWLMYJB_0,1.69175,103.87011,75,6780
shape_J10CWLMYJB_0,1.69173,103.8701,76,6782
shape_J10CWLMYJB_0,1.69156,103.86985,77,6816
shape_J10CWLMYJB_0,1.69111,103.86937,78,6889
shape_J10CWLMYJB_0,1.689753,103.86839,79,7075
shape_J10CWLMYJB_0,1.68882,103.86761,80,7210
shape_J10CWLMYJB_0,1.68863,103.86734,81,7247
shape_J10CWLMYJB_0,1.6876,103.86552,82,7479
shape_J10CWLMYJB_0,1.68746,103.86534,83,7504
shape_J10CWLMYJB_0,1.68724,103.86513,84,7538
shape_J10CWLMYJB_0,1.68693,103.86489,85,7582
shape_J10CWLMYJB_0,1.68636,103.86458,86,7654
shape_J10CWLMYJB_0,1.686,103.86444,87,7697
shape_J10CWLMYJB_0,1.68404,103.8636,88,7934
shape_J10CWLMYJB_0,1.68368,103.86328,89,7988
shape_J10CWLMYJB_0,1.68337,103.86293,90,8040
shape_J10CWLMYJB_0,1.683097,103.86249,91,8098
shape_J10CWLMYJB_0,1.682754,103.861696,92,8194
shape_J10CWLMYJB_0,1.682238,103.860388,93,8350
shape_J10CWLMYJB_0,1.681847,103.859245,94,8484
shape_J10CWLMYJB_0,1.68157,103.85826,95,8598
shape_J10CWLMYJB_0,1.6815882589707916,103.85620676322938,96,8826
shape_J10CWLMYJB_0,1.68149,103.85563,97,8891
shape_J10CWLMYJB_0,1.68137,103.85521,98,8940
shape_J10CWLMYJB_0,1.68121,103.85483,99,8986
shape_J10CWLMYJB_0,1.68092,103.85437,100,9046
shape_J10CWLMYJB_0,1.68073,103.85414,101,9079
shape_J10CWLMYJB_0,1.6802,103.85368,102,9157
shape_J10CWLMYJB_0,1.67986,103.85346,103,9202
shape_J10CWLMYJB_0,1.67959,103.85334,104,9235
shape_J10CWLMYJB_0,1.67567,103.85238,105,9684
shape_J10CWLMYJB_0,1.6737,103.85187,106,9910
shape_J10CWLMYJB_0,1.67217,103.85088,107,10113
shape_J10CWLMYJB_0,1.67121,103.85032,108,10237
shape_J10CWLMYJB_0,1.67086,103.85018,109,10279
shape_J10CWLMYJB_0,1.67061,103.85011,110,10308
shape_J10CWLMYJB_0,1.67029,103.85006,111,10344
shape_J10CWLMYJB_0,1.66995,103.85004,112,10382
shape_J10CWLMYJB_0,1.66936,103.85008,113,10448
shape_J10CWLMYJB_0,1.66748,103.85047,114,10661
shape_J10CWLMYJB_0,1.66689,103.85047,115,10727
shape_J10CWLMYJB_0,1.66627,103.85037,116,10797
shape_J10CWLMYJB_0,1.66588,103.85024,117,10843
shape_J10CWLMYJB_0,1.6655,103.85005,118,10890
shape_J10CWLMYJB_0,1.664748,103.849541,119,10991
shape_J10CWLMYJB_0,1.6637,103.848731,120,11138
shape_J10CWLMYJB_0,1.662724,103.847932,121,11278
shape_J10CWLMYJB_0,1.662027,103.847368,122,11378
shape_J10CWLMYJB_0,1.661249,103.846751,123,11488
shape_J10CWLMYJB_0,1.65965,103.84581,124,11694
shape_J10CWLMYJB_0,1.65846,103.84476,125,11870
shape_J10CWLMYJB_0,1.65792,103.8441,126,11965
shape_J10CWLMYJB_0,1.6543,103.83818,127,12736
shape_J10CWLMYJB_0,1.65379,103.83769,128,12815
shape_J10CWLMYJB_0,1.65358,103.83754,129,12844
shape_J10CWLMYJB_0,1.65077,103.83625,130,13188
shape_J10CWLMYJB_0,1.65035,103.83592,131,13247
shape_J10CWLMYJB_0,1.65006,103.83557,132,13298
shape_J10CWLMYJB_0,1.64982,103.83522,133,13345
shape_J10CWLMYJB_0,1.64956,103.83464,134,13416
shape_J10CWLMYJB_0,1.64909,103.83327,135,13577
shape_J10CWLMYJB_0,1.64866,103.83247,136,13678
shape_J10CWLMYJB_0,1.64827,103.83196,137,13749
shape_J10CWLMYJB_0,1.64785,103.83151,138,13817
shape_J10CWLMYJB_0,1.64704,103.8309,139,13930
shape_J10CWLMYJB_0,1.64466,103.82987,140,14218
shape_J10CWLMYJB_0,1.64378,103.82962,141,14320
shape_J10CWLMYJB_0,1.64348,103.82959,142,14354
shape_J10CWLMYJB_0,1.64271,103.8296,143,14440
shape_J10CWLMYJB_0,1.64213,103.82974,144,14506
shape_J10CWLMYJB_0,1.6415,103.82997,145,14581
shape_J10CWLMYJB_0,1.64032,103.83059,146,14729
shape_J10CWLMYJB_0,1.63968,103.8308,147,14804
shape_J10CWLMYJB_0,1.63925,103.83087,148,14852
shape_J10CWLMYJB_0,1.63884,103.83089,149,14898
shape_J10CWLMYJB_0,1.63836,103.83084,150,14952
shape_J10CWLMYJB_0,1.63796,103.83073,151,14998
shape_J10CWLMYJB_0,1.63756,103.83056,152,15046
shape_J10CWLMYJB_0,1.63615,103.8297,153,15230
shape_J10CWLMYJB_0,1.63543,103.82941,154,15316
shape_J10CWLMYJB_0,1.6341,103.82907,155,15469
shape_J10CWLMYJB_0,1.63311,103.82864,156,15589
shape_J10CWLMYJB_0,1.63275,103.82839,157,15638
shape_J10CWLMYJB_0,1.63218,103.82783,158,15727
shape_J10CWLMYJB_0,1.63186,103.82732,159,15794
shape_J10CWLMYJB_0,1.63115,103.82591,160,15969
shape_J10CWLMYJB_0,1.62952,103.82371,161,16273
shape_J10CWLMYJB_0,1.62738,103.8212,162,16640
shape_J10CWLMYJB_0,1.62681,103.82079,163,16718
shape_J10CWLMYJB_0,1.62624,103.82046,164,16791
shape_J10CWLMYJB_0,1.625717,103.820213,165,16855
shape_J10CWLMYJB_0,1.625136,103.820084,166,16921
shape_J10CWLMYJB_0,1.624278,103.819843,167,17020
shape_J10CWLMYJB_0,1.623519,103.819572,168,17110
shape_J10CWLMYJB_0,1.62234,103.81933,169,17244
shape_J10CWLMYJB_0,1.62205,103.81929,170,17277
shape_J10CWLMYJB_0,1.62168,103.81932,171,17318
shape_J10CWLMYJB_0,1.62134,103.81939,172,17357
shape_J10CWLMYJB_0,1.62101,103.81949,173,17395
shape_J10CWLMYJB_0,1.620373,103.819812,174,17474
shape_J10CWLMYJB_0,1.619844,103.820193,175,17546
shape_J10CWLMYJB_0,1.619141,103.820618,176,17637
shape_J10CWLMYJB_0,1.61857,103.82091,177,17708
shape_J10CWLMYJB_0,1.61765,103.82128,178,17818
shape_J10CWLMYJB_0,1.61728,103.82137,179,17860
shape_J10CWLMYJB_0,1.61655,103.82145,180,17942
shape_J10CWLMYJB_0,1.615876,103.821431,181,18017
shape_J10CWLMYJB_0,1.614979,103.821391,182,18117
shape_J10CWLMYJB_0,1.613587,103.821257,183,18272
shape_J10CWLMYJB_0,1.612866,103.821198,184,18352
shape_J10CWLMYJB_0,1.6121666672280242,103.82116440244675,185,18430
shape_J10CWLMYJB_0,1.611565,103.821214,186,18497
shape_J10CWLMYJB_0,1.611042,103.821297,187,18556
shape_J10CWLMYJB_0,1.610183,103.821509,188,18654
shape_J10CWLMYJB_0,1.60958,103.821661,189,18723
shape_J10CWLMYJB_0,1.609129,103.821771,190,18775
shape_J10CWLMYJB_0,1.60809,103.82195,191,18892
shape_J10CWLMYJB_0,1.60706,103.822,192,19007
shape_J10CWLMYJB_0,1.60695,103.82202,193,19019
shape_J10CWLMYJB_0,1.6064894784308406,103.82198163558199,194,19070
shape_J10CWLMYJB_0,1.605538,103.821782,195,19178
shape_J10CWLMYJB_0,1.60291,103.82083,196,19489
shape_J10CWLMYJB_0,1.6020468116060311,103.82060559755327,197,19588
shape_J10CWLMYJB_0,1.6018673188391879,103.8206109619713,198,19608
shape_J10CWLMYJB_0,1.6016241307251855,103.8205885128975,199,19635
shape_J10CWLMYJB_0,1.60142,103.820535,200,19658
shape_J10CWLMYJB_0,1.601133,103.820554,201,19690
shape_J10CWLMYJB_0,1.600788,103.820564,202,19728
shape_J10CWLMYJB_0,1.600549,103.820597,203,19755
shape_J10CWLMYJB_0,1.600313,103.820621,204,19781
shape_J10CWLMYJB_0,1.600013,103.820642,205,19814
shape_J10CWLMYJB_0,1.599708,103.820645,206,19848
shape_J10CWLMYJB_0,1.5995847246552364,103.82064723619365,207,19862
shape_J10CWLMYJB_0,1.599503,103.820695,208,19873
shape_J10CWLMYJB_0,1.59942767029101,103.82076242270182,209,19884
shape_J10CWLMYJB_0,1.59935,103.820856,210,19898
shape_J10CWLMYJB_0,1.599378,103.821057,211,19921
shape_J10CWLMYJB_0,1.5994058007675047,103.82120492700102,212,19938
shape_J10CWLMYJB_0,1.5994752387962874,103.82158805182681,213,19981
shape_J10CWLMYJB_0,1.599504,103.821743,214,19999
shape_J10CWLMYJB_0,1.599506,103.821869,215,20013
shape_J10CWLMYJB_0,1.599527,103.821974,216,20025
shape_J10CWLMYJB_0,1.59954,103.822244,217,20055
shape_J10CWLMYJB_0,1.599597,103.822612,218,20096
shape_J10CWLMYJB_0,1.59968,103.823079,219,20149
shape_J10CWLMYJB_0,1.5997118515010553,103.82327649493581,220,20171
shape_J10CWLMYJB_0,1.599675655791613,103.8232814598389,221,20175
shape_J10CWLMYJB_0,1.5995033910175542,103.82329218867496,222,20194
shape_J10CWLMYJB_0,1.599435,103.823288,223,20202
shape_J10CWLMYJB_0,1.59937,103.823279,224,20209
shape_J10CWLMYJB_0,1.599278,103.823248,225,20220
shape_J10CWLMYJB_0,1.5991863188356734,103.82320070552255,226,20231
shape_J10CWLMYJB_0,1.599121,103.823161,227,20239
shape_J10CWLMYJB_0,1.599036,103.823114,228,20250
shape_J10CWLMYJB_0,1.598948,103.82306,229,20261
shape_J10CWLMYJB_0,1.5988719768194126,103.82301390948966,230,20271
shape_J10CWLMYJB_0,1.5984342766296145,103.82280939105227,231,20325
shape_J10CWLMYJB_0,1.598347,103.82275,232,20337
shape_J10CWLMYJB_0,1.59825,103.822691,233,20350
shape_J10CWLMYJB_0,1.598206,103.822659,234,20356
shape_J10CWLMYJB_0,1.598173,103.822627,235,20361
shape_J10CWLMYJB_0,1.598138,103.822549,236,20371
shape_J10CWLMYJB_0,1.5981225911389936,103.82247291628504,237,20380
shape_J10CWLMYJB_0,1.59808,103.82244,238,20386
shape_J10CWLMYJB_0,1.598105,103.822384,239,20393
shape_J10CWLMYJB_0,1.5980686485427922,103.82221034110451,240,20413
shape_J10CWLMYJB_0,1.598042,103.822036,241,20433
shape_J10CWLMYJB_0,1.598013,103.821776,242,20462
shape_J10CWLMYJB_0,1.597988,103.821582,243,20484
shape_J10CWLMYJB_0,1.597948,103.821277,244,20518
shape_J10CWLMYJB_0,1.597904,103.820968,245,20553
shape_J10CWLMYJB_0,1.5979,103.820901,246,20560
shape_J10CWLMYJB_0,1.597882,103.820826,247,20569
shape_J10CWLMYJB_0,1.597871,103.820813,248,20571
shape_J10CWLMYJB_0,1.597671,103.820871,249,20594
shape_J10CWLMYJB_0,1.597449,103.820927,250,20619
shape_J10CWLMYJB_0,1.5972693297083003,103.82096609325409,251,20639
shape_J10CWLMYJB_0,1.597062,103.820995,252,20662
shape_J10CWLMYJB_0,1.596882,103.821009,253,20682
shape_J10CWLMYJB_0,1.596674,103.82101,254,20705
shape_J10CWLMYJB_0,1.5964719198594326,103.8209946938658,255,20728
shape_J10CWLMYJB_0,1.5962255432037527,103.82096201165677,256,20756
shape_J10CWLMYJB_0,1.5959991842782555,103.82091498528479,257,20782
shape_J10CWLMYJB_0,1.595941,103.820871,258,20790
shape_J10CWLMYJB_0,1.595885,103.820849,259,20797
shape_J10CWLMYJB_0,1.595584,103.820807,260,20831
shape_J10CWLMYJB_0,1.5952220652627835,103.8207313993883,261,20872
shape_J10CWLMYJB_0,1.59334,103.82017,262,21090
shape_J10CWLMYJB_0,1.58755,103.8181,263,21774
shape_J10CWLMYJB_0,1.58643,103.81775,264,21904
shape_J10CWLMYJB_0,1.586,103.81771,265,21952
shape_J10CWLMYJB_0,1.58525,103.81773,266,22035
shape_J10CWLMYJB_0,1.5844,103.81793,267,22132
shape_J10CWLMYJB_0,1.58208,103.81894,268,22413
shape_J10CWLMYJB_0,1.58166,103.81903,269,22461
shape_J10CWLMYJB_0,1.581361,103.819088,270,22495
shape_J10CWLMYJB_0,1.581018,103.81905,271,22533
shape_J10CWLMYJB_0,1.58075,103.81905,272,22563
shape_J10CWLMYJB_0,1.580401,103.818989,273,22602
shape_J10CWLMYJB_0,1.579895,103.818876,274,22660
shape_J10CWLMYJB_0,1.579157,103.818688,275,22745
shape_J10CWLMYJB_0,1.57825,103.818425,276,22850
shape_J10CWLMYJB_0,1.577521,103.8182,277,22935
shape_J10CWLMYJB_0,1.576912,103.81805,278,23005
shape_J10CWLMYJB_0,1.5764,103.81784,279,23067
shape_J10CWLMYJB_0,1.57591,103.81759,280,23128
shape_J10CWLMYJB_0,1.57587,103.81756,281,23134
shape_J10CWLMYJB_0,1.57549,103.81732,282,23184
shape_J10CWLMYJB_0,1.57496,103.81688,283,23261
shape_J10CWLMYJB_0,1.5744,103.81628,284,23352
shape_J10CWLMYJB_0,1.57317,103.81466,285,23578
shape_J10CWLMYJB_0,1.57256,103.81409,286,23671
shape_J10CWLMYJB_0,1.57235,103.81394,287,23700
shape_J10CWLMYJB_0,1.57195,103.81372,288,23751
shape_J10CWLMYJB_0,1.57183,103.81368,289,23765
shape_J10CWLMYJB_0,1.56971,103.81274,290,24023
shape_J10CWLMYJB_0,1.56802,103.81205,291,24226
shape_J10CWLMYJB_0,1.567457,103.811711,292,24299
shape_J10CWLMYJB_0,1.56703,103.81142,293,24356
shape_J10CWLMYJB_0,1.5668,103.8112,294,24391
shape_J10CWLMYJB_0,1.56658,103.81094,295,24429
shape_J10CWLMYJB_0,1.56635,103.8106,296,24475
shape_J10CWLMYJB_0,1.56622,103.81033,297,24508
shape_J10CWLMYJB_0,1.566160872427725,103.81012218650817,298,24532
shape_J10CWLMYJB_0,1.5660495703941548,103.8098512539673,299,24565
shape_J10CWLMYJB_0,1.5659624697290262,103.80939145767209,300,24617
shape_J10CWLMYJB_0,1.5658866710931538,103.80890000000001,301,24672
shape_J10CWLMYJB_0,1.56584,103.80837,302,24731
shape_J10CWLMYJB_0,1.565974496592102,103.8078348098564,303,24792
shape_J10CWLMYJB_0,1.5660456576400235,103.8072356858444,304,24859
shape_J10CWLMYJB_0,1.56611631196953,103.8064679061485,305,24945
shape_J10CWLMYJB_0,1.5661239395729938,103.80608632869719,306,24987
shape_J10CWLMYJB_0,1.566088724888035,103.80565860349657,307,25035
shape_J10CWLMYJB_0,1.5660255509238237,103.80519067081525,308,25087
shape_J10CWLMYJB_0,1.565913017627335,103.80474475561144,309,25138
shape_J10CWLMYJB_0,1.5657330178438171,103.80431937959007,310,25189
shape_J10CWLMYJB_0,1.5655670082595006,103.80384182927834,311,25245
shape_J10CWLMYJB_0,1.5653985285028613,103.80358889472129,312,25279
shape_J10CWLMYJB_0,1.5651025119297797,103.80312334916337,313,25340
shape_J10CWLMYJB_0,1.5647639935689566,103.80269671475409,314,25401
shape_J10CWLMYJB_0,1.5644856932780389,103.80241493680956,315,25445
shape_J10CWLMYJB_0,1.5641411263523612,103.8021281147194,316,25495
shape_J10CWLMYJB_0,1.5636208383968788,103.80178344970703,317,25564
shape_J10CWLMYJB_0,1.563034526049245,103.80145397483828,318,25639
shape_J10CWLMYJB_0,1.5624652819706566,103.80129157784056,319,25705
shape_J10CWLMYJB_0,1.5614665693277483,103.8011541468048,320,25817
shape_J10CWLMYJB_0,1.5605341234751673,103.80115428934099,321,25921
shape_J10CWLMYJB_0,1.559853,103.801196,322,25997
shape_J10CWLMYJB_0,1.55945,103.801239,323,26042
shape_J10CWLMYJB_0,1.559,103.801265,324,26092
shape_J10CWLMYJB_0,1.558571,103.801276,325,26140
shape_J10CWLMYJB_0,1.5583733520396021,103.8012681372261,326,26162
shape_J10CWLMYJB_0,1.55817,103.80122,327,26185
shape_J10CWLMYJB_0,1.5579766882598747,103.80127705753328,328,26207
shape_J10CWLMYJB_0,1.557518,103.801313,329,26258
shape_J10CWLMYJB_0,1.5570411614364283,103.80138971031191,330,26312
shape_J10CWLMYJB_0,1.5565679736508184,103.80145108200071,331,26365
shape_J10CWLMYJB_0,1.55610224462567,103.80150314847944,332,26417
shape_J10CWLMYJB_0,1.555789,103.801553,333,26452
shape_J10CWLMYJB_0,1.555322,103.801614,334,26504
shape_J10CWLMYJB_0,1.555011,103.801665,335,26539
shape_J10CWLMYJB_0,1.554574,103.80169,336,26588
shape_J10CWLMYJB_0,1.554209,103.801699,337,26629
shape_J10CWLMYJB_0,1.553829,103.801664,338,26671
shape_J10CWLMYJB_0,1.553357,103.801589,339,26724
shape_J10CWLMYJB_0,1.553016,103.801538,340,26762
shape_J10CWLMYJB_0,1.552589379579597,103.80143526366008,341,26811
shape_J10CWLMYJB_0,1.55247,103.80138,342,26826
shape_J10CWLMYJB_0,1.5522989959928184,103.80137139881134,343,26845
shape_J10CWLMYJB_0,1.551977,103.801234,344,26884
shape_J10CWLMYJB_0,1.551649,103.80103,345,26927
shape_J10CWLMYJB_0,1.551464,103.80095,346,26949
shape_J10CWLMYJB_0,1.550808,103.800558,347,27034
shape_J10CWLMYJB_0,1.5501807144434736,103.80020303572083,348,27114
shape_J10CWLMYJB_0,1.549898,103.800021,349,27151
shape_J10CWLMYJB_0,1.549673,103.799908,350,27179
shape_J10CWLMYJB_0,1.549437,103.799806,351,27208
shape_J10CWLMYJB_0,1.54926,103.799731,352,27229
shape_J10CWLMYJB_0,1.5490915406391947,103.79955103935622,353,27256
shape_J10CWLMYJB_0,1.5488186423409822,103.79926934260561,354,27300
shape_J10CWLMYJB_0,1.5507484498133033,103.79765535581971,355,27580
shape_J10CWLMYJB_0,1.5520784940889316,103.79624915078733,356,27795
shape_J10CWLMYJB_0,1.5530764497896847,103.79553086375428,357,27932
shape_J10CWLMYJB_0,1.5532582008508193,103.7953540013275,358,27960
shape_J10CWLMYJB_0,1.553666,103.795617,359,28014
shape_J10CWLMYJB_0,1.553419,103.795874,360,28054
shape_J10CWLMYJB_0,1.553151,103.795789,361,28085
shape_J10CWLMYJB_0,1.5524243579645314,103.79617062086676,362,28176
shape_J10CWLMYJB_0,1.5523950436737075,103.79654227116394,363,28217
shape_J10CWLMYJB_0,1.5523803973458454,103.79663513739968,364,28227
shape_J10CWLMYJB_0,1.552281,103.79673,365,28242
shape_J10CWLMYJB_0,1.5521032860190007,103.79688934110449,366,28269
shape_J10CWLMYJB_0,1.5519696157121738,103.79700209383108,367,28288
shape_J10CWLMYJB_0,1.5518258231719728,103.79713816071316,368,28310
shape_J10CWLMYJB_0,1.5514,103.79759,369,28379
shape_J10CWLMYJB_0,1.5513603730299323,103.7976547951412,370,28387
shape_J10CWLMYJB_0,1.551326,103.79769,371,28392
shape_J10CWLMYJB_0,1.55131,103.797674,372,28395
shape_J10CWLMYJB_0,1.55144,103.797536,373,28416
shape_J10CWLMYJB_0,1.551619,103.797341,374,28445
shape_J10CWLMYJB_0,1.551841,103.797101,375,28481
shape_J10CWLMYJB_0,1.551972834088841,103.79697703802869,376,28501
shape_J10CWLMYJB_0,1.552159626631642,103.79681608465575,377,28528
shape_J10CWLMYJB_0,1.5522602554026734,103.79672119816492,378,28543
shape_J10CWLMYJB_0,1.552328,103.796665,379,28553
shape_J10CWLMYJB_0,1.55236,103.796634,380,28558
shape_J10CWLMYJB_0,1.552383,103.796591,381,28563
shape_J10CWLMYJB_0,1.552385,103.79655,382,28568
shape_J10CWLMYJB_0,1.552341,103.796512,383,28574
shape_J10CWLMYJB_0,1.552284781629866,103.79647760061167,384,28581
shape_J10CWLMYJB_0,1.552199,103.796449,385,28591
shape_J10CWLMYJB_0,1.5521155043929937,103.79644058895492,386,28600
shape_J10CWLMYJB_0,1.551915,103.796645,387,28632
shape_J10CWLMYJB_0,1.551568,103.797042,388,28691
shape_J10CWLMYJB_0,1.551281,103.797364,389,28739
shape_J10CWLMYJB_0,1.550889,103.797747,390,28800
shape_J10CWLMYJB_0,1.550664,103.797932,391,28832
shape_J10CWLMYJB_0,1.550237,103.798333,392,28897
shape_J10CWLMYJB_0,1.549923,103.798497,393,28936
shape_J10CWLMYJB_0,1.549612,103.798778,394,28983
shape_J10CWLMYJB_0,1.549202462799858,103.79910550429916,395,29041
shape_J10CWLMYJB_0,1.548822,103.798585,396,29113
shape_J10CWLMYJB_0,1.548324,103.797725,397,29223
shape_J10CWLMYJB_0,1.547809,103.796877,398,29333
shape_J10CWLMYJB_0,1.5470020371550064,103.79566441722136,399,29495
shape_J10CWLMYJB_0,1.54684,103.79545,400,29525
shape_J10CWLMYJB_0,1.546508,103.794948,401,29592
shape_J10CWLMYJB_0,1.54602,103.794299,402,29682
shape_J10CWLMYJB_0,1.54535,103.793524,403,29796
shape_J10CWLMYJB_0,1.5440364270000488,103.79215579098509,404,30007
shape_J10CWLMYJB_0,1.54388,103.792,405,30032
shape_J10CWLMYJB_0,1.543518,103.7917,406,30084
shape_J10CWLMYJB_0,1.543153,103.791365,407,30139
shape_J10CWLMYJB_0,1.542664,103.790898,408,30214
shape_J10CWLMYJB_0,1.542135,103.790461,409,30290
shape_J10CWLMYJB_0,1.541477,103.789981,410,30381
shape_J10CWLMYJB_0,1.540883,103.789568,411,30461
shape_J10CWLMYJB_0,1.540244,103.789034,412,30554
shape_J10CWLMYJB_0,1.539837,103.78872,413,30611
shape_J10CWLMYJB_0,1.539327,103.788338,414,30682
shape_J10CWLMYJB_0,1.538729,103.787886,415,30765
shape_J10CWLMYJB_0,1.5385376064656957,103.78775874603271,416,30791
shape_J10CWLMYJB_0,1.5377257077246924,103.78717624040601,417,30902
shape_J10CWLMYJB_0,1.5370278688045593,103.78667082209014,418,30998
shape_J10CWLMYJB_0,1.536444,103.786231,419,31079
shape_J10CWLMYJB_0,1.5357059615944448,103.78566335218427,420,31183
shape_J10CWLMYJB_0,1.5350571120891108,103.78507218650819,421,31281
shape_J10CWLMYJB_0,1.53447,103.78457,422,31367
shape_J10CWLMYJB_0,1.53383,103.78399,423,31463
shape_J10CWLMYJB_0,1.53188,103.78215,424,31761
shape_J10CWLMYJB_0,1.53165,103.782,425,31792
shape_J10CWLMYJB_0,1.53141,103.78179,426,31827
shape_J10CWLMYJB_0,1.53092,103.78148,427,31891
shape_J10CWLMYJB_0,1.52962,103.78092,428,32048
shape_J10CWLMYJB_0,1.52916,103.78084,429,32100
shape_J10CWLMYJB_0,1.52828,103.78077,430,32198
shape_J10CWLMYJB_0,1.52817,103.78073,431,32211
shape_J10CWLMYJB_0,1.52794,103.78061,432,32240
shape_J10CWLMYJB_0,1.52766,103.78039,433,32280
shape_J10CWLMYJB_0,1.52748,103.78019,434,32310
shape_J10CWLMYJB_0,1.52732,103.77991,435,32346
shape_J10CWLMYJB_0,1.52698,103.77882,436,32473
shape_J10CWLMYJB_0,1.52688,103.77658,437,32722
shape_J10CWLMYJB_0,1.52671,103.77565,438,32827
shape_J10CWLMYJB_0,1.52657,103.77525,439,32874
shape_J10CWLMYJB_0,1.52639,103.77486,440,32922
shape_J10CWLMYJB_0,1.5250844323504646,103.77182492527005,441,33289
shape_J10CWLMYJB_0,1.52486,103.77133,442,33349
shape_J10CWLMYJB_0,1.52466,103.77084,443,33408
shape_J10CWLMYJB_0,1.52457,103.77048,444,33449
shape_J10CWLMYJB_0,1.52445,103.7693,445,33581
shape_J10CWLMYJB_0,1.52435,103.76902,446,33614
shape_J10CWLMYJB_0,1.52292,103.7667,447,33917
shape_J10CWLMYJB_0,1.52257,103.7658,448,34024
shape_J10CWLMYJB_0,1.522298,103.765166,449,34101
shape_J10CWLMYJB_0,1.521943,103.764346,450,34200
shape_J10CWLMYJB_0,1.521687,103.763757,451,34271
shape_J10CWLMYJB_0,1.521233,103.762644,452,34405
shape_J10CWLMYJB_0,1.520598,103.761088,453,34592
shape_J10CWLMYJB_0,1.52049,103.76078,454,34628
shape_J10CWLMYJB_0,1.52039,103.7606,455,34651
shape_J10CWLMYJB_0,1.5202170048583101,103.76035845403675,456,34684
shape_J10CWLMYJB_0,1.5200708077950176,103.76013265277861,457,34714
shape_J10CWLMYJB_0,1.519816,103.759822,458,34759
shape_J10CWLMYJB_0,1.519567,103.759588,459,34797
shape_J10CWLMYJB_0,1.519223,103.759312,460,34846
shape_J10CWLMYJB_0,1.518905,103.759097,461,34889
shape_J10CWLMYJB_0,1.518647,103.758938,462,34923
shape_J10CWLMYJB_0,1.518278,103.758771,463,34968
shape_J10CWLMYJB_0,1.51794,103.758655,464,35008
shape_J10CWLMYJB_0,1.517655634607256,103.75857154596332,465,35041
shape_J10CWLMYJB_0,1.5171921451789483,103.75843250793454,466,35095
shape_J10CWLMYJB_0,1.516308,103.758122,467,35199
shape_J10CWLMYJB_0,1.515905,103.758053,468,35244
shape_J10CWLMYJB_0,1.515454,103.758018,469,35294
shape_J10CWLMYJB_0,1.515178,103.758021,470,35325
shape_J10CWLMYJB_0,1.5148529494471303,103.75805772883606,471,35361
shape_J10CWLMYJB_0,1.51474,103.75813,472,35376
shape_J10CWLMYJB_0,1.514558,103.758141,473,35396
shape_J10CWLMYJB_0,1.514215,103.758281,474,35437
shape_J10CWLMYJB_0,1.513736,103.758538,475,35497
shape_J10CWLMYJB_0,1.513356,103.758861,476,35552
shape_J10CWLMYJB_0,1.513134,103.759098,477,35588
shape_J10CWLMYJB_0,1.512903,103.759403,478,35631
shape_J10CWLMYJB_0,1.5126292749026398,103.75965073743438,479,35672
shape_J10CWLMYJB_0,1.512222,103.759953,480,35728
shape_J10CWLMYJB_0,1.511578,103.760329,481,35811
shape_J10CWLMYJB_0,1.5099619713286838,103.760962098217,482,36004
shape_J10CWLMYJB_0,1.50984,103.7611,483,36024
shape_J10CWLMYJB_0,1.5089099288486107,103.76133688954927,484,36131
shape_J10CWLMYJB_0,1.50809,103.761618,485,36227
shape_J10CWLMYJB_0,1.507177362562156,103.76189796197129,486,36333
shape_J10CWLMYJB_0,1.506454,103.762222,487,36421
shape_J10CWLMYJB_0,1.50609,103.76255,488,36475
shape_J10CWLMYJB_0,1.5057143357845613,103.7628617152748,489,36529
shape_J10CWLMYJB_0,1.505361,103.763313,490,36593
shape_J10CWLMYJB_0,1.504977,103.763689,491,36653
shape_J10CWLMYJB_0,1.504714,103.763951,492,36694
shape_J10CWLMYJB_0,1.504385,103.764155,493,36737
shape_J10CWLMYJB_0,1.50395,103.764373,494,36791
shape_J10CWLMYJB_0,1.50372,103.76451,495,36821
shape_J10CWLMYJB_0,1.5030897953004807,103.76462156315993,496,36892
shape_J10CWLMYJB_0,1.50113,103.76521,497,37120
shape_J10CWLMYJB_0,1.500629,103.765224,498,37176
shape_J10CWLMYJB_0,1.498549,103.765605,499,37411
shape_J10CWLMYJB_0,1.4965409122353242,103.76596813128283,500,37638
shape_J10CWLMYJB_0,1.495098274816478,103.76624203802875,501,37801
shape_J10CWLMYJB_0,1.49432,103.76647,502,37891
shape_J10CWLMYJB_0,1.493816,103.766482,503,37947
shape_J10CWLMYJB_0,1.492264,103.76675,504,38122
shape_J10CWLMYJB_0,1.4918269464173166,103.76686145767214,505,38172
shape_J10CWLMYJB_0,1.49166,103.76699,506,38195
shape_J10CWLMYJB_0,1.4912929414720635,103.76697166501238,507,38236
shape_J10CWLMYJB_0,1.490365219525232,103.76709949570082,508,38340
shape_J10CWLMYJB_0,1.4898772308843202,103.76707286011887,509,38394
shape_J10CWLMYJB_0,1.489124,103.766926,510,38479
shape_J10CWLMYJB_0,1.488448,103.766754,511,38557
shape_J10CWLMYJB_0,1.48677,103.76628,512,38751
shape_J10CWLMYJB_0,1.484362,103.765574,513,39030
shape_J10CWLMYJB_0,1.4824874065561542,103.76506713128278,514,39246
shape_J10CWLMYJB_0,1.48106,103.76468,515,39410
shape_J10CWLMYJB_0,1.478833,103.764122,516,39665
shape_J10CWLMYJB_0,1.47738,103.7637,517,39833
shape_J10CWLMYJB_0,1.476302,103.763434,518,39956
shape_J10CWLMYJB_0,1.475198,103.763145,519,40083
shape_J10CWLMYJB_0,1.4737015051897902,103.76290346627042,520,40252
shape_J10CWLMYJB_0,1.473353901411166,103.76283702025509,521,40291
shape_J10CWLMYJB_0,1.4732864179508396,103.76277454844472,522,40301
shape_J10CWLMYJB_0,1.4731603960756694,103.76265998586179,523,40320
shape_J10CWLMYJB_0,1.473103,103.762564,524,40332
shape_J10CWLMYJB_0,1.473059,103.762473,525,40343
shape_J10CWLMYJB_0,1.473004813226885,103.76237694611463,526,40355
shape_J10CWLMYJB_0,1.472985,103.762288,527,40365
shape_J10CWLMYJB_0,1.472999,103.762133,528,40382
shape_J10CWLMYJB_0,1.473073,103.76191,529,40408
shape_J10CWLMYJB_0,1.473124153886733,103.76174384349918,530,40427
shape_J10CWLMYJB_0,1.4731925494205405,103.76150298834324,531,40455
shape_J10CWLMYJB_0,1.4734582307451907,103.76048009325409,532,40572
shape_J10CWLMYJB_0,1.473498,103.760329,533,40589
shape_J10CWLMYJB_0,1.4736166373561443,103.76017629447747,534,40610
shape_J10CWLMYJB_0,1.4737275604883144,103.75972962698364,535,40661
shape_J10CWLMYJB_0,1.473863,103.759017,536,40742
shape_J10CWLMYJB_0,1.47383789008757,103.75822202331354,537,40830
shape_J10CWLMYJB_0,1.473579791236946,103.75749456564144,538,40916
shape_J10CWLMYJB_0,1.473365,103.75702,539,40974
shape_J10CWLMYJB_0,1.473131,103.75654,540,41033
shape_J10CWLMYJB_0,1.4729293650016528,103.75616736808043,541,41080
shape_J10CWLMYJB_0,1.4725761536903998,103.75551443187712,542,41163
shape_J10CWLMYJB_0,1.4723144832422828,103.75498516186714,543,41229
shape_J10CWLMYJB_0,1.4720537137380076,103.75453315748669,544,41287
shape_J10CWLMYJB_0,1.471813,103.754096,545,41342
shape_J10CWLMYJB_0,1.471408,103.753475,546,41424
shape_J10CWLMYJB_0,1.471189911504255,103.75316820198711,547,41466
shape_J10CWLMYJB_0,1.4707653626507324,103.7526685423279,548,41539
shape_J10CWLMYJB_0,1.4706686379805862,103.75260591782572,549,41552
shape_J10CWLMYJB_0,1.470549,103.752511,550,41569
shape_J10CWLMYJB_0,1.470379,103.752303,551,41599
shape_J10CWLMYJB_0,1.470121,103.752019,552,41642
shape_J10CWLMYJB_0,1.470001,103.75188,553,41662
shape_J10CWLMYJB_0,1.469862,103.751695,554,41688
shape_J10CWLMYJB_0,1.469725,103.751498,555,41715
shape_J10CWLMYJB_0,1.469606747668769,103.75135349818233,556,41736
shape_J10CWLMYJB_0,1.4694832310882147,103.75127192394255,557,41752
shape_J10CWLMYJB_0,1.469357,103.751229,558,41767
shape_J10CWLMYJB_0,1.469243,103.751207,559,41780
shape_J10CWLMYJB_0,1.469106,103.751221,560,41795
shape_J10CWLMYJB_0,1.4687120268143978,103.75146236078261,561,41846
shape_J10CWLMYJB_0,1.46692,103.75249,562,42076
shape_J10CWLMYJB_0,1.46626,103.75285,563,42160
shape_J10CWLMYJB_0,1.46455,103.75428,564,42408
shape_J10CWLMYJB_0,1.46453,103.75429,565,42410
shape_J10CWLMYJB_0,1.46319,103.7555,566,42611
shape_J10CWLMYJB_0,1.4626851837300507,103.75595915344238,567,42687
shape_J10CWLMYJB_0,1.4609725509896871,103.75745396560666,568,42940
shape_J10CWLMYJB_0,1.46062,103.75777,569,42993
shape_J10CWLMYJB_0,1.45974,103.7586,570,43127
shape_J10CWLMYJB_0,1.45961,103.75867,571,43143
shape_J10CWLMYJB_0,1.45949,103.75871,572,43157
shape_J10CWLMYJB_0,1.45822,103.75896,573,43301
shape_J10CWLMYJB_0,1.4568,103.75929,574,43463
shape_J10CWLMYJB_0,1.4554754925189242,103.75957070939634,575,43614
shape_J10CWLMYJB_0,1.4549003893925974,103.75965320297223,576,43679
shape_J10CWLMYJB_0,1.454989,103.76012,577,43732
shape_J10CWLMYJB_0,1.455056,103.760449,578,43769
shape_J10CWLMYJB_0,1.455107,103.760691,579,43796
shape_J10CWLMYJB_0,1.455129,103.760919,580,43821
shape_J10CWLMYJB_0,1.455252,103.761431,581,43880
shape_J10CWLMYJB_0,1.455335,103.761772,582,43919
shape_J10CWLMYJB_0,1.45546,103.76188,583,43937
shape_J10CWLMYJB_0,1.4554419305726929,103.76210664781568,584,43962
shape_J10CWLMYJB_0,1.45569,103.76281,585,44045
shape_J10CWLMYJB_0,1.456,103.76371,586,44151
shape_J10CWLMYJB_0,1.45652,103.76484,587,44289
shape_J10CWLMYJB_0,1.45691,103.76555,588,44379
shape_J10CWLMYJB_0,1.45736,103.7662,589,44467
shape_J10CWLMYJB_0,1.45756,103.7664,590,44498
shape_J10CWLMYJB_0,1.45777,103.76654,591,44526
shape_J10CWLMYJB_0,1.45797,103.76663,592,44550
shape_J10CWLMYJB_0,1.45826,103.76671,593,44583
shape_J10CWLMYJB_0,1.45883,103.7668,594,44647
shape_J10CWLMYJB_0,1.45904,103.76686,595,44671
shape_J10CWLMYJB_0,1.45916,103.76694,596,44687
shape_J10CWLMYJB_0,1.45927,103.76704,597,44704
shape_J10CWLMYJB_0,1.4594321760673945,103.76715026256561,598,44726
shape_J10CWLMYJB_0,1.4595409454377906,103.76715685152051,599,44738
shape_J10CWLMYJB_0,1.459881515834761,103.76692708465578,600,44784
shape_J10CWLMYJB_0,1.4601270334535363,103.76676539384839,601,44817
shape_J10CWLMYJB_0,1.460483,103.766557,602,44863
shape_J10CWLMYJB_0,1.461004,103.766245,603,44931
shape_J10CWLMYJB_0,1.461546,103.765909,604,45002
shape_J10CWLMYJB_0,1.461917,103.765724,605,45048
shape_J10CWLMYJB_0,1.462275,103.765519,606,45094
shape_J10CWLMYJB_0,1.462635,103.765342,607,45139
shape_J10CWLMYJB_0,1.46297,103.765168,608,45181
shape_J10CWLMYJB_0,1.463187,103.765076,609,45207
shape_J10CWLMYJB_0,1.4634186138753116,103.76505656414034,610,45233
shape_J10CWLMYJB_0,1.46352,103.76496,611,45249
shape_J22CWLMYJB_0,1.51995,103.91639,0,0
shape_J22CWLMYJB_0,1.51907,103.91637,1,98
shape_J22CWLMYJB_0,1.51674,103.91639,2,357
shape_J22CWLMYJB_0,1.51476,103.91639,3,577
shape_J22CWLMYJB_0,1.513719296817511,103.91635672883606,4,693
shape_J22CWLMYJB_0,1.513095,103.916335,5,762
shape_J22CWLMYJB_0,1.512915,103.916334,6,782
shape_J22CWLMYJB_0,1.512607,103.91637,7,816
shape_J22CWLMYJB_0,1.512448,103.916392,8,834
shape_J22CWLMYJB_0,1.51242,103.916396,9,837
shape_J22CWLMYJB_0,1.512406,103.916406,10,839
shape_J22CWLMYJB_0,1.5123913132473692,103.91642001165677,11,841
shape_J22CWLMYJB_0,1.512379,103.916428,12,843
shape_J22CWLMYJB_0,1.512369,103.916435,13,844
shape_J22CWLMYJB_0,1.512356,103.91644,14,846
shape_J22CWLMYJB_0,1.512342,103.916445,15,848
shape_J22CWLMYJB_0,1.512321,103.916449,16,850
shape_J22CWLMYJB_0,1.512306,103.916451,17,852
shape_J22CWLMYJB_0,1.512293,103.916451,18,853
shape_J22CWLMYJB_0,1.5122819780878338,103.91645101165678,19,854
shape_J22CWLMYJB_0,1.512269,103.916448,20,855
shape_J22CWLMYJB_0,1.512255,103.916444,21,857
shape_J22CWLMYJB_0,1.512238,103.916437,22,859
shape_J22CWLMYJB_0,1.512231,103.916432,23,860
shape_J22CWLMYJB_0,1.51222,103.916422,24,862
shape_J22CWLMYJB_0,1.512199,103.916403,25,865
shape_J22CWLMYJB_0,1.512192,103.916394,26,866
shape_J22CWLMYJB_0,1.512186,103.916382,27,867
shape_J22CWLMYJB_0,1.512176,103.916368,28,869
shape_J22CWLMYJB_0,1.512175,103.916361,29,870
shape_J22CWLMYJB_0,1.512122,103.916365,30,876
shape_J22CWLMYJB_0,1.510863,103.916486,31,1017
shape_J22CWLMYJB_0,1.510313,103.916542,32,1078
shape_J22CWLMYJB_0,1.5101758246717236,103.91654523619367,33,1093
shape_J22CWLMYJB_0,1.51011,103.91654,34,1100
shape_J22CWLMYJB_0,1.50574,103.91628,35,1587
shape_J22CWLMYJB_0,1.50236,103.91606,36,1964
shape_J22CWLMYJB_0,1.502064,103.916035,37,1997
shape_J22CWLMYJB_0,1.501877,103.916027,38,2018
shape_J22CWLMYJB_0,1.501503,103.916006,39,2060
shape_J22CWLMYJB_0,1.501141,103.915979,40,2100
shape_J22CWLMYJB_0,1.500785,103.915952,41,2140
shape_J22CWLMYJB_0,1.500419,103.915927,42,2181
shape_J22CWLMYJB_0,1.500233,103.915912,43,2202
shape_J22CWLMYJB_0,1.500056,103.915886,44,2222
shape_J22CWLMYJB_0,1.499381,103.915754,45,2298
shape_J22CWLMYJB_0,1.4993,103.91572,46,2308
shape_J22CWLMYJB_0,1.4986454070755237,103.91549248404405,47,2385
shape_J22CWLMYJB_0,1.49806,103.915245,48,2456
shape_J22CWLMYJB_0,1.497808,103.915113,49,2488
shape_J22CWLMYJB_0,1.497612,103.915005,50,2513
shape_J22CWLMYJB_0,1.497579,103.914992,51,2517
shape_J22CWLMYJB_0,1.497564,103.91499,52,2519
shape_J22CWLMYJB_0,1.497548,103.914989,53,2521
shape_J22CWLMYJB_0,1.497533,103.914984,54,2523
shape_J22CWLMYJB_0,1.497519,103.914976,55,2525
shape_J22CWLMYJB_0,1.497509,103.91497,56,2526
shape_J22CWLMYJB_0,1.497501,103.91496,57,2527
shape_J22CWLMYJB_0,1.497493,103.914948,58,2529
shape_J22CWLMYJB_0,1.49749,103.914936,59,2530
shape_J22CWLMYJB_0,1.497486,103.914926,60,2531
shape_J22CWLMYJB_0,1.497281358846675,103.91480667972752,61,2557
shape_J22CWLMYJB_0,1.49708,103.914658,62,2585
shape_J22CWLMYJB_0,1.4969612315165974,103.91456941993187,63,2601
shape_J22CWLMYJB_0,1.496711010970426,103.9142876530671,64,2643
shape_J22CWLMYJB_0,1.496587,103.914114,65,2667
shape_J22CWLMYJB_0,1.496494,103.913975,66,2686
shape_J22CWLMYJB_0,1.496392,103.913798,67,2709
shape_J22CWLMYJB_0,1.49633,103.913675,68,2724
shape_J22CWLMYJB_0,1.496156399895618,103.91328046857834,69,2772
shape_J22CWLMYJB_0,1.49615,103.91326,70,2774
shape_J22CWLMYJB_0,1.496083,103.913096,71,2794
shape_J22CWLMYJB_0,1.495959,103.912821,72,2828
shape_J22CWLMYJB_0,1.49587,103.912615,73,2853
shape_J22CWLMYJB_0,1.4957384733784038,103.9123971754284,74,2881
shape_J22CWLMYJB_0,1.4956332309334526,103.9122456239252,75,2902
shape_J22CWLMYJB_0,1.495364615465559,103.91191169386576,76,2950
shape_J22CWLMYJB_0,1.4951619446209456,103.91166943435859,77,2985
shape_J22CWLMYJB_0,1.49483,103.911364,78,3035
shape_J22CWLMYJB_0,1.4945541880465052,103.91114861838533,79,3074
shape_J22CWLMYJB_0,1.494281,103.91097,80,3110
shape_J22CWLMYJB_0,1.4940297920062044,103.91081361532687,81,3143
shape_J22CWLMYJB_0,1.493718,103.910629,82,3183
shape_J22CWLMYJB_0,1.493400890265415,103.91049256564139,83,3221
shape_J22CWLMYJB_0,1.493165,103.910408,84,3249
shape_J22CWLMYJB_0,1.492902,103.910328,85,3280
shape_J22CWLMYJB_0,1.492728308180909,103.91026165029719,86,3301
shape_J22CWLMYJB_0,1.492286549165273,103.91022076380635,87,3350
shape_J22CWLMYJB_0,1.491657,103.910183,88,3420
shape_J22CWLMYJB_0,1.490783,103.910134,89,3517
shape_J22CWLMYJB_0,1.4903345605628078,103.91013820122338,90,3567
shape_J22CWLMYJB_0,1.490293,103.910145,91,3572
shape_J22CWLMYJB_0,1.490274,103.910154,92,3574
shape_J22CWLMYJB_0,1.490257,103.910162,93,3576
shape_J22CWLMYJB_0,1.490243,103.910167,94,3578
shape_J22CWLMYJB_0,1.490224,103.910173,95,3580
shape_J22CWLMYJB_0,1.490206,103.910179,96,3582
shape_J22CWLMYJB_0,1.49019,103.910185,97,3584
shape_J22CWLMYJB_0,1.490171,103.91019,98,3586
shape_J22CWLMYJB_0,1.490149,103.910201,99,3589
shape_J22CWLMYJB_0,1.490133,103.910207,100,3591
shape_J22CWLMYJB_0,1.490117,103.910217,101,3593
shape_J22CWLMYJB_0,1.490107,103.910225,102,3594
shape_J22CWLMYJB_0,1.490096,103.910237,103,3596
shape_J22CWLMYJB_0,1.490082,103.910255,104,3599
shape_J22CWLMYJB_0,1.490073,103.910272,105,3601
shape_J22CWLMYJB_0,1.490063,103.910292,106,3603
shape_J22CWLMYJB_0,1.49005,103.910309,107,3605
shape_J22CWLMYJB_0,1.4900342316463149,103.91033903439332,108,3609
shape_J22CWLMYJB_0,1.4900331760030157,103.91040364418032,109,3616
shape_J22CWLMYJB_0,1.490025582513151,103.91060968220903,110,3639
shape_J22CWLMYJB_0,1.4900054065105266,103.91113165889551,111,3697
shape_J22CWLMYJB_0,1.489995230885321,103.91147466749379,112,3735
shape_J22CWLMYJB_0,1.4899852638149762,103.91184159449482,113,3776
shape_J22CWLMYJB_0,1.4899810548830004,103.91208031779098,114,3803
shape_J22CWLMYJB_0,1.4899667032553863,103.91238671717933,115,3837
shape_J22CWLMYJB_0,1.4899006044655958,103.91340468220903,116,3950
shape_J22CWLMYJB_0,1.4898333735813605,103.9136316938658,117,3976
shape_J22CWLMYJB_0,1.489746,103.913837,118,4001
shape_J22CWLMYJB_0,1.4896466264180521,103.91399525950719,119,4022
shape_J22CWLMYJB_0,1.4895535162833324,103.91410920122337,120,4038
shape_J22CWLMYJB_0,1.4894171097711901,103.91420605828382,121,4057
shape_J22CWLMYJB_0,1.48924,103.914319,122,4080
shape_J22CWLMYJB_0,1.4889926264158733,103.91442627116395,123,4110
shape_J22CWLMYJB_0,1.488805,103.914525,124,4134
shape_J22CWLMYJB_0,1.488681,103.91459,125,4150
shape_J22CWLMYJB_0,1.488409,103.91471,126,4183
shape_J22CWLMYJB_0,1.488169,103.914823,127,4212
shape_J22CWLMYJB_0,1.488078933164634,103.91486970858098,128,4223
shape_J22CWLMYJB_0,1.4880480820158573,103.91468553955794,129,4244
shape_J22CWLMYJB_0,1.4880313626090058,103.9145691312828,130,4257
shape_J22CWLMYJB_0,1.48801,103.914374,131,4279
shape_J22CWLMYJB_0,1.487976,103.914085,132,4311
shape_J22CWLMYJB_0,1.487941983532336,103.91342668220902,133,4384
shape_J22CWLMYJB_0,1.487912,103.913116,134,4419
shape_J22CWLMYJB_0,1.487891,103.912872,135,4446
shape_J22CWLMYJB_0,1.487874571519608,103.9127071604247,136,4464
shape_J22CWLMYJB_0,1.4878357026310396,103.91231457666021,137,4508
shape_J22CWLMYJB_0,1.48771,103.91217,138,4529
shape_J22CWLMYJB_0,1.487825,103.912055,139,4547
shape_J22CWLMYJB_0,1.487915,103.910844,140,4682
shape_J22CWLMYJB_0,1.4878,103.91074,141,4699
shape_J22CWLMYJB_0,1.48793,103.910659,142,4716
shape_J22CWLMYJB_0,1.4879480439138035,103.91038095337292,143,4747
shape_J22CWLMYJB_0,1.4879736154340324,103.90987131779099,144,4804
shape_J22CWLMYJB_0,1.4879845276069006,103.90952033527614,145,4843
shape_J22CWLMYJB_0,1.487988,103.909416,146,4855
shape_J22CWLMYJB_0,1.488004,103.909267,147,4872
shape_J22CWLMYJB_0,1.4880153626090444,103.90917558618499,148,4882
shape_J22CWLMYJB_0,1.488091340652233,103.90894866472388,149,4909
shape_J22CWLMYJB_0,1.48823,103.908629,150,4948
shape_J22CWLMYJB_0,1.488281,103.90852,151,4961
shape_J22CWLMYJB_0,1.4883450164671355,103.90831393588783,152,4985
shape_J22CWLMYJB_0,1.488432,103.908065,153,5014
shape_J22CWLMYJB_0,1.4884673900529117,103.90795155398462,154,5027
shape_J22CWLMYJB_0,1.488488,103.907867,155,5037
shape_J22CWLMYJB_0,1.488517,103.907744,156,5051
shape_J22CWLMYJB_0,1.4885395879916965,103.90764388343239,157,5062
shape_J22CWLMYJB_0,1.488551,103.90752,158,5076
shape_J22CWLMYJB_0,1.488549,103.907379,159,5092
shape_J22CWLMYJB_0,1.48854,103.907282,160,5103
shape_J22CWLMYJB_0,1.48853,103.907209,161,5111
shape_J22CWLMYJB_0,1.488465,103.907009,162,5134
shape_J22CWLMYJB_0,1.4884040061583386,103.90684641191054,163,5153
shape_J22CWLMYJB_0,1.48834,103.90683,164,5160
shape_J22CWLMYJB_0,1.48837,103.906758,165,5169
shape_J22CWLMYJB_0,1.488182,103.906318,166,5222
shape_J22CWLMYJB_0,1.488082912498843,103.9060954377055,167,5249
shape_J22CWLMYJB_0,1.48782,103.905457,168,5326
shape_J22CWLMYJB_0,1.487741,103.905278,169,5348
shape_J22CWLMYJB_0,1.48762,103.905012,170,5380
shape_J22CWLMYJB_0,1.48756,103.904879,171,5396
shape_J22CWLMYJB_0,1.487518,103.904799,172,5406
shape_J22CWLMYJB_0,1.487483,103.904745,173,5413
shape_J22CWLMYJB_0,1.487459,103.904717,174,5417
shape_J22CWLMYJB_0,1.4873943626105455,103.9046287754631,175,5429
shape_J22CWLMYJB_0,1.487341,103.904574,176,5438
shape_J22CWLMYJB_0,1.487271,103.904529,177,5447
shape_J22CWLMYJB_0,1.4872,103.904495,178,5456
shape_J22CWLMYJB_0,1.4871687913963094,103.90448542270182,179,5460
shape_J22CWLMYJB_0,1.487034,103.904546,180,5476
shape_J22CWLMYJB_0,1.4866211710410522,103.90473208436728,181,5526
shape_J22CWLMYJB_0,1.4866,103.90475,182,5529
shape_J22CWLMYJB_0,1.486565,103.904756,183,5533
shape_J22CWLMYJB_0,1.486181,103.904933,184,5580
shape_J22CWLMYJB_0,1.4860471924211682,103.90499811073921,185,5597
shape_J22CWLMYJB_0,1.4857987309805945,103.90510914570952,186,5627
shape_J22CWLMYJB_0,1.485658,103.905167,187,5644
shape_J22CWLMYJB_0,1.485469,103.905236,188,5666
shape_J22CWLMYJB_0,1.4853267367105967,103.90528491534424,189,5683
shape_J22CWLMYJB_0,1.4850786593459566,103.9053243119626,190,5711
shape_J22CWLMYJB_0,1.484925,103.905338,191,5728
shape_J22CWLMYJB_0,1.4847910606310257,103.90534424202205,192,5743
shape_J22CWLMYJB_0,1.484671,103.905338,193,5756
shape_J22CWLMYJB_0,1.484541,103.905325,194,5771
shape_J22CWLMYJB_0,1.4843912363285008,103.90530805828381,195,5788
shape_J22CWLMYJB_0,1.4840619945090168,103.9052223119626,196,5826
shape_J22CWLMYJB_0,1.4837889835266524,103.90514068803738,197,5858
shape_J22CWLMYJB_0,1.4835498517370707,103.90507068220901,198,5886
shape_J22CWLMYJB_0,1.48327,103.90498,199,5919
shape_J22CWLMYJB_0,1.483138,103.904934,200,5935
shape_J22CWLMYJB_0,1.48289,103.904852,201,5964
shape_J22CWLMYJB_0,1.4822073186884581,103.90458463558198,202,6046
shape_J22CWLMYJB_0,1.482029,103.904513,203,6067
shape_J22CWLMYJB_0,1.481816,103.90443,204,6092
shape_J22CWLMYJB_0,1.481674,103.904372,205,6109
shape_J22CWLMYJB_0,1.481655620899299,103.90439778711983,206,6113
shape_J22CWLMYJB_0,1.481455,103.904676,207,6151
shape_J22CWLMYJB_0,1.481134,103.905115,208,6211
shape_J22CWLMYJB_0,1.4808640054924527,103.90551503497028,209,6265
shape_J22CWLMYJB_0,1.480564,103.905967,210,6325
shape_J22CWLMYJB_0,1.480364,103.906269,211,6365
shape_J22CWLMYJB_0,1.480157,103.906585,212,6407
shape_J22CWLMYJB_0,1.480013324178606,103.90679978129148,213,6436
shape_J22CWLMYJB_0,1.479805,103.907115,214,6478
shape_J22CWLMYJB_0,1.479558,103.907488,215,6528
shape_J22CWLMYJB_0,1.479389653849397,103.90773839938834,216,6562
shape_J22CWLMYJB_0,1.478464,103.909099,217,6745
shape_J22CWLMYJB_0,1.4781078461767188,103.90962163252352,218,6815
shape_J22CWLMYJB_0,1.4777977911937277,103.91005471440936,219,6874
shape_J22CWLMYJB_0,1.4777478022213908,103.91013351595593,220,6884
shape_J22CWLMYJB_0,1.477710417611461,103.91019008742572,221,6892
shape_J22CWLMYJB_0,1.4776217308367015,103.91032577823303,222,6910
shape_J22CWLMYJB_0,1.4775544231759117,103.910427098794,223,6924
shape_J22CWLMYJB_0,1.4774967913372146,103.91049294419766,224,6934
shape_J22CWLMYJB_0,1.4774836923052244,103.91051067638062,225,6936
shape_J22CWLMYJB_0,1.477404,103.910446,226,6947
shape_J22CWLMYJB_0,1.477234,103.910318,227,6971
shape_J22CWLMYJB_0,1.477065,103.910197,228,6994
shape_J22CWLMYJB_0,1.476891,103.910084,229,7017
shape_J22CWLMYJB_0,1.4767209670599197,103.90997509937095,230,7039
shape_J22CWLMYJB_0,1.476483,103.909819,231,7071
shape_J22CWLMYJB_0,1.476229,103.909659,232,7104
shape_J22CWLMYJB_0,1.4760005659145117,103.90951347850418,233,7134
shape_J22CWLMYJB_0,1.47573,103.909344,234,7169
shape_J22CWLMYJB_0,1.4754895714221405,103.90919267055226,235,7201
shape_J22CWLMYJB_0,1.474348,103.908483,236,7350
shape_J22CWLMYJB_0,1.47371,103.90809,237,7433
shape_J22CWLMYJB_0,1.472772,103.907458,238,7559
shape_J22CWLMYJB_0,1.47205,103.90698,239,7655
shape_J22CWLMYJB_0,1.4715,103.906632,240,7727
shape_J22CWLMYJB_0,1.471164,103.906396,241,7773
shape_J22CWLMYJB_0,1.470522318674341,103.90602198251486,242,7856
shape_J22CWLMYJB_0,1.470404951062544,103.90605105629392,243,7869
shape_J22CWLMYJB_0,1.470195,103.905814,244,7904
shape_J22CWLMYJB_0,1.4695303846440029,103.90537286011886,245,7993
shape_J22CWLMYJB_0,1.4687593028060457,103.90487191228581,246,8095
shape_J22CWLMYJB_0,1.468816,103.904782,247,8107
shape_J22CWLMYJB_0,1.4688620109957518,103.9046943352761,248,8118
shape_J22CWLMYJB_0,1.469227,103.90391,249,8214
shape_J22CWLMYJB_0,1.469643,103.903037,250,8322
shape_J22CWLMYJB_0,1.4699383736474871,103.90242595337295,251,8397
shape_J22CWLMYJB_0,1.470096340663088,103.90208995337294,252,8438
shape_J22CWLMYJB_0,1.469929,103.902011,253,8459
shape_J22CWLMYJB_0,1.469609,103.901859,254,8498
shape_J22CWLMYJB_0,1.46889,103.901518,255,8586
shape_J22CWLMYJB_0,1.468116,103.901161,256,8681
shape_J22CWLMYJB_0,1.467706,103.900969,257,8731
shape_J22CWLMYJB_0,1.466863,103.900571,258,8835
shape_J22CWLMYJB_0,1.466166,103.900252,259,8920
shape_J22CWLMYJB_0,1.466021,103.900191,260,8937
shape_J22CWLMYJB_0,1.46593,103.900372,261,8960
shape_J22CWLMYJB_0,1.465781,103.900698,262,9000
shape_J22CWLMYJB_0,1.465769,103.900723,263,9003
shape_J22CWLMYJB_0,1.4658030604917254,103.90072998834323,264,9007
shape_J22CWLMYJB_0,1.4658425768460264,103.90074191840264,265,9012
shape_J22CWLMYJB_0,1.465864,103.900751,266,9015
shape_J22CWLMYJB_0,1.465887,103.900782,267,9019
shape_J22CWLMYJB_0,1.465903032995195,103.90080324202202,268,9022
shape_J22CWLMYJB_0,1.465905,103.900834,269,9025
shape_J22CWLMYJB_0,1.465901,103.900865,270,9028
shape_J22CWLMYJB_0,1.465881,103.900923,271,9035
shape_J22CWLMYJB_0,1.4658551646907825,103.90098604356861,272,9043
shape_J22CWLMYJB_0,1.465835,103.901039,273,9049
shape_J22CWLMYJB_0,1.465806,103.901115,274,9058
shape_J22CWLMYJB_0,1.4657756648335805,103.90118399999997,275,9066
shape_J22CWLMYJB_0,1.46583,103.90133,276,9083
shape_J22CWLMYJB_0,1.4657039560057106,103.90132631779096,277,9097
shape_J22CWLMYJB_0,1.4656800769902263,103.90136060061171,278,9102
shape_J22CWLMYJB_0,1.4656639178021418,103.90136866472389,279,9104
shape_J22CWLMYJB_0,1.465648,103.901373,280,9106
shape_J22CWLMYJB_0,1.465621,103.901379,281,9109
shape_J22CWLMYJB_0,1.465607,103.901377,282,9111
shape_J22CWLMYJB_0,1.465485,103.901321,283,9126
shape_J22CWLMYJB_0,1.465424,103.901433,284,9140
shape_J22CWLMYJB_0,1.465343,103.901579,285,9159
shape_J22CWLMYJB_0,1.465286,103.901698,286,9174
shape_J22CWLMYJB_0,1.465181,103.901927,287,9202
shape_J22CWLMYJB_0,1.465036,103.902248,288,9241
shape_J22CWLMYJB_0,1.464948,103.902432,289,9264
shape_J22CWLMYJB_0,1.4648793626648624,103.90257064723873,290,9281
shape_J22CWLMYJB_0,1.4648240000000017,103.9025493061342,291,9288
shape_J22CWLMYJB_0,1.4646980000000125,103.90249497668646,292,9303
shape_J22CWLMYJB_0,1.464198,103.902264,293,9364
shape_J22CWLMYJB_0,1.463563,103.901975,294,9442
shape_J22CWLMYJB_0,1.462861,103.901664,295,9527
shape_J22CWLMYJB_0,1.462049,103.901307,296,9626
shape_J22CWLMYJB_0,1.460848,103.900808,297,9771
shape_J22CWLMYJB_0,1.459372,103.900198,298,9949
shape_J22CWLMYJB_0,1.459808,103.899121,299,10078
shape_J22CWLMYJB_0,1.460398,103.897719,300,10247
shape_J22CWLMYJB_0,1.461302,103.895616,301,10501
shape_J22CWLMYJB_0,1.461464,103.895236,302,10547
shape_J22CWLMYJB_0,1.4618664506882981,103.89425302331355,303,10665
shape_J22CWLMYJB_0,1.462518,103.892664,304,10856
shape_J22CWLMYJB_0,1.462893,103.891731,305,10968
shape_J22CWLMYJB_0,1.4633071320088669,103.89071916606905,306,11090
shape_J22CWLMYJB_0,1.463562,103.890103,307,11164
shape_J22CWLMYJB_0,1.46406,103.888799,308,11319
shape_J22CWLMYJB_0,1.4644,103.887917,309,11424
shape_J22CWLMYJB_0,1.4645382416698707,103.88758700859833,310,11464
shape_J22CWLMYJB_0,1.4645413241669827,103.88755887148717,311,11467
shape_J22CWLMYJB_0,1.464527,103.887495,312,11474
shape_J22CWLMYJB_0,1.464515,103.887415,313,11483
shape_J22CWLMYJB_0,1.464504,103.887349,314,11490
shape_J22CWLMYJB_0,1.4644760604982718,103.88726065889551,315,11500
shape_J22CWLMYJB_0,1.464455,103.88721,316,11506
shape_J22CWLMYJB_0,1.464442,103.887185,317,11509
shape_J22CWLMYJB_0,1.464397,103.887118,318,11518
shape_J22CWLMYJB_0,1.464361,103.887072,319,11524
shape_J22CWLMYJB_0,1.464283,103.886997,320,11536
shape_J22CWLMYJB_0,1.464144,103.886919,321,11554
shape_J22CWLMYJB_0,1.4639943406667333,103.88687630613421,322,11571
shape_J22CWLMYJB_0,1.463914,103.886875,323,11580
shape_J22CWLMYJB_0,1.463832,103.886879,324,11589
shape_J22CWLMYJB_0,1.4637524778279605,103.88688575214958,325,11598
shape_J22CWLMYJB_0,1.463638,103.886923,326,11611
shape_J22CWLMYJB_0,1.463564,103.886962,327,11620
shape_J22CWLMYJB_0,1.463492,103.887016,328,11630
shape_J22CWLMYJB_0,1.4634250000000042,103.88708469386576,329,11641
shape_J22CWLMYJB_0,1.463374,103.887157,330,11651
shape_J22CWLMYJB_0,1.463320071504705,103.88726362975359,331,11664
shape_J22CWLMYJB_0,1.463282,103.887378,332,11677
shape_J22CWLMYJB_0,1.4632727143366504,103.88748834110451,333,11689
shape_J22CWLMYJB_0,1.463293,103.887621,334,11704
shape_J22CWLMYJB_0,1.4633194891769992,103.88771510491085,335,11715
shape_J22CWLMYJB_0,1.4633913241661123,103.88785262392523,336,11732
shape_J22CWLMYJB_0,1.463437,103.887916,337,11741
shape_J22CWLMYJB_0,1.4635,103.887972,338,11750
shape_J22CWLMYJB_0,1.4636004620211096,103.88804778406144,339,11764
shape_J22CWLMYJB_0,1.463693,103.88811,340,11776
shape_J22CWLMYJB_0,1.463818,103.888194,341,11793
shape_J22CWLMYJB_0,1.4638935438312106,103.8882456763806,342,11803
shape_J22CWLMYJB_0,1.46407,103.888298,343,11823
shape_J22CWLMYJB_0,1.464182,103.888327,344,11836
shape_J22CWLMYJB_0,1.464425,103.888399,345,11864
shape_J22CWLMYJB_0,1.465418,103.888732,346,11980
shape_J22CWLMYJB_0,1.46573,103.888845,347,12017
shape_J22CWLMYJB_0,1.466184,103.889012,348,12071
shape_J22CWLMYJB_0,1.466697,103.889203,349,12132
shape_J22CWLMYJB_0,1.4668998578106867,103.88927796779967,350,12156
shape_J22CWLMYJB_0,1.467144,103.889369,351,12185
shape_J22CWLMYJB_0,1.4673593241690923,103.88946035276129,352,12211
shape_J22CWLMYJB_0,1.467765,103.889638,353,12260
shape_J22CWLMYJB_0,1.468026,103.889759,354,12292
shape_J22CWLMYJB_0,1.468283,103.889881,355,12324
shape_J22CWLMYJB_0,1.468991,103.890251,356,12413
shape_J22CWLMYJB_0,1.469327165514,103.89041687731549,357,12455
shape_J22CWLMYJB_0,1.4704497253030069,103.89085532944777,358,12589
shape_J22CWLMYJB_0,1.471319,103.891167,359,12692
shape_J22CWLMYJB_0,1.4716873520436278,103.89127469080734,360,12735
shape_J22CWLMYJB_0,1.472108,103.891359,361,12783
shape_J22CWLMYJB_0,1.4725293410903404,103.89139376380635,362,12830
shape_J22CWLMYJB_0,1.472820296504809,103.89139922147847,363,12862
shape_J22CWLMYJB_0,1.473435,103.891355,364,12931
shape_J22CWLMYJB_0,1.4737379893046543,103.89131867055225,365,12965
shape_J22CWLMYJB_0,1.4743350768295185,103.89124142270187,366,13032
shape_J22CWLMYJB_0,1.474797,103.891145,367,13084
shape_J22CWLMYJB_0,1.475127,103.891048,368,13122
shape_J22CWLMYJB_0,1.475352,103.890983,369,13148
shape_J22CWLMYJB_0,1.475533,103.890913,370,13170
shape_J22CWLMYJB_0,1.475842,103.890794,371,13207
shape_J22CWLMYJB_0,1.476456,103.890534,372,13281
shape_J22CWLMYJB_0,1.476790417549034,103.89036776992322,373,13323
shape_J22CWLMYJB_0,1.4771613076317653,103.89015979323675,374,13370
shape_J22CWLMYJB_0,1.477422637335673,103.89000001471521,375,13404
shape_J22CWLMYJB_0,1.4778401538270367,103.88971663558198,376,13460
shape_J22CWLMYJB_0,1.4782970000000062,103.88932490674593,377,13527
shape_J22CWLMYJB_0,1.478685,103.888967,378,13586
shape_J22CWLMYJB_0,1.4788914394010475,103.88874273759056,379,13620
shape_J22CWLMYJB_0,1.4791950878913154,103.8883418484621,380,13676
shape_J22CWLMYJB_0,1.4794705272544681,103.8879968576374,381,13725
shape_J22CWLMYJB_0,1.4797431865777229,103.8876165195913,382,13777
shape_J22CWLMYJB_0,1.480082835010985,103.88710275826647,383,13845
shape_J22CWLMYJB_0,1.4806437032836481,103.88605569386576,384,13977
shape_J22CWLMYJB_0,1.4811834285332872,103.88502197668646,385,14107
shape_J22CWLMYJB_0,1.481503,103.884369,386,14188
shape_J22CWLMYJB_0,1.4817449336544448,103.88386495700836,387,14250
shape_J22CWLMYJB_0,1.482053790993744,103.88329518402672,388,14322
shape_J22CWLMYJB_0,1.482375,103.882709,389,14396
shape_J22CWLMYJB_0,1.4825465162201446,103.88242001777365,390,14433
shape_J22CWLMYJB_0,1.482769,103.882065,391,14480
shape_J22CWLMYJB_0,1.483366,103.881188,392,14598
shape_J22CWLMYJB_0,1.483784,103.880603,393,14678
shape_J22CWLMYJB_0,1.48437,103.87989,394,14781
shape_J22CWLMYJB_0,1.48871,103.87581,395,15443
shape_J22CWLMYJB_0,1.489648,103.874988,396,15582
shape_J22CWLMYJB_0,1.4909448569126642,103.87382203802872,397,15776
shape_J22CWLMYJB_0,1.491917,103.872942,398,15922
shape_J22CWLMYJB_0,1.4924723063967507,103.87234546990587,399,16013
shape_J22CWLMYJB_0,1.4928256154547184,103.87194008465578,400,16073
shape_J22CWLMYJB_0,1.4931170324586351,103.87160433250618,401,16122
shape_J22CWLMYJB_0,1.4934789615931352,103.87116139355993,402,16186
shape_J22CWLMYJB_0,1.493536263835518,103.87104890091753,403,16200
shape_J22CWLMYJB_0,1.493612,103.870905,404,16218
shape_J22CWLMYJB_0,1.493779,103.870635,405,16253
shape_J22CWLMYJB_0,1.493821,103.870565,406,16262
shape_J22CWLMYJB_0,1.4938997690815246,103.87042255981304,407,16280
shape_J22CWLMYJB_0,1.49394,103.870354,408,16289
shape_J22CWLMYJB_0,1.493957,103.870326,409,16293
shape_J22CWLMYJB_0,1.493957,103.870254,410,16301
shape_J22CWLMYJB_0,1.493981,103.870177,411,16310
shape_J22CWLMYJB_0,1.494022,103.870109,412,16319
shape_J22CWLMYJB_0,1.49406,103.870038,413,16328
shape_J22CWLMYJB_0,1.4941033346720458,103.86994154567483,414,16340
shape_J22CWLMYJB_0,1.4941460987551323,103.86981067026376,415,16355
shape_J22CWLMYJB_0,1.494164,103.869734,416,16364
shape_J22CWLMYJB_0,1.494177,103.869656,417,16373
shape_J22CWLMYJB_0,1.494182,103.869575,418,16382
shape_J22CWLMYJB_0,1.494180121193749,103.86949208465579,419,16391
shape_J22CWLMYJB_0,1.494163,103.869332,420,16409
shape_J22CWLMYJB_0,1.494147,103.869251,421,16418
shape_J22CWLMYJB_0,1.4941260219456118,103.8691718892608,422,16427
shape_J22CWLMYJB_0,1.494105,103.8691,423,16435
shape_J22CWLMYJB_0,1.494081,103.869016,424,16445
shape_J22CWLMYJB_0,1.494049,103.868946,425,16454
shape_J22CWLMYJB_0,1.494011,103.868876,426,16463
shape_J22CWLMYJB_0,1.493974,103.868804,427,16472
shape_J22CWLMYJB_0,1.4939383356493887,103.86876736441805,428,16478
shape_J22CWLMYJB_0,1.493776,103.868643,429,16501
shape_J22CWLMYJB_0,1.493416,103.868368,430,16551
shape_J22CWLMYJB_0,1.4932549894947214,103.86824757729815,431,16573
shape_J22CWLMYJB_0,1.4926649003331078,103.86778672329615,432,16656
shape_J22CWLMYJB_0,1.49227,103.86749,433,16711
shape_J22CWLMYJB_0,1.4919740937178836,103.86724792448881,434,16754
shape_J22CWLMYJB_0,1.49191,103.867235,435,16761
shape_J22CWLMYJB_0,1.491857,103.867222,436,16767
shape_J22CWLMYJB_0,1.491768,103.867228,437,16777
shape_J22CWLMYJB_0,1.4917130983518994,103.86724455981299,438,16783
shape_J22CWLMYJB_0,1.491623,103.867293,439,16794
shape_J22CWLMYJB_0,1.4915366483747365,103.8673959941716,440,16809
shape_J22CWLMYJB_0,1.4914454731898192,103.86750798776629,441,16825
shape_J22CWLMYJB_0,1.49136,103.8676,442,16839
shape_J22CWLMYJB_0,1.491208,103.867799,443,16867
shape_J22CWLMYJB_0,1.4908752308928335,103.86820363558196,444,16925
shape_J22CWLMYJB_0,1.4904307040351592,103.86876867609215,445,17005
shape_J22CWLMYJB_0,1.4900082528385532,103.86933313988114,446,17083
shape_J22CWLMYJB_0,1.489315,103.870252,447,17211
shape_J22CWLMYJB_0,1.48917,103.870443,448,17238
shape_J22CWLMYJB_0,1.4891569286472928,103.87046301748512,449,17241
shape_J22CWLMYJB_0,1.488996,103.870358,450,17262
shape_J22CWLMYJB_0,1.488378,103.869974,451,17343
shape_J22CWLMYJB_0,1.4881129118491236,103.86981298429166,452,17377
shape_J22CWLMYJB_0,1.48791,103.86969,453,17403
shape_J22CWLMYJB_0,1.4873306373893143,103.86929975214959,454,17481
shape_J22CWLMYJB_0,1.486939,103.869033,455,17534
shape_J22CWLMYJB_0,1.486612,103.868808,456,17578
shape_J22CWLMYJB_0,1.4863858350249277,103.86866093005945,457,17608
shape_J22CWLMYJB_0,1.486285,103.868593,458,17622
shape_J22CWLMYJB_0,1.486087,103.868845,459,17658
shape_J22CWLMYJB_0,1.485937,103.869017,460,17683
shape_J22CWLMYJB_0,1.485824,103.869194,461,17706
shape_J22CWLMYJB_0,1.4856849121559885,103.86934330030583,462,17729
shape_J22CWLMYJB_0,1.485628,103.869383,463,17737
shape_J22CWLMYJB_0,1.485601,103.8694,464,17741
shape_J22CWLMYJB_0,1.4855606044431684,103.86940830030585,465,17746
shape_J22CWLMYJB_0,1.485532,103.869415,466,17749
shape_J22CWLMYJB_0,1.485499,103.869415,467,17753
shape_J22CWLMYJB_0,1.485465,103.86941,468,17757
shape_J22CWLMYJB_0,1.4854099396058487,103.86940162975358,469,17763
shape_J22CWLMYJB_0,1.485375,103.869393,470,17767
shape_J22CWLMYJB_0,1.485327,103.869372,471,17773
shape_J22CWLMYJB_0,1.485301,103.869359,472,17776
shape_J22CWLMYJB_0,1.4852336815540674,103.86931458895494,473,17785
shape_J22CWLMYJB_0,1.4850647529262804,103.86919860061168,474,17808
shape_J22CWLMYJB_0,1.4847364950938142,103.8689535018177,475,17854
shape_J22CWLMYJB_0,1.4845442308389467,103.86879650735763,476,17882
shape_J22CWLMYJB_0,1.48424,103.8685,477,17929
shape_J22CWLMYJB_0,1.48396,103.868209,478,17974
shape_J22CWLMYJB_0,1.483346,103.867482,479,18080
shape_J22CWLMYJB_0,1.48329,103.86748,480,18086
shape_J22CWLMYJB_0,1.4832265383449141,103.86732108159734,481,18105
shape_J22CWLMYJB_0,1.483002,103.867007,482,18148
shape_J22CWLMYJB_0,1.482624714260947,103.86669590674593,483,18202
shape_J22CWLMYJB_0,1.4824086813113402,103.86645832361937,484,18238
shape_J22CWLMYJB_0,1.482363,103.866406,485,18246
shape_J22CWLMYJB_0,1.482271609918007,103.86649806965211,486,18260
shape_J22CWLMYJB_0,1.48216,103.86661,487,18278
shape_J22CWLMYJB_0,1.482114,103.866655,488,18285
shape_J22CWLMYJB_0,1.482082,103.866701,489,18291
shape_J22CWLMYJB_0,1.482048,103.866787,490,18301
shape_J22CWLMYJB_0,1.4820083682726715,103.86690754203939,491,18315
shape_J22CWLMYJB_0,1.4819732527849132,103.86703284540367,492,18329
shape_J22CWLMYJB_0,1.4819259231125632,103.86723669386578,493,18352
shape_J22CWLMYJB_0,1.48187,103.867444,494,18376
shape_J22CWLMYJB_0,1.4818,103.867597,495,18395
shape_J22CWLMYJB_0,1.4817122308149504,103.867753,496,18415
shape_J22CWLMYJB_0,1.4815388022832492,103.86791372883607,497,18441
shape_J22CWLMYJB_0,1.4813297307427533,103.86809451012752,498,18472
shape_J22CWLMYJB_0,1.4808313406566174,103.86852969386577,499,18546
shape_J22CWLMYJB_0,1.480379,103.868922,500,18613
shape_J22CWLMYJB_0,1.479999,103.86926,501,18670
shape_J22CWLMYJB_0,1.47965,103.86961,502,18725
shape_J22CWLMYJB_0,1.479495,103.869762,503,18749
shape_J22CWLMYJB_0,1.479256,103.869992,504,18786
shape_J22CWLMYJB_0,1.4791,103.870135,505,18810
shape_J22CWLMYJB_0,1.478923,103.870295,506,18837
shape_J22CWLMYJB_0,1.478792,103.870415,507,18857
shape_J22CWLMYJB_0,1.478602,103.870537,508,18882
shape_J22CWLMYJB_0,1.47855,103.870573,509,18889
shape_J22CWLMYJB_0,1.47827,103.870827,510,18931
shape_J22CWLMYJB_0,1.478075,103.871003,511,18960
shape_J22CWLMYJB_0,1.477885,103.87117,512,18988
shape_J22CWLMYJB_0,1.4777462694099432,103.87129112297299,513,19008
shape_J22CWLMYJB_0,1.47764,103.87139,514,19024
shape_J22CWLMYJB_0,1.477431,103.871564,515,19054
shape_J22CWLMYJB_0,1.477174,103.871784,516,19092
shape_J22CWLMYJB_0,1.477002,103.871967,517,19120
shape_J22CWLMYJB_0,1.476788,103.872138,518,19150
shape_J22CWLMYJB_0,1.476482,103.8718,519,19201
shape_J22CWLMYJB_0,1.4762307582424685,103.87151858895491,520,19243
shape_J22CWLMYJB_0,1.4760398901153728,103.8713189852848,521,19274
shape_J22CWLMYJB_0,1.475954,103.871261,522,19286
shape_J22CWLMYJB_0,1.475889,103.871214,523,19295
shape_J22CWLMYJB_0,1.47578,103.871096,524,19313
shape_J22CWLMYJB_0,1.4756690824046823,103.87097868526745,525,19331
shape_J22CWLMYJB_0,1.475546,103.87085,526,19351
shape_J22CWLMYJB_0,1.475447,103.870749,527,19367
shape_J22CWLMYJB_0,1.475332,103.87063,528,19385
shape_J22CWLMYJB_0,1.475281,103.870567,529,19394
shape_J22CWLMYJB_0,1.475261,103.870546,530,19397
shape_J22CWLMYJB_0,1.475221,103.87052,531,19402
shape_J22CWLMYJB_0,1.475151,103.870479,532,19411
shape_J22CWLMYJB_0,1.4750154888663616,103.87040304997393,533,19428
shape_J22CWLMYJB_0,1.475,103.87039,534,19430
shape_J22CWLMYJB_0,1.474941,103.870364,535,19437
shape_J22CWLMYJB_0,1.474798,103.870284,536,19455
shape_J22CWLMYJB_0,1.4746520604027489,103.87020647821569,537,19473
shape_J22CWLMYJB_0,1.4743724121005595,103.87006059478333,538,19508
shape_J22CWLMYJB_0,1.4739176318612852,103.86981968803741,539,19565
shape_J22CWLMYJB_0,1.473592,103.869647,540,19606
shape_J22CWLMYJB_0,1.473377,103.869537,541,19633
shape_J22CWLMYJB_0,1.472939,103.869328,542,19687
shape_J22CWLMYJB_0,1.472898,103.869304,543,19692
shape_J22CWLMYJB_0,1.472878,103.869324,544,19695
shape_J22CWLMYJB_0,1.472854,103.869343,545,19698
shape_J22CWLMYJB_0,1.472832,103.869355,546,19701
shape_J22CWLMYJB_0,1.472794,103.869365,547,19705
shape_J22CWLMYJB_0,1.472767,103.869364,548,19708
shape_J22CWLMYJB_0,1.472726,103.869355,549,19713
shape_J22CWLMYJB_0,1.472701,103.86934,550,19716
shape_J22CWLMYJB_0,1.472678,103.869323,551,19719
shape_J22CWLMYJB_0,1.472657,103.869296,552,19723
shape_J22CWLMYJB_0,1.47264,103.869262,553,19727
shape_J22CWLMYJB_0,1.472638,103.869234,554,19730
shape_J22CWLMYJB_0,1.472639,103.86921,555,19733
shape_J22CWLMYJB_0,1.472648,103.869185,556,19736
shape_J22CWLMYJB_0,1.472659,103.869164,557,19739
shape_J22CWLMYJB_0,1.472675,103.869145,558,19742
shape_J22CWLMYJB_0,1.472698,103.869125,559,19745
shape_J22CWLMYJB_0,1.472729,103.869113,560,19749
shape_J22CWLMYJB_0,1.472752,103.869106,561,19752
shape_J22CWLMYJB_0,1.472779,103.869104,562,19755
shape_J22CWLMYJB_0,1.472808,103.869108,563,19758
shape_J22CWLMYJB_0,1.472833,103.869118,564,19761
shape_J22CWLMYJB_0,1.472852,103.869129,565,19763
shape_J22CWLMYJB_0,1.472874,103.869146,566,19766
shape_J22CWLMYJB_0,1.472884,103.869159,567,19768
shape_J22CWLMYJB_0,1.472895,103.869176,568,19770
shape_J22CWLMYJB_0,1.472905,103.869193,569,19772
shape_J22CWLMYJB_0,1.472913,103.869224,570,19776
shape_J22CWLMYJB_0,1.472967,103.869254,571,19783
shape_J22CWLMYJB_0,1.472996,103.869265,572,19786
shape_J22CWLMYJB_0,1.473023,103.869255,573,19789
shape_J22CWLMYJB_0,1.473065,103.869256,574,19794
shape_J22CWLMYJB_0,1.473139,103.869266,575,19802
shape_J22CWLMYJB_0,1.473222,103.869304,576,19812
shape_J22CWLMYJB_0,1.473294,103.869334,577,19821
shape_J22CWLMYJB_0,1.473362,103.869364,578,19829
shape_J22CWLMYJB_0,1.473444,103.869385,579,19838
shape_J22CWLMYJB_0,1.473498,103.869396,580,19844
shape_J22CWLMYJB_0,1.4735362528055465,103.86939636441801,581,19848
shape_J22CWLMYJB_0,1.4736,103.869391,582,19855
shape_J22CWLMYJB_0,1.4736766648347712,103.86936594754455,583,19864
shape_J22CWLMYJB_0,1.473747,103.869323,584,19873
shape_J22CWLMYJB_0,1.473811,103.869275,585,19882
shape_J22CWLMYJB_0,1.473872,103.869225,586,19891
shape_J22CWLMYJB_0,1.473938,103.869167,587,19901
shape_J22CWLMYJB_0,1.4739945219505382,103.86912330613423,588,19909
shape_J22CWLMYJB_0,1.474244,103.868642,589,19969
shape_J22CWLMYJB_0,1.474504,103.868169,590,20029
shape_J22CWLMYJB_0,1.474679,103.867841,591,20070
shape_J22CWLMYJB_0,1.474773,103.867661,592,20093
shape_J22CWLMYJB_0,1.4749388353521729,103.86732281493425,593,20135
shape_J22CWLMYJB_0,1.47495,103.86728,594,20140
shape_J22CWLMYJB_0,1.47499,103.867226,595,20147
shape_J22CWLMYJB_0,1.475232,103.866761,596,20205
shape_J22CWLMYJB_0,1.475368,103.866503,597,20237
shape_J22CWLMYJB_0,1.475519,103.866213,598,20273
shape_J22CWLMYJB_0,1.475618104401693,103.86602586011887,599,20297
shape_J22CWLMYJB_0,1.475747,103.865784,600,20327
shape_J22CWLMYJB_0,1.475906,103.865488,601,20364
shape_J22CWLMYJB_0,1.476066,103.865193,602,20401
shape_J22CWLMYJB_0,1.476156,103.865061,603,20419
shape_J22CWLMYJB_0,1.4763531538464998,103.86476673495291,604,20458
shape_J22CWLMYJB_0,1.476745,103.864221,605,20533
shape_J22CWLMYJB_0,1.4769960439536007,103.86385831779101,606,20582
shape_J22CWLMYJB_0,1.47727,103.863521,607,20630
shape_J22CWLMYJB_0,1.477677,103.862978,608,20705
shape_J22CWLMYJB_0,1.477802296667671,103.86281356564142,609,20728
shape_J22CWLMYJB_0,1.478065,103.862458,610,20777
shape_J22CWLMYJB_0,1.478493,103.86177,611,20867
shape_J22CWLMYJB_0,1.478683252698472,103.86147710796929,612,20906
shape_J22CWLMYJB_0,1.479031,103.860989,613,20973
shape_J22CWLMYJB_0,1.47943,103.860418,614,21050
shape_J22CWLMYJB_0,1.479531,103.86029,615,21068
shape_J22CWLMYJB_0,1.47998874665586,103.85979230976962,616,21143
shape_J22CWLMYJB_0,1.480053,103.859719,617,21154
shape_J22CWLMYJB_0,1.48045,103.859252,618,21222
shape_J22CWLMYJB_0,1.480898901136353,103.85868191840268,619,21303
shape_J22CWLMYJB_0,1.4812794395170763,103.85814058895494,620,21377
shape_J22CWLMYJB_0,1.481517,103.857698,621,21433
shape_J22CWLMYJB_0,1.481672,103.857326,622,21478
shape_J22CWLMYJB_0,1.481767439512772,103.85702888343242,623,21513
shape_J22CWLMYJB_0,1.481907681159148,103.85661206440068,624,21562
shape_J22CWLMYJB_0,1.481991,103.856362,625,21591
shape_J22CWLMYJB_0,1.4820632855794977,103.85596279323673,626,21636
shape_J22CWLMYJB_0,1.482145,103.8553,627,21710
shape_J22CWLMYJB_0,1.4821647472139365,103.85494629753588,628,21749
shape_J22CWLMYJB_0,1.4822018021321608,103.8546168104334,629,21786
shape_J22CWLMYJB_0,1.4822260329509866,103.85444138161469,630,21806
shape_J22CWLMYJB_0,1.482305,103.854203,631,21834
shape_J22CWLMYJB_0,1.482376,103.853999,632,21858
shape_J22CWLMYJB_0,1.482457,103.853793,633,21883
shape_J22CWLMYJB_0,1.482519,103.853635,634,21902
shape_J22CWLMYJB_0,1.482647,103.853387,635,21933
shape_J22CWLMYJB_0,1.482754,103.853182,636,21959
shape_J22CWLMYJB_0,1.482965,103.852792,637,22008
shape_J22CWLMYJB_0,1.483256,103.852244,638,22077
shape_J22CWLMYJB_0,1.4834402527946704,103.85190228864909,639,22120
shape_J22CWLMYJB_0,1.483858368110221,103.85111036441802,640,22220
shape_J22CWLMYJB_0,1.484645,103.849682,641,22401
shape_J22CWLMYJB_0,1.485264,103.848584,642,22541
shape_J22CWLMYJB_0,1.4855376593462577,103.84812012276016,643,22601
shape_J22CWLMYJB_0,1.486115,103.847159,644,22726
shape_J22CWLMYJB_0,1.486697,103.846067,645,22864
shape_J22CWLMYJB_0,1.487287,103.845057,646,22994
shape_J22CWLMYJB_0,1.487727,103.844362,647,23085
shape_J22CWLMYJB_0,1.488136,103.843733,648,23168
shape_J22CWLMYJB_0,1.4886132747848824,103.84292090674593,649,23273
shape_J22CWLMYJB_0,1.489125,103.841917,650,23398
shape_J22CWLMYJB_0,1.4894561427021078,103.84136117790985,651,23470
shape_J22CWLMYJB_0,1.489579,103.841176,652,23495
shape_J22CWLMYJB_0,1.489698,103.840994,653,23519
shape_J22CWLMYJB_0,1.4897942078214084,103.84079598892023,654,23543
shape_J22CWLMYJB_0,1.4899533186978398,103.8403793061342,655,23593
shape_J22CWLMYJB_0,1.49023,103.8396,656,23685
shape_J22CWLMYJB_0,1.490455,103.838947,657,23762
shape_J22CWLMYJB_0,1.490586,103.838529,658,23811
shape_J22CWLMYJB_0,1.49076,103.837895,659,23884
shape_J22CWLMYJB_0,1.490869966672063,103.8374836011887,660,23931
shape_J22CWLMYJB_0,1.4911817032516665,103.83629200611688,661,24068
shape_J22CWLMYJB_0,1.491651,103.834346,662,24291
shape_J22CWLMYJB_0,1.4920438573289425,103.8327299300594,663,24476
shape_J22CWLMYJB_0,1.492278,103.831675,664,24596
shape_J22CWLMYJB_0,1.492521,103.83079,665,24698
shape_J22CWLMYJB_0,1.492743,103.829905,666,24799
shape_J22CWLMYJB_0,1.4929114174667508,103.82925264169887,667,24874
shape_J22CWLMYJB_0,1.493466,103.827104,668,25121
shape_J22CWLMYJB_0,1.493637,103.826407,669,25201
shape_J22CWLMYJB_0,1.493789,103.825795,670,25271
shape_J22CWLMYJB_0,1.493889,103.825282,671,25329
shape_J22CWLMYJB_0,1.494065,103.824126,672,25459
shape_J22CWLMYJB_0,1.4941245052408618,103.82366848373483,673,25510
shape_J22CWLMYJB_0,1.4942047671808225,103.82300167603405,674,25585
shape_J22CWLMYJB_0,1.494258,103.822642,675,25625
shape_J22CWLMYJB_0,1.49431,103.822187,676,25676
shape_J22CWLMYJB_0,1.494364,103.821642,677,25737
shape_J22CWLMYJB_0,1.4944064613465184,103.8212111662531,678,25785
shape_J22CWLMYJB_0,1.494446,103.820741,679,25837
shape_J22CWLMYJB_0,1.494483,103.820193,680,25898
shape_J22CWLMYJB_0,1.494509,103.819665,681,25957
shape_J22CWLMYJB_0,1.4945226259324378,103.81913423619363,682,26016
shape_J22CWLMYJB_0,1.494541,103.818571,683,26079
shape_J22CWLMYJB_0,1.494548,103.818046,684,26137
shape_J22CWLMYJB_0,1.494547,103.817511,685,26196
shape_J22CWLMYJB_0,1.494527725186361,103.81684941410347,686,26270
shape_J22CWLMYJB_0,1.494507,103.816496,687,26309
shape_J22CWLMYJB_0,1.49446,103.815992,688,26365
shape_J22CWLMYJB_0,1.494394,103.815462,689,26424
shape_J22CWLMYJB_0,1.494297,103.814784,690,26500
shape_J22CWLMYJB_0,1.494237,103.814422,691,26541
shape_J22CWLMYJB_0,1.494113,103.813806,692,26611
shape_J22CWLMYJB_0,1.494067,103.813598,693,26635
shape_J22CWLMYJB_0,1.493946792984584,103.81313483663178,694,26688
shape_J22CWLMYJB_0,1.49391,103.81311,695,26693
shape_J22CWLMYJB_0,1.493923,103.813032,696,26702
shape_J22CWLMYJB_0,1.493819,103.812638,697,26747
shape_J22CWLMYJB_0,1.493678,103.812153,698,26803
shape_J22CWLMYJB_0,1.493525,103.811677,699,26859
shape_J22CWLMYJB_0,1.493389160059697,103.81129009411951,700,26905
shape_J22CWLMYJB_0,1.49323,103.810911,701,26951
shape_J22CWLMYJB_0,1.493055,103.810494,702,27001
shape_J22CWLMYJB_0,1.492879,103.810099,703,27049
shape_J22CWLMYJB_0,1.492787478279433,103.80989621899698,704,27074
shape_J22CWLMYJB_0,1.492547,103.809381,705,27137
shape_J22CWLMYJB_0,1.492436433931635,103.80905424785043,706,27175
shape_J22CWLMYJB_0,1.49234,103.808739,707,27212
shape_J22CWLMYJB_0,1.4922869670765582,103.80853064723871,708,27236
shape_J22CWLMYJB_0,1.492191,103.807953,709,27301
shape_J22CWLMYJB_0,1.4921589012286343,103.80754584846207,710,27346
shape_J22CWLMYJB_0,1.492167,103.806952,711,27412
shape_J22CWLMYJB_0,1.492192,103.806533,712,27459
shape_J22CWLMYJB_0,1.492255,103.805932,713,27526
shape_J22CWLMYJB_0,1.4923179780510958,103.80552366195391,714,27572
shape_J22CWLMYJB_0,1.492396,103.805058,715,27624
shape_J22CWLMYJB_0,1.492441,103.804945,716,27638
shape_J22CWLMYJB_0,1.492499,103.804736,717,27662
shape_J22CWLMYJB_0,1.4927858568834818,103.80407689508915,718,27742
shape_J22CWLMYJB_0,1.493006439413768,103.80363756564141,719,27797
shape_J22CWLMYJB_0,1.493561,103.802528,720,27935
shape_J22CWLMYJB_0,1.493682,103.802283,721,27965
shape_J22CWLMYJB_0,1.493899,103.801955,722,28009
shape_J22CWLMYJB_0,1.494178,103.801486,723,28070
shape_J22CWLMYJB_0,1.494285,103.801285,724,28095
shape_J22CWLMYJB_0,1.4945493291733454,103.80074509937096,725,28162
shape_J22CWLMYJB_0,1.495155,103.799499,726,28316
shape_J22CWLMYJB_0,1.495514,103.798688,727,28415
shape_J22CWLMYJB_0,1.4959813077340922,103.79754864723874,728,28552
shape_J22CWLMYJB_0,1.496155,103.797072,729,28608
shape_J22CWLMYJB_0,1.496337,103.796486,730,28676
shape_J22CWLMYJB_0,1.4964784174416959,103.79594483432386,731,28738
shape_J22CWLMYJB_0,1.496712,103.794993,732,28847
shape_J22CWLMYJB_0,1.496887,103.794129,733,28945
shape_J22CWLMYJB_0,1.496957,103.793665,734,28997
shape_J22CWLMYJB_0,1.497051,103.792942,735,29078
shape_J22CWLMYJB_0,1.497113,103.792294,736,29150
shape_J22CWLMYJB_0,1.4971318787546386,103.79187514963341,737,29197
shape_J22CWLMYJB_0,1.497106,103.791113,738,29282
shape_J22CWLMYJB_0,1.497074,103.790742,739,29323
shape_J22CWLMYJB_0,1.49699,103.78998,740,29408
shape_J22CWLMYJB_0,1.496984,103.789749,741,29434
shape_J22CWLMYJB_0,1.49692,103.789142,742,29502
shape_J22CWLMYJB_0,1.4968572309439154,103.78854428587917,743,29569
shape_J22CWLMYJB_0,1.496792,103.787673,744,29666
shape_J22CWLMYJB_0,1.4967018019689668,103.78700330059435,745,29741
shape_J22CWLMYJB_0,1.49669,103.786889,746,29754
shape_J22CWLMYJB_0,1.496662,103.786653,747,29780
shape_J22CWLMYJB_0,1.49663,103.786497,748,29798
shape_J22CWLMYJB_0,1.496598,103.786405,749,29809
shape_J22CWLMYJB_0,1.4965126538676246,103.78622200582838,750,29831
shape_J22CWLMYJB_0,1.496401,103.786078,751,29851
shape_J22CWLMYJB_0,1.496248,103.785884,752,29878
shape_J22CWLMYJB_0,1.49617,103.785745,753,29896
shape_J22CWLMYJB_0,1.496129,103.785654,754,29907
shape_J22CWLMYJB_0,1.49609,103.785518,755,29923
shape_J22CWLMYJB_0,1.49606,103.78536,756,29941
shape_J22CWLMYJB_0,1.496021,103.785047,757,29976
shape_J22CWLMYJB_0,1.49598,103.78472,758,30013
shape_J22CWLMYJB_0,1.49597,103.784551,759,30032
shape_J22CWLMYJB_0,1.4959742303937504,103.78447083241942,760,30041
shape_J22CWLMYJB_0,1.49596,103.78445,761,30044
shape_J22CWLMYJB_0,1.495983,103.784304,762,30060
shape_J22CWLMYJB_0,1.495979,103.784189,763,30073
shape_J22CWLMYJB_0,1.495939,103.783926,764,30103
shape_J22CWLMYJB_0,1.495887,103.783624,765,30137
shape_J22CWLMYJB_0,1.495863,103.783494,766,30152
shape_J22CWLMYJB_0,1.495852,103.78311,767,30195
shape_J22CWLMYJB_0,1.4958243187049982,103.78277934416292,768,30232
shape_J22CWLMYJB_0,1.496158,103.782608,769,30274
shape_J22CWLMYJB_0,1.496269593527763,103.78254786011887,770,30288
shape_J22CWLMYJB_0,1.496218,103.781994,771,30350
shape_J22CWLMYJB_0,1.496158,103.781286,772,30429
shape_J22CWLMYJB_0,1.496111,103.780479,773,30519
shape_J22CWLMYJB_0,1.496054,103.7797,774,30606
shape_J22CWLMYJB_0,1.4960206703236885,103.77926029199597,775,30655
shape_J22CWLMYJB_0,1.49597,103.77853,776,30736
shape_J22CWLMYJB_0,1.49582,103.77659,777,30952
shape_J22CWLMYJB_0,1.49549,103.7722,778,31441
shape_J22CWLMYJB_0,1.495391,103.770914,779,31584
shape_J22CWLMYJB_0,1.495348,103.770501,780,31630
shape_J22CWLMYJB_0,1.495284,103.769864,781,31701
shape_J22CWLMYJB_0,1.495226,103.769153,782,31780
shape_J22CWLMYJB_0,1.495187,103.768641,783,31837
shape_J22CWLMYJB_0,1.495149,103.768195,784,31887
shape_J22CWLMYJB_0,1.495126005485946,103.76764631779099,785,31948
shape_J22CWLMYJB_0,1.495124,103.767474,786,31967
shape_J22CWLMYJB_0,1.495099,103.766854,787,32036
shape_J22CWLMYJB_0,1.49506,103.7668,788,32043
shape_J22CWLMYJB_0,1.495094,103.766693,789,32055
shape_J22CWLMYJB_0,1.4950937591824691,103.76657685706046,790,32068
shape_J22CWLMYJB_0,1.495069,103.766549,791,32072
shape_J22CWLMYJB_0,1.495048,103.766516,792,32076
shape_J22CWLMYJB_0,1.495031,103.76649,793,32079
shape_J22CWLMYJB_0,1.495016,103.766451,794,32084
shape_J22CWLMYJB_0,1.494991,103.766416,795,32089
shape_J22CWLMYJB_0,1.494957,103.766382,796,32094
shape_J22CWLMYJB_0,1.494879,103.766301,797,32107
shape_J22CWLMYJB_0,1.4944151002579011,103.76638601413822,798,32159
shape_J22CWLMYJB_0,1.49432,103.76647,799,32173
shape_J22CWLMYJB_0,1.494254,103.766415,800,32183
shape_J22CWLMYJB_0,1.493681,103.766517,801,32248
shape_J22CWLMYJB_0,1.492714,103.766693,802,32357
shape_J22CWLMYJB_0,1.492617,103.766723,803,32368
shape_J22CWLMYJB_0,1.492385,103.766759,804,32394
shape_J22CWLMYJB_0,1.491718,103.766885,805,32469
shape_J22CWLMYJB_0,1.49166,103.76699,806,32482
shape_J22CWLMYJB_0,1.491585,103.766909,807,32494
shape_J22CWLMYJB_0,1.4910223191055645,103.76701627116395,808,32558
shape_J22CWLMYJB_0,1.490664,103.767074,809,32598
shape_J22CWLMYJB_0,1.490308,103.767094,810,32638
shape_J22CWLMYJB_0,1.4901143081028783,103.76709212822435,811,32660
shape_J22CWLMYJB_0,1.4898,103.767063,812,32695
shape_J22CWLMYJB_0,1.4896533845588675,103.76704891534423,813,32711
shape_J22CWLMYJB_0,1.489176,103.766943,814,32765
shape_J22CWLMYJB_0,1.4887352212813358,103.7668110147152,815,32816
shape_J22CWLMYJB_0,1.4882483522908723,103.76666991840268,816,32872
shape_J22CWLMYJB_0,1.487416,103.766428,817,32968
shape_J22CWLMYJB_0,1.487252,103.766376,818,32987
shape_J22CWLMYJB_0,1.4868086516483359,103.76627506163072,819,33038
shape_J22CWLMYJB_0,1.48677,103.76628,820,33042
shape_J22CWLMYJB_0,1.486737,103.766261,821,33046
shape_J22CWLMYJB_0,1.486667,103.766238,822,33054
shape_J22CWLMYJB_0,1.485945,103.766026,823,33138
shape_J22CWLMYJB_0,1.485049,103.765775,824,33241
shape_J22CWLMYJB_0,1.484283,103.765553,825,33330
shape_J22CWLMYJB_0,1.483956,103.765461,826,33368
shape_J22CWLMYJB_0,1.483474,103.765334,827,33423
shape_J22CWLMYJB_0,1.482207,103.764982,828,33569
shape_J22CWLMYJB_0,1.481096,103.764677,829,33697
shape_J22CWLMYJB_0,1.48106,103.76468,830,33701
shape_J22CWLMYJB_0,1.47738,103.7637,831,34124
shape_J22CWLMYJB_0,1.477316,103.763672,832,34132
shape_J22CWLMYJB_0,1.476724,103.763516,833,34200
shape_J22CWLMYJB_0,1.47622,103.763389,834,34258
shape_J22CWLMYJB_0,1.475809,103.76328,835,34305
shape_J22CWLMYJB_0,1.475148,103.76312,836,34381
shape_J22CWLMYJB_0,1.474981,103.763066,837,34401
shape_J22CWLMYJB_0,1.474819,103.763016,838,34420
shape_J22CWLMYJB_0,1.474651,103.76298,839,34439
shape_J22CWLMYJB_0,1.474318,103.762906,840,34477
shape_J22CWLMYJB_0,1.474149,103.76287,841,34496
shape_J22CWLMYJB_0,1.473895,103.762813,842,34525
shape_J22CWLMYJB_0,1.473647,103.76276,843,34553
shape_J22CWLMYJB_0,1.473491,103.762725,844,34571
shape_J22CWLMYJB_0,1.473384,103.762712,845,34583
shape_J22CWLMYJB_0,1.473143,103.762677,846,34610
shape_J22CWLMYJB_0,1.472977,103.762648,847,34629
shape_J22CWLMYJB_0,1.4730341663148654,103.76245635276125,848,34651
shape_J22CWLMYJB_0,1.473116,103.762155,849,34686
shape_J22CWLMYJB_0,1.473191,103.76185,850,34721
shape_J22CWLMYJB_0,1.473283,103.76149,851,34762
shape_J22CWLMYJB_0,1.4733685149151314,103.76118221159291,852,34798
shape_J22CWLMYJB_0,1.4734983517307991,103.76066316625308,853,34857
shape_J22CWLMYJB_0,1.473548,103.760466,854,34880
shape_J22CWLMYJB_0,1.473617,103.76015,855,34916
shape_J22CWLMYJB_0,1.473701,103.75984,856,34952
shape_J22CWLMYJB_0,1.473834,103.759275,857,35017
shape_J22CWLMYJB_0,1.473861,103.759061,858,35041
shape_J22CWLMYJB_0,1.47387,103.758906,859,35058
shape_J22CWLMYJB_0,1.473877,103.758706,860,35080
shape_J22CWLMYJB_0,1.473862,103.758423,861,35112
shape_J22CWLMYJB_0,1.47384,103.758267,862,35130
shape_J22CWLMYJB_0,1.473814,103.758107,863,35148
shape_J22CWLMYJB_0,1.47374,103.75786,864,35177
shape_J22CWLMYJB_0,1.4736939010776362,103.75771889231923,865,35194
shape_J22CWLMYJB_0,1.473614,103.757525,866,35217
shape_J22CWLMYJB_0,1.473479,103.757241,867,35252
shape_J22CWLMYJB_0,1.473376,103.75703,868,35278
shape_J22CWLMYJB_0,1.473264,103.7568,869,35306
shape_J22CWLMYJB_0,1.473148,103.756575,870,35334
shape_J22CWLMYJB_0,1.473028,103.756347,871,35363
shape_J22CWLMYJB_0,1.472809,103.755942,872,35414
shape_J22CWLMYJB_0,1.472665,103.755668,873,35448
shape_J22CWLMYJB_0,1.472431,103.755217,874,35504
shape_J22CWLMYJB_0,1.472264,103.754904,875,35543
shape_J22CWLMYJB_0,1.472038,103.754496,876,35595
shape_J22CWLMYJB_0,1.471875,103.754203,877,35632
shape_J22CWLMYJB_0,1.471775,103.754024,878,35655
shape_J22CWLMYJB_0,1.471349,103.7534,879,35739
shape_J22CWLMYJB_0,1.471202,103.75319,880,35767
shape_J22CWLMYJB_0,1.470957,103.752895,881,35810
shape_J22CWLMYJB_0,1.4707439451830133,103.75264169663575,882,35847
shape_J22CWLMYJB_0,1.470709,103.752633,883,35851
shape_J22CWLMYJB_0,1.47068,103.752615,884,35855
shape_J22CWLMYJB_0,1.4706193241715502,103.75256635276125,885,35864
shape_J22CWLMYJB_0,1.470562,103.752507,886,35873
shape_J22CWLMYJB_0,1.470504,103.752451,887,35882
shape_J22CWLMYJB_0,1.470449,103.752388,888,35891
shape_J22CWLMYJB_0,1.470333,103.752265,889,35910
shape_J22CWLMYJB_0,1.470233,103.752155,890,35927
shape_J22CWLMYJB_0,1.47018,103.752092,891,35936
shape_J22CWLMYJB_0,1.470071,103.751971,892,35954
shape_J22CWLMYJB_0,1.470025,103.751909,893,35963
shape_J22CWLMYJB_0,1.469976,103.751838,894,35973
shape_J22CWLMYJB_0,1.469888,103.751706,895,35991
shape_J22CWLMYJB_0,1.469795,103.751577,896,36009
shape_J22CWLMYJB_0,1.469702,103.751438,897,36028
shape_J22CWLMYJB_0,1.469618747297137,103.75131728282074,898,36044
shape_J22CWLMYJB_0,1.4695646263512936,103.75124267361072,899,36054
shape_J22CWLMYJB_0,1.4695387472976602,103.75121104079867,900,36059
shape_J22CWLMYJB_0,1.469513,103.751204,901,36062
shape_J22CWLMYJB_0,1.469483,103.751193,902,36066
shape_J22CWLMYJB_0,1.469453,103.751185,903,36069
shape_J22CWLMYJB_0,1.469425,103.751179,904,36072
shape_J22CWLMYJB_0,1.469399,103.751179,905,36075
shape_J22CWLMYJB_0,1.469362,103.751177,906,36079
shape_J22CWLMYJB_0,1.469323,103.751179,907,36083
shape_J22CWLMYJB_0,1.469298,103.751182,908,36086
shape_J22CWLMYJB_0,1.469247,103.751188,909,36092
shape_J22CWLMYJB_0,1.469222,103.75119,910,36095
shape_J22CWLMYJB_0,1.4692012356316924,103.75119443435861,911,36097
shape_J22CWLMYJB_0,1.4691899558241954,103.75119975214962,912,36098
shape_J22CWLMYJB_0,1.4691528293759326,103.75121583957528,913,36102
shape_J22CWLMYJB_0,1.469026,103.751282,914,36118
shape_J22CWLMYJB_0,1.46868,103.751488,915,36163
shape_J22CWLMYJB_0,1.4684754282060135,103.75160488620232,916,36189
shape_J22CWLMYJB_0,1.467556,103.752109,917,36306
shape_J22CWLMYJB_0,1.467343,103.752233,918,36333
shape_J22CWLMYJB_0,1.4672250224953935,103.75229940108888,919,36348
shape_J22CWLMYJB_0,1.46692,103.75249,920,36388
shape_J22CWLMYJB_0,1.466878,103.752506,921,36393
shape_J22CWLMYJB_0,1.466689,103.75261,922,36417
shape_J22CWLMYJB_0,1.466551,103.75268,923,36434
shape_J22CWLMYJB_0,1.466383,103.752756,924,36455
shape_J22CWLMYJB_0,1.466085,103.752948,925,36494
shape_J22CWLMYJB_0,1.465788,103.753218,926,36539
shape_J22CWLMYJB_0,1.465532,103.753448,927,36577
shape_J22CWLMYJB_0,1.464552,103.75428,928,36720
shape_J22CWLMYJB_0,1.46453,103.75429,929,36723
shape_J22CWLMYJB_0,1.464432,103.754395,930,36739
shape_J22CWLMYJB_0,1.463777,103.75496,931,36835
shape_J22CWLMYJB_0,1.463452,103.755261,932,36884
shape_J22CWLMYJB_0,1.463188,103.755493,933,36923
shape_J22CWLMYJB_0,1.462886,103.755781,934,36969
shape_J22CWLMYJB_0,1.462739,103.755924,935,36992
shape_J22CWLMYJB_0,1.462593,103.756039,936,37013
shape_J22CWLMYJB_0,1.462164,103.75642,937,37077
shape_J22CWLMYJB_0,1.461787,103.756738,938,37132
shape_J22CWLMYJB_0,1.460997,103.757424,939,37248
shape_J22CWLMYJB_0,1.460651,103.757748,940,37301
shape_J22CWLMYJB_0,1.46062,103.75777,941,37305
shape_J22CWLMYJB_0,1.460526,103.75787,942,37320
shape_J22CWLMYJB_0,1.4601677139085858,103.75821224785041,943,37375
shape_J22CWLMYJB_0,1.459999,103.758374,944,37401
shape_J22CWLMYJB_0,1.4597401756106252,103.75858711962604,945,37438
shape_J22CWLMYJB_0,1.459642,103.758651,946,37451
shape_J22CWLMYJB_0,1.459511,103.758704,947,37467
shape_J22CWLMYJB_0,1.459362,103.758742,948,37484
shape_J22CWLMYJB_0,1.458936,103.758813,949,37532
shape_J22CWLMYJB_0,1.458602,103.758868,950,37570
shape_J22CWLMYJB_0,1.458269512862418,103.7589445478678,951,37608
shape_J22CWLMYJB_0,1.45822,103.75896,952,37614
shape_J22CWLMYJB_0,1.458019,103.758991,953,37637
shape_J22CWLMYJB_0,1.457678,103.759049,954,37675
shape_J22CWLMYJB_0,1.457257,103.759143,955,37723
shape_J22CWLMYJB_0,1.456844,103.759227,956,37770
shape_J22CWLMYJB_0,1.4568,103.75929,957,37779
shape_J22CWLMYJB_0,1.45669,103.759262,958,37792
shape_J22CWLMYJB_0,1.4562828789229834,103.75934456564143,959,37838
shape_J22CWLMYJB_0,1.455826,103.759455,960,37890
shape_J22CWLMYJB_0,1.4554622360983431,103.75953302331354,961,37931
shape_J22CWLMYJB_0,1.455462,103.759563,962,37934
shape_J22CWLMYJB_0,1.455318,103.759584,963,37950
shape_J22CWLMYJB_0,1.455002,103.759624,964,37985
shape_J22CWLMYJB_0,1.454896,103.759637,965,37997
shape_J22CWLMYJB_0,1.4549052036527401,103.7596887521496,966,38003
shape_J22CWLMYJB_0,1.454943,103.759858,967,38022
shape_J22CWLMYJB_0,1.454995,103.760101,968,38050
shape_J22CWLMYJB_0,1.455064,103.760416,969,38086
shape_J22CWLMYJB_0,1.455117,103.760703,970,38118
shape_J22CWLMYJB_0,1.455167296640002,103.76104310491085,971,38156
shape_J22CWLMYJB_0,1.455253,103.761408,972,38198
shape_J22CWLMYJB_0,1.4553566158684046,103.76179641352654,973,38243
shape_J22CWLMYJB_0,1.45546,103.76188,974,38258
shape_J22CWLMYJB_0,1.455417,103.762006,975,38273
shape_J22CWLMYJB_0,1.455476395710515,103.76220344018701,976,38296
shape_J22CWLMYJB_0,1.455567,103.762448,977,38325
shape_J22CWLMYJB_0,1.455660,103.762696,978,38354
shape_J22CWLMYJB_0,1.455734,103.762938,979,38382
shape_J22CWLMYJB_0,1.455804,103.763156,980,38407
shape_J22CWLMYJB_0,1.4558849724815983,103.7633760291419,981,38433
shape_J22CWLMYJB_0,1.455946,103.763544,982,38453
shape_J22CWLMYJB_0,1.455998,103.763673,983,38468
shape_J22CWLMYJB_0,1.456063,103.763826,984,38486
shape_J22CWLMYJB_0,1.4565183478010546,103.7648057404928,985,38606
shape_J22CWLMYJB_0,1.45652,103.76484,986,38610
shape_J22CWLMYJB_0,1.456561,103.764900,987,38618
shape_J22CWLMYJB_0,1.456715,103.765217,988,38657
shape_J22CWLMYJB_0,1.456745,103.765283,989,38665
shape_J22CWLMYJB_0,1.4568126048284895,103.7653614779272,990,38677
shape_J22CWLMYJB_0,1.4568827743676485,103.76544475797797,991,38689
shape_J22CWLMYJB_0,1.456970,103.765544,992,38704
shape_J22CWLMYJB_0,1.457030,103.765639,993,38716
shape_J22CWLMYJB_0,1.457078,103.765722,994,38727
shape_J22CWLMYJB_0,1.457134,103.765819,995,38739
shape_J22CWLMYJB_0,1.4572153246830226,103.76596718344973,996,38758
shape_J22CWLMYJB_0,1.457290,103.766098,997,38775
shape_J22CWLMYJB_0,1.457329,103.766143,998,38782
shape_J22CWLMYJB_0,1.4574370650091037,103.76626444907377,999,38800
shape_J22CWLMYJB_0,1.457599,103.766411,1000,38824
shape_J22CWLMYJB_0,1.4578326598344018,103.7665660144267,1001,38855
shape_J22CWLMYJB_0,1.4581,103.766683,1002,38887
shape_J22CWLMYJB_0,1.4583618119384425,103.76674845490214,1003,38917
shape_J22CWLMYJB_0,1.458466,103.766763,1004,38929
shape_J22CWLMYJB_0,1.458687,103.766785,1005,38954
shape_J22CWLMYJB_0,1.458773,103.766795,1006,38964
shape_J22CWLMYJB_0,1.458921,103.766833,1007,38981
shape_J22CWLMYJB_0,1.459047,103.766878,1008,38996
shape_J22CWLMYJB_0,1.4591531870758705,103.7669330233135,1009,39009
shape_J22CWLMYJB_0,1.459219,103.766974,1010,39018
shape_J22CWLMYJB_0,1.459323,103.767078,1011,39034
shape_J22CWLMYJB_0,1.4593660330127813,103.76712455398466,1012,39041
shape_J22CWLMYJB_0,1.459439,103.767159,1013,39050
shape_J22CWLMYJB_0,1.459474,103.767179,1014,39054
shape_J22CWLMYJB_0,1.459513,103.767204,1015,39059
shape_J22CWLMYJB_0,1.459542,103.767211,1016,39062
shape_J22CWLMYJB_0,1.459584,103.767214,1017,39067
shape_J22CWLMYJB_0,1.459684,103.767224,1018,39078
shape_J22CWLMYJB_0,1.459696,103.767190,1019,39082
shape_J22CWLMYJB_0,1.459722,103.767129,1020,39089
shape_J22CWLMYJB_0,1.459740,103.767105,1021,39092
shape_J22CWLMYJB_0,1.459777,103.767084,1022,39097
shape_J22CWLMYJB_0,1.459957,103.766961,1023,39121
shape_J22CWLMYJB_0,1.460112,103.766861,1024,39142
shape_J22CWLMYJB_0,1.460500,103.766609,1025,39193
shape_J22CWLMYJB_0,1.460845,103.766403,1026,39238
shape_J22CWLMYJB_0,1.460976,103.766336,1027,39254
shape_J22CWLMYJB_0,1.461110,103.766286,1028,39270
shape_J22CWLMYJB_0,1.461409,103.766166,1029,39306
shape_J22CWLMYJB_0,1.461614,103.766080,1030,39331
shape_J22CWLMYJB_0,1.461748,103.766011,1031,39348
shape_J22CWLMYJB_0,1.461976,103.765860,1032,39378
shape_J22CWLMYJB_0,1.462345,103.765643,1033,39426
shape_J22CWLMYJB_0,1.462827,103.765369,1034,39488
shape_J22CWLMYJB_0,1.463079,103.765229,1035,39520
shape_J22CWLMYJB_0,1.463493,103.765004,1036,39572
shape_J22CWLMYJB_0,1.46352,103.76496,1037,39578
shape_J22CWLMYJB_1,1.46352,103.76496,0,0
shape_J22CWLMYJB_1,1.463625,103.764933,1,12
shape_J22CWLMYJB_1,1.463977,103.764746,2,56
shape_J22CWLMYJB_1,1.46425,103.764577,3,92
shape_J22CWLMYJB_1,1.464425,103.764467,4,115
shape_J22CWLMYJB_1,1.464677,103.764276,5,150
shape_J22CWLMYJB_1,1.464914,103.764117,6,182
shape_J22CWLMYJB_1,1.46504,103.764023,7,199
shape_J22CWLMYJB_1,1.465063,103.764012,8,202
shape_J22CWLMYJB_1,1.46511,103.763979,9,208
shape_J22CWLMYJB_1,1.465134,103.763958,10,212
shape_J22CWLMYJB_1,1.465166,103.763925,11,217
shape_J22CWLMYJB_1,1.465181296669865,103.76390295337295,12,220
shape_J22CWLMYJB_1,1.4651951869838358,103.7638706588955,13,224
shape_J22CWLMYJB_1,1.465212,103.763826,14,229
shape_J22CWLMYJB_1,1.465227,103.763768,15,236
shape_J22CWLMYJB_1,1.46524,103.763701,16,244
shape_J22CWLMYJB_1,1.4652536648335137,103.76364262392518,17,251
shape_J22CWLMYJB_1,1.4652738133196839,103.7636195714698,18,254
shape_J22CWLMYJB_1,1.465299,103.76359,19,258
shape_J22CWLMYJB_1,1.465314,103.763578,20,260
shape_J22CWLMYJB_1,1.465333,103.763564,21,263
shape_J22CWLMYJB_1,1.46536,103.763542,22,267
shape_J22CWLMYJB_1,1.46539,103.763523,23,271
shape_J22CWLMYJB_1,1.465415,103.763511,24,274
shape_J22CWLMYJB_1,1.465434,103.763506,25,276
shape_J22CWLMYJB_1,1.465459,103.763504,26,279
shape_J22CWLMYJB_1,1.46548,103.763506,27,281
shape_J22CWLMYJB_1,1.465506,103.763512,28,284
shape_J22CWLMYJB_1,1.465538,103.763524,29,288
shape_J22CWLMYJB_1,1.465571,103.763535,30,292
shape_J22CWLMYJB_1,1.465591,103.763548,31,295
shape_J22CWLMYJB_1,1.465608,103.76356,32,297
shape_J22CWLMYJB_1,1.46562,103.763576,33,299
shape_J22CWLMYJB_1,1.465632,103.763589,34,301
shape_J22CWLMYJB_1,1.465635,103.763603,35,303
shape_J22CWLMYJB_1,1.465644,103.763632,36,306
shape_J22CWLMYJB_1,1.465648,103.763654,37,308
shape_J22CWLMYJB_1,1.465653,103.763679,38,311
shape_J22CWLMYJB_1,1.4656556813315083,103.76372065306714,39,316
shape_J22CWLMYJB_1,1.465658,103.763744,40,319
shape_J22CWLMYJB_1,1.46565,103.763776,41,323
shape_J22CWLMYJB_1,1.465645,103.763808,42,327
shape_J22CWLMYJB_1,1.465639,103.763825,43,329
shape_J22CWLMYJB_1,1.465632,103.763871,44,334
shape_J22CWLMYJB_1,1.465625,103.763889,45,336
shape_J22CWLMYJB_1,1.46561,103.763906,46,339
shape_J22CWLMYJB_1,1.465587,103.763923,47,342
shape_J22CWLMYJB_1,1.465545,103.763953,48,348
shape_J22CWLMYJB_1,1.465486,103.763985,49,355
shape_J22CWLMYJB_1,1.465439,103.76401,50,361
shape_J22CWLMYJB_1,1.465363,103.764055,51,371
shape_J22CWLMYJB_1,1.465306,103.764085,52,378
shape_J22CWLMYJB_1,1.4652333461655063,103.76412339355993,53,387
shape_J22CWLMYJB_1,1.465165,103.764163,54,396
shape_J22CWLMYJB_1,1.465041,103.764239,55,412
shape_J22CWLMYJB_1,1.46492,103.764315,56,428
shape_J22CWLMYJB_1,1.464822,103.764379,57,441
shape_J22CWLMYJB_1,1.464761,103.764418,58,449
shape_J22CWLMYJB_1,1.46468,103.764471,59,460
shape_J22CWLMYJB_1,1.464581,103.764541,60,473
shape_J22CWLMYJB_1,1.464502,103.764597,61,484
shape_J22CWLMYJB_1,1.464375,103.764677,62,501
shape_J22CWLMYJB_1,1.464273,103.764739,63,514
shape_J22CWLMYJB_1,1.464165,103.764803,64,528
shape_J22CWLMYJB_1,1.463859,103.764976,65,567
shape_J22CWLMYJB_1,1.463612,103.765118,66,599
shape_J22CWLMYJB_1,1.463249,103.765304,67,644
shape_J22CWLMYJB_1,1.462992,103.765445,68,677
shape_J22CWLMYJB_1,1.462677,103.765613,69,717
shape_J22CWLMYJB_1,1.462358,103.765802,70,758
shape_J22CWLMYJB_1,1.462222,103.765879,71,775
shape_J22CWLMYJB_1,1.462051,103.765986,72,797
shape_J22CWLMYJB_1,1.461924,103.76606,73,813
shape_J22CWLMYJB_1,1.461729,103.766177,74,838
shape_J22CWLMYJB_1,1.461525,103.7663,75,864
shape_J22CWLMYJB_1,1.461419,103.766347,76,877
shape_J22CWLMYJB_1,1.461199,103.766424,77,903
shape_J22CWLMYJB_1,1.4610737579403956,103.76646693865776,78,918
shape_J22CWLMYJB_1,1.460991,103.7665,79,928
shape_J22CWLMYJB_1,1.460852,103.766572,80,945
shape_J22CWLMYJB_1,1.460695,103.766667,81,965
shape_J22CWLMYJB_1,1.460539,103.766757,82,985
shape_J22CWLMYJB_1,1.460427,103.766826,83,1000
shape_J22CWLMYJB_1,1.46032,103.766889,84,1014
shape_J22CWLMYJB_1,1.460165,103.766987,85,1034
shape_J22CWLMYJB_1,1.460029,103.767068,86,1052
shape_J22CWLMYJB_1,1.459928,103.767133,87,1065
shape_J22CWLMYJB_1,1.459841,103.767186,88,1076
shape_J22CWLMYJB_1,1.4597868459458476,103.76722562946513,89,1083
shape_J22CWLMYJB_1,1.459791,103.767256,90,1086
shape_J22CWLMYJB_1,1.4598,103.767365,91,1098
shape_J22CWLMYJB_1,1.459655,103.767453,92,1117
shape_J22CWLMYJB_1,1.459595,103.767488,93,1125
shape_J22CWLMYJB_1,1.45947,103.767601,94,1144
shape_J22CWLMYJB_1,1.459401,103.767511,95,1157
shape_J22CWLMYJB_1,1.45931,103.767368,96,1176
shape_J22CWLMYJB_1,1.459266,103.767309,97,1184
shape_J22CWLMYJB_1,1.459208,103.767264,98,1192
shape_J22CWLMYJB_1,1.459151,103.767225,99,1200
shape_J22CWLMYJB_1,1.459064,103.767169,100,1212
shape_J22CWLMYJB_1,1.458974,103.767117,101,1224
shape_J22CWLMYJB_1,1.4588281825375877,103.76705098701575,102,1242
shape_J22CWLMYJB_1,1.45878,103.767032,103,1248
shape_J22CWLMYJB_1,1.458644,103.767001,104,1264
shape_J22CWLMYJB_1,1.458477,103.766971,105,1283
shape_J22CWLMYJB_1,1.458422,103.766958,106,1289
shape_J22CWLMYJB_1,1.458388,103.766959,107,1293
shape_J22CWLMYJB_1,1.4583298028894343,103.76694043914793,108,1300
shape_J22CWLMYJB_1,1.458172,103.76689,109,1318
shape_J22CWLMYJB_1,1.458062,103.766853,110,1331
shape_J22CWLMYJB_1,1.457973,103.766824,111,1341
shape_J22CWLMYJB_1,1.457861,103.766774,112,1355
shape_J22CWLMYJB_1,1.457786,103.766734,113,1364
shape_J22CWLMYJB_1,1.457618,103.766607,114,1387
shape_J22CWLMYJB_1,1.457449,103.766484,115,1410
shape_J22CWLMYJB_1,1.457244988993851,103.76634368220903,116,1438
shape_J22CWLMYJB_1,1.457129,103.766269,117,1453
shape_J22CWLMYJB_1,1.457069,103.766241,118,1460
shape_J22CWLMYJB_1,1.456958,103.766187,119,1474
shape_J22CWLMYJB_1,1.456815,103.766118,120,1492
shape_J22CWLMYJB_1,1.456717,103.766072,121,1504
shape_J22CWLMYJB_1,1.456635,103.766034,122,1514
shape_J22CWLMYJB_1,1.456518,103.765951,123,1530
shape_J22CWLMYJB_1,1.456422,103.765868,124,1544
shape_J22CWLMYJB_1,1.456358,103.765812,125,1553
shape_J22CWLMYJB_1,1.456276,103.76573,126,1566
shape_J22CWLMYJB_1,1.456154,103.765593,127,1586
shape_J22CWLMYJB_1,1.456103,103.765535,128,1595
shape_J22CWLMYJB_1,1.456042536601033,103.76543890732289,129,1608
shape_J22CWLMYJB_1,1.45602,103.7654,130,1613
shape_J22CWLMYJB_1,1.455971,103.765292,131,1626
shape_J22CWLMYJB_1,1.455854,103.764911,132,1670
shape_J22CWLMYJB_1,1.455622,103.764064,133,1768
shape_J22CWLMYJB_1,1.455419,103.763339,134,1852
shape_J22CWLMYJB_1,1.455286,103.762856,135,1908
shape_J22CWLMYJB_1,1.455202,103.762513,136,1947
shape_J22CWLMYJB_1,1.454962,103.761606,137,2051
shape_J22CWLMYJB_1,1.454892,103.761319,138,2084
shape_J22CWLMYJB_1,1.45487,103.76126,139,2091
shape_J22CWLMYJB_1,1.454791,103.760898,140,2132
shape_J22CWLMYJB_1,1.4547347253781298,103.76062309631251,141,2163
shape_J22CWLMYJB_1,1.454585,103.759803,142,2256
shape_J22CWLMYJB_1,1.4546627694123446,103.76021439078997,143,2303
shape_J22CWLMYJB_1,1.4545672966382148,103.7596981165676,144,2361
shape_J22CWLMYJB_1,1.4554633736950713,103.7595640349703,145,2462
shape_J22CWLMYJB_1,1.455462961472908,103.75953342853019,146,2465
shape_J22CWLMYJB_1,1.455853,103.759449,147,2509
shape_J22CWLMYJB_1,1.456177,103.759372,148,2546
shape_J22CWLMYJB_1,1.456291,103.759344,149,2559
shape_J22CWLMYJB_1,1.45641,103.759318,150,2573
shape_J22CWLMYJB_1,1.456624,103.759274,151,2597
shape_J22CWLMYJB_1,1.456868,103.759222,152,2625
shape_J22CWLMYJB_1,1.4570563582340017,103.75918255092623,153,2646
shape_J22CWLMYJB_1,1.45723,103.75915,154,2666
shape_J22CWLMYJB_1,1.457801,103.759028,155,2731
shape_J22CWLMYJB_1,1.45782,103.75904,156,2733
shape_J22CWLMYJB_1,1.458247,103.758948,157,2782
shape_J22CWLMYJB_1,1.458556,103.758874,158,2817
shape_J22CWLMYJB_1,1.4588488574154173,103.75881917790987,159,2850
shape_J22CWLMYJB_1,1.4593657712382206,103.75873969692424,160,2908
shape_J22CWLMYJB_1,1.4595256698773997,103.75869908159733,161,2926
shape_J22CWLMYJB_1,1.459655,103.758643,162,2942
shape_J22CWLMYJB_1,1.4599134947221108,103.75844775826643,163,2978
shape_J22CWLMYJB_1,1.45996,103.75839,164,2986
shape_J22CWLMYJB_1,1.46008,103.758295,165,3003
shape_J22CWLMYJB_1,1.460443,103.757948,166,3059
shape_J22CWLMYJB_1,1.460872,103.757534,167,3125
shape_J22CWLMYJB_1,1.461497,103.756993,168,3217
shape_J22CWLMYJB_1,1.462208,103.756383,169,3321
shape_J22CWLMYJB_1,1.46267,103.755978,170,3389
shape_J22CWLMYJB_1,1.462754,103.755913,171,3401
shape_J22CWLMYJB_1,1.463101,103.755571,172,3455
shape_J22CWLMYJB_1,1.4633859779987066,103.75532431779096,173,3497
shape_J22CWLMYJB_1,1.463642,103.755079,174,3536
shape_J22CWLMYJB_1,1.463816,103.754935,175,3561
shape_J22CWLMYJB_1,1.46386,103.75489,176,3568
shape_J22CWLMYJB_1,1.463998,103.754781,177,3588
shape_J22CWLMYJB_1,1.464362,103.754451,178,3643
shape_J22CWLMYJB_1,1.464782,103.754079,179,3705
shape_J22CWLMYJB_1,1.465095,103.753817,180,3750
shape_J22CWLMYJB_1,1.465374,103.753585,181,3790
shape_J22CWLMYJB_1,1.465742,103.753259,182,3845
shape_J22CWLMYJB_1,1.465932,103.753084,183,3874
shape_J22CWLMYJB_1,1.466018,103.753006,184,3887
shape_J22CWLMYJB_1,1.46614,103.752906,185,3905
shape_J22CWLMYJB_1,1.466425,103.752737,186,3942
shape_J22CWLMYJB_1,1.46653,103.75269,187,3955
shape_J22CWLMYJB_1,1.466659,103.752632,188,3971
shape_J22CWLMYJB_1,1.467077,103.752389,189,4025
shape_J22CWLMYJB_1,1.467312,103.752249,190,4055
shape_J22CWLMYJB_1,1.46752016495438,103.75213251901437,191,4082
shape_J22CWLMYJB_1,1.467858,103.751953,192,4125
shape_J22CWLMYJB_1,1.4681947039959513,103.75176683986376,193,4168
shape_J22CWLMYJB_1,1.468809,103.751407,194,4247
shape_J22CWLMYJB_1,1.469065,103.751261,195,4280
shape_J22CWLMYJB_1,1.46924,103.751173,196,4302
shape_J22CWLMYJB_1,1.4696281649259226,103.75095020122338,197,4352
shape_J22CWLMYJB_1,1.469735,103.751132,198,4375
shape_J22CWLMYJB_1,1.469975,103.751523,199,4426
shape_J22CWLMYJB_1,1.47017,103.751828,200,4466
shape_J22CWLMYJB_1,1.4703556593370786,103.7520660349703,201,4500
shape_J22CWLMYJB_1,1.470518,103.752245,202,4527
shape_J22CWLMYJB_1,1.470642686822595,103.7523769708581,203,4547
shape_J22CWLMYJB_1,1.470765,103.752514,204,4567
shape_J22CWLMYJB_1,1.470812,103.752551,205,4574
shape_J22CWLMYJB_1,1.470863,103.752596,206,4582
shape_J22CWLMYJB_1,1.4709710439753745,103.7527197696347,207,4600
shape_J22CWLMYJB_1,1.471089,103.752862,208,4621
shape_J22CWLMYJB_1,1.471311,103.753153,209,4662
shape_J22CWLMYJB_1,1.471461,103.753362,210,4691
shape_J22CWLMYJB_1,1.471561,103.753514,211,4711
shape_J22CWLMYJB_1,1.471602692317644,103.75358638773157,212,4720
shape_J22CWLMYJB_1,1.471633,103.753641,213,4727
shape_J22CWLMYJB_1,1.4716954121178742,103.75374934387447,214,4741
shape_J22CWLMYJB_1,1.471784,103.753906,215,4761
shape_J22CWLMYJB_1,1.471888,103.754086,216,4784
shape_J22CWLMYJB_1,1.471984,103.754252,217,4805
shape_J22CWLMYJB_1,1.472088,103.754434,218,4828
shape_J22CWLMYJB_1,1.4721778901862954,103.754593585608,219,4848
shape_J22CWLMYJB_1,1.472318,103.754836,220,4879
shape_J22CWLMYJB_1,1.472437,103.755048,221,4906
shape_J22CWLMYJB_1,1.472527,103.755215,222,4927
shape_J22CWLMYJB_1,1.472597,103.755343,223,4943
shape_J22CWLMYJB_1,1.472651,103.755446,224,4956
shape_J22CWLMYJB_1,1.472681,103.755501,225,4963
shape_J22CWLMYJB_1,1.472717,103.755568,226,4971
shape_J22CWLMYJB_1,1.472792,103.755707,227,4989
shape_J22CWLMYJB_1,1.472858,103.755826,228,5004
shape_J22CWLMYJB_1,1.4729,103.755917,229,5015
shape_J22CWLMYJB_1,1.473006,103.756117,230,5040
shape_J22CWLMYJB_1,1.473141,103.756386,231,5073
shape_J22CWLMYJB_1,1.473303,103.756694,232,5112
shape_J22CWLMYJB_1,1.47346,103.757012,233,5151
shape_J22CWLMYJB_1,1.473615,103.757332,234,5191
shape_J22CWLMYJB_1,1.473703,103.757506,235,5213
shape_J22CWLMYJB_1,1.47377,103.757667,236,5232
shape_J22CWLMYJB_1,1.473789,103.757708,237,5237
shape_J22CWLMYJB_1,1.473814,103.757763,238,5244
shape_J22CWLMYJB_1,1.473836,103.757819,239,5251
shape_J22CWLMYJB_1,1.473863,103.757879,240,5258
shape_J22CWLMYJB_1,1.473884,103.757947,241,5266
shape_J22CWLMYJB_1,1.4739008571809988,103.75800987454558,242,5273
shape_J22CWLMYJB_1,1.47392,103.758077,243,5281
shape_J22CWLMYJB_1,1.473936,103.758139,244,5288
shape_J22CWLMYJB_1,1.473955,103.758208,245,5296
shape_J22CWLMYJB_1,1.473969,103.75828,246,5304
shape_J22CWLMYJB_1,1.473978,103.758361,247,5313
shape_J22CWLMYJB_1,1.47399,103.758444,248,5322
shape_J22CWLMYJB_1,1.473998,103.758524,249,5331
shape_J22CWLMYJB_1,1.474006,103.75862,250,5342
shape_J22CWLMYJB_1,1.4740093846251492,103.75868359172486,251,5349
shape_J22CWLMYJB_1,1.474003,103.75878,252,5360
shape_J22CWLMYJB_1,1.473997,103.758881,253,5371
shape_J22CWLMYJB_1,1.473985,103.759012,254,5386
shape_J22CWLMYJB_1,1.4739740329733946,103.75908323896361,255,5394
shape_J22CWLMYJB_1,1.473961,103.759216,256,5409
shape_J22CWLMYJB_1,1.473925,103.759396,257,5429
shape_J22CWLMYJB_1,1.473887,103.759528,258,5444
shape_J22CWLMYJB_1,1.473841,103.759712,259,5465
shape_J22CWLMYJB_1,1.473811,103.759816,260,5477
shape_J22CWLMYJB_1,1.473764,103.760007,261,5499
shape_J22CWLMYJB_1,1.4737391702953055,103.76009933527614,262,5510
shape_J22CWLMYJB_1,1.473745,103.760119,263,5512
shape_J22CWLMYJB_1,1.473752,103.760134,264,5514
shape_J22CWLMYJB_1,1.473759,103.760152,265,5516
shape_J22CWLMYJB_1,1.473765,103.760179,266,5519
shape_J22CWLMYJB_1,1.473765,103.760214,267,5523
shape_J22CWLMYJB_1,1.473764,103.760246,268,5527
shape_J22CWLMYJB_1,1.473764,103.760267,269,5529
shape_J22CWLMYJB_1,1.473753,103.760303,270,5533
shape_J22CWLMYJB_1,1.473744,103.760337,271,5537
shape_J22CWLMYJB_1,1.47374,103.760364,272,5540
shape_J22CWLMYJB_1,1.47373,103.760418,273,5546
shape_J22CWLMYJB_1,1.473714,103.760506,274,5556
shape_J22CWLMYJB_1,1.473698,103.760575,275,5564
shape_J22CWLMYJB_1,1.473683,103.760658,276,5573
shape_J22CWLMYJB_1,1.473646,103.760811,277,5590
shape_J22CWLMYJB_1,1.473628,103.760889,278,5599
shape_J22CWLMYJB_1,1.4735883461567367,103.76105067055225,279,5618
shape_J22CWLMYJB_1,1.473549,103.761205,280,5636
shape_J22CWLMYJB_1,1.473492,103.761437,281,5663
shape_J22CWLMYJB_1,1.473472,103.761516,282,5672
shape_J22CWLMYJB_1,1.473434,103.761671,283,5690
shape_J22CWLMYJB_1,1.473395,103.761831,284,5708
shape_J22CWLMYJB_1,1.473339,103.762062,285,5734
shape_J22CWLMYJB_1,1.473318,103.762141,286,5743
shape_J22CWLMYJB_1,1.473279,103.762293,287,5760
shape_J22CWLMYJB_1,1.473278,103.762322,288,5763
shape_J22CWLMYJB_1,1.473285,103.762335,289,5765
shape_J22CWLMYJB_1,1.473293,103.762354,290,5767
shape_J22CWLMYJB_1,1.473315,103.762387,291,5771
shape_J22CWLMYJB_1,1.473355,103.762436,292,5778
shape_J22CWLMYJB_1,1.473367,103.76245,293,5780
shape_J22CWLMYJB_1,1.473428,103.762497,294,5789
shape_J22CWLMYJB_1,1.473481,103.762528,295,5796
shape_J22CWLMYJB_1,1.473499,103.762531,296,5798
shape_J22CWLMYJB_1,1.473586,103.762553,297,5808
shape_J22CWLMYJB_1,1.473662,103.762573,298,5817
shape_J22CWLMYJB_1,1.473745,103.762593,299,5826
shape_J22CWLMYJB_1,1.473892,103.762627,300,5843
shape_J22CWLMYJB_1,1.474142,103.76269,301,5872
shape_J22CWLMYJB_1,1.474518,103.762778,302,5915
shape_J22CWLMYJB_1,1.474673780235242,103.76281468803742,303,5933
shape_J22CWLMYJB_1,1.474755,103.762833,304,5942
shape_J22CWLMYJB_1,1.47483,103.762849,305,5951
shape_J22CWLMYJB_1,1.474911,103.762865,306,5960
shape_J22CWLMYJB_1,1.474987,103.762887,307,5969
shape_J22CWLMYJB_1,1.475064,103.762908,308,5978
shape_J22CWLMYJB_1,1.475138,103.762927,309,5986
shape_J22CWLMYJB_1,1.475185,103.762952,310,5992
shape_J22CWLMYJB_1,1.475212,103.762966,311,5995
shape_J22CWLMYJB_1,1.475273,103.762999,312,6003
shape_J22CWLMYJB_1,1.475307,103.763015,313,6007
shape_J22CWLMYJB_1,1.475363,103.763031,314,6013
shape_J22CWLMYJB_1,1.47554,103.763078,315,6033
shape_J22CWLMYJB_1,1.475722,103.763127,316,6054
shape_J22CWLMYJB_1,1.475899,103.763175,317,6074
shape_J22CWLMYJB_1,1.476081,103.763224,318,6095
shape_J22CWLMYJB_1,1.476388791216209,103.76330088037396,319,6130
shape_J22CWLMYJB_1,1.47642,103.76329,320,6134
shape_J22CWLMYJB_1,1.476445,103.763313,321,6138
shape_J22CWLMYJB_1,1.476612,103.763351,322,6157
shape_J22CWLMYJB_1,1.476952,103.76343,323,6196
shape_J22CWLMYJB_1,1.477439,103.763547,324,6252
shape_J22CWLMYJB_1,1.477669,103.763606,325,6278
shape_J22CWLMYJB_1,1.477736,103.763622,326,6286
shape_J22CWLMYJB_1,1.47788,103.76368,327,6303
shape_J22CWLMYJB_1,1.47803,103.763711,328,6320
shape_J22CWLMYJB_1,1.478204,103.763747,329,6340
shape_J22CWLMYJB_1,1.478564021973962,103.76385031779097,330,6382
shape_J22CWLMYJB_1,1.47911,103.763992,331,6445
shape_J22CWLMYJB_1,1.479283,103.764036,332,6465
shape_J22CWLMYJB_1,1.479477,103.764094,333,6488
shape_J22CWLMYJB_1,1.479827,103.764198,334,6529
shape_J22CWLMYJB_1,1.479913,103.764225,335,6539
shape_J22CWLMYJB_1,1.47998,103.764244,336,6547
shape_J22CWLMYJB_1,1.480189,103.764294,337,6571
shape_J22CWLMYJB_1,1.480407,103.76435,338,6596
shape_J22CWLMYJB_1,1.480469,103.764365,339,6603
shape_J22CWLMYJB_1,1.4805,103.76435,340,6607
shape_J22CWLMYJB_1,1.48056,103.76439,341,6615
shape_J22CWLMYJB_1,1.481273,103.764581,342,6697
shape_J22CWLMYJB_1,1.481842,103.764726,343,6762
shape_J22CWLMYJB_1,1.482716,103.764975,344,6863
shape_J22CWLMYJB_1,1.48326,103.765123,345,6926
shape_J22CWLMYJB_1,1.483437,103.765168,346,6946
shape_J22CWLMYJB_1,1.483644,103.765221,347,6970
shape_J22CWLMYJB_1,1.484034,103.765321,348,7015
shape_J22CWLMYJB_1,1.484157,103.765352,349,7029
shape_J22CWLMYJB_1,1.484512,103.765474,350,7071
shape_J22CWLMYJB_1,1.484722,103.765535,351,7095
shape_J22CWLMYJB_1,1.485232,103.765672,352,7154
shape_J22CWLMYJB_1,1.486504,103.766028,353,7301
shape_J22CWLMYJB_1,1.48652,103.76603,354,7303
shape_J22CWLMYJB_1,1.486672,103.766082,355,7321
shape_J22CWLMYJB_1,1.486892,103.766154,356,7347
shape_J22CWLMYJB_1,1.487218,103.766241,357,7385
shape_J22CWLMYJB_1,1.487327,103.766268,358,7397
shape_J22CWLMYJB_1,1.487358,103.766277,359,7401
shape_J22CWLMYJB_1,1.487435,103.766287,360,7410
shape_J22CWLMYJB_1,1.487509,103.766308,361,7419
shape_J22CWLMYJB_1,1.487599,103.766333,362,7429
shape_J22CWLMYJB_1,1.487652,103.766349,363,7435
shape_J22CWLMYJB_1,1.4878,103.766393,364,7452
shape_J22CWLMYJB_1,1.487864,103.76641,365,7459
shape_J22CWLMYJB_1,1.48808,103.766472,366,7484
shape_J22CWLMYJB_1,1.488294,103.766537,367,7509
shape_J22CWLMYJB_1,1.488463,103.766587,368,7529
shape_J22CWLMYJB_1,1.488618,103.76663,369,7547
shape_J22CWLMYJB_1,1.488786,103.76668,370,7566
shape_J22CWLMYJB_1,1.48894,103.766726,371,7584
shape_J22CWLMYJB_1,1.489107,103.766773,372,7603
shape_J22CWLMYJB_1,1.489261,103.766816,373,7621
shape_J22CWLMYJB_1,1.48939,103.766847,374,7636
shape_J22CWLMYJB_1,1.48948,103.766866,375,7646
shape_J22CWLMYJB_1,1.489644,103.766906,376,7665
shape_J22CWLMYJB_1,1.489765,103.766926,377,7679
shape_J22CWLMYJB_1,1.489915,103.766945,378,7696
shape_J22CWLMYJB_1,1.490097,103.766964,379,7716
shape_J22CWLMYJB_1,1.490248,103.766965,380,7733
shape_J22CWLMYJB_1,1.490412,103.766963,381,7751
shape_J22CWLMYJB_1,1.4905,103.766958,382,7761
shape_J22CWLMYJB_1,1.49052,103.76696,383,7763
shape_J22CWLMYJB_1,1.490545,103.766951,384,7766
shape_J22CWLMYJB_1,1.490676,103.766941,385,7781
shape_J22CWLMYJB_1,1.490813,103.766925,386,7796
shape_J22CWLMYJB_1,1.490945,103.766906,387,7811
shape_J22CWLMYJB_1,1.491019,103.766896,388,7819
shape_J22CWLMYJB_1,1.491285,103.76684,389,7849
shape_J22CWLMYJB_1,1.491478,103.7668,390,7871
shape_J22CWLMYJB_1,1.492066,103.766685,391,7938
shape_J22CWLMYJB_1,1.492139,103.766667,392,7946
shape_J22CWLMYJB_1,1.492211,103.766651,393,7954
shape_J22CWLMYJB_1,1.492408,103.766615,394,7976
shape_J22CWLMYJB_1,1.492604,103.766579,395,7998
shape_J22CWLMYJB_1,1.49274,103.766554,396,8013
shape_J22CWLMYJB_1,1.492809,103.766543,397,8021
shape_J22CWLMYJB_1,1.492935,103.766516,398,8035
shape_J22CWLMYJB_1,1.493205,103.766464,399,8066
shape_J22CWLMYJB_1,1.493341,103.766438,400,8081
shape_J22CWLMYJB_1,1.4933996648377712,103.76642468803739,401,8088
shape_J22CWLMYJB_1,1.49345,103.76645,402,8094
shape_J22CWLMYJB_1,1.493493,103.766408,403,8101
shape_J22CWLMYJB_1,1.493737,103.766364,404,8129
shape_J22CWLMYJB_1,1.493938,103.766326,405,8152
shape_J22CWLMYJB_1,1.494109,103.766293,406,8171
shape_J22CWLMYJB_1,1.494321,103.766255,407,8195
shape_J22CWLMYJB_1,1.494649,103.766192,408,8232
shape_J22CWLMYJB_1,1.494908,103.766147,409,8261
shape_J22CWLMYJB_1,1.495044,103.766119,410,8276
shape_J22CWLMYJB_1,1.495153,103.766101,411,8288
shape_J22CWLMYJB_1,1.4952115984859575,103.76672434549047,412,8358
shape_J22CWLMYJB_1,1.4952,103.76674,413,8360
shape_J22CWLMYJB_1,1.495219,103.766801,414,8367
shape_J22CWLMYJB_1,1.495253,103.767316,415,8424
shape_J22CWLMYJB_1,1.495292,103.767902,416,8489
shape_J22CWLMYJB_1,1.495331659352198,103.76842700000002,417,8548
shape_J22CWLMYJB_1,1.495349,103.768715,418,8580
shape_J22CWLMYJB_1,1.495378,103.76911,419,8624
shape_J22CWLMYJB_1,1.495392,103.769356,420,8651
shape_J22CWLMYJB_1,1.495429,103.769806,421,8701
shape_J22CWLMYJB_1,1.495485,103.770466,422,8775
shape_J22CWLMYJB_1,1.495524,103.770943,423,8828
shape_J22CWLMYJB_1,1.495577,103.771553,424,8896
shape_J22CWLMYJB_1,1.495605,103.771889,425,8933
shape_J22CWLMYJB_1,1.49563,103.772189,426,8966
shape_J22CWLMYJB_1,1.49564027481913,103.77232050124071,427,8981
shape_J22CWLMYJB_1,1.49565,103.77237,428,8987
shape_J22CWLMYJB_1,1.495675,103.772659,429,9019
shape_J22CWLMYJB_1,1.495772,103.773825,430,9149
shape_J22CWLMYJB_1,1.495833,103.77457,431,9232
shape_J22CWLMYJB_1,1.495893,103.77529,432,9312
shape_J22CWLMYJB_1,1.495923,103.77559,433,9346
shape_J22CWLMYJB_1,1.495965999999999,103.77636484540369,434,9432
shape_J22CWLMYJB_1,1.49598,103.77645,435,9442
shape_J22CWLMYJB_1,1.495979,103.77657,436,9455
shape_J22CWLMYJB_1,1.496003,103.777041,437,9507
shape_J22CWLMYJB_1,1.496021,103.777337,438,9540
shape_J22CWLMYJB_1,1.496045,103.777748,439,9586
shape_J22CWLMYJB_1,1.496074,103.778058,440,9621
shape_J22CWLMYJB_1,1.4960788902899473,103.77811006994057,441,9627
shape_J22CWLMYJB_1,1.49608,103.77817,442,9634
shape_J22CWLMYJB_1,1.496116,103.778636,443,9686
shape_J22CWLMYJB_1,1.496153,103.779212,444,9750
shape_J22CWLMYJB_1,1.496182472847353,103.77962519204807,445,9796
shape_J22CWLMYJB_1,1.496214,103.780038,446,9842
shape_J22CWLMYJB_1,1.496252,103.780594,447,9904
shape_J22CWLMYJB_1,1.4962983296763894,103.78109279877661,448,9960
shape_J22CWLMYJB_1,1.496331,103.781714,449,10029
shape_J22CWLMYJB_1,1.496336,103.781796,450,10038
shape_J22CWLMYJB_1,1.496364,103.782007,451,10062
shape_J22CWLMYJB_1,1.496389,103.782201,452,10084
shape_J22CWLMYJB_1,1.496389,103.782257,453,10090
shape_J22CWLMYJB_1,1.496392,103.782381,454,10104
shape_J22CWLMYJB_1,1.496395,103.78248,455,10115
shape_J22CWLMYJB_1,1.4964537526036659,103.78271795031452,456,10142
shape_J22CWLMYJB_1,1.496315,103.782797,457,10160
shape_J22CWLMYJB_1,1.496199,103.782856,458,10174
shape_J22CWLMYJB_1,1.496104,103.782906,459,10186
shape_J22CWLMYJB_1,1.495991,103.782973,460,10201
shape_J22CWLMYJB_1,1.4959500159153678,103.7829965423279,461,10206
shape_J22CWLMYJB_1,1.495967,103.783139,462,10222
shape_J22CWLMYJB_1,1.495984,103.783313,463,10241
shape_J22CWLMYJB_1,1.496011,103.783575,464,10270
shape_J22CWLMYJB_1,1.4960215161847255,103.78370690645741,465,10285
shape_J22CWLMYJB_1,1.4960597761905772,103.7841350025707,466,10333
shape_J22CWLMYJB_1,1.49612,103.78418,467,10341
shape_J22CWLMYJB_1,1.496067,103.784308,468,10356
shape_J22CWLMYJB_1,1.4960747032367399,103.78465967055223,469,10395
shape_J22CWLMYJB_1,1.496086,103.784801,470,10411
shape_J22CWLMYJB_1,1.496091,103.784867,471,10418
shape_J22CWLMYJB_1,1.496124,103.785003,472,10434
shape_J22CWLMYJB_1,1.496164,103.78516,473,10452
shape_J22CWLMYJB_1,1.496216,103.78528,474,10467
shape_J22CWLMYJB_1,1.496263,103.785413,475,10483
shape_J22CWLMYJB_1,1.4963410548539129,103.78562179265974,476,10508
shape_J22CWLMYJB_1,1.496367247951012,103.78569553955792,477,10517
shape_J22CWLMYJB_1,1.496435,103.785811,478,10532
shape_J22CWLMYJB_1,1.496561,103.785989,479,10556
shape_J22CWLMYJB_1,1.4966525052045743,103.78612154786775,480,10574
shape_J22CWLMYJB_1,1.496717307735692,103.78623572023771,481,10589
shape_J22CWLMYJB_1,1.496753,103.786302,482,10597
shape_J22CWLMYJB_1,1.496772,103.78637,483,10605
shape_J22CWLMYJB_1,1.4967945057682592,103.78646941104506,484,10616
shape_J22CWLMYJB_1,1.496826,103.786579,485,10629
shape_J22CWLMYJB_1,1.496847,103.786697,486,10642
shape_J22CWLMYJB_1,1.4968689780594215,103.7868103993883,487,10655
shape_J22CWLMYJB_1,1.496892,103.787008,488,10677
shape_J22CWLMYJB_1,1.4969,103.787111,489,10688
shape_J22CWLMYJB_1,1.496906,103.787223,490,10700
shape_J22CWLMYJB_1,1.496892,103.787289,491,10707
shape_J22CWLMYJB_1,1.496885,103.78738,492,10717
shape_J22CWLMYJB_1,1.496896,103.787485,493,10729
shape_J22CWLMYJB_1,1.49691,103.787635,494,10746
shape_J22CWLMYJB_1,1.496934,103.787915,495,10777
shape_J22CWLMYJB_1,1.496946,103.788097,496,10797
shape_J22CWLMYJB_1,1.4969645435959171,103.78828021198234,497,10817
shape_J22CWLMYJB_1,1.496982,103.788535,498,10845
shape_J22CWLMYJB_1,1.497033,103.78892,499,10888
shape_J22CWLMYJB_1,1.4970465819900527,103.78912052397727,500,10910
shape_J22CWLMYJB_1,1.49709,103.78918,501,10918
shape_J22CWLMYJB_1,1.497063,103.789334,502,10935
shape_J22CWLMYJB_1,1.497095,103.789737,503,10980
shape_J22CWLMYJB_1,1.497122,103.790037,504,11013
shape_J22CWLMYJB_1,1.4971370109700495,103.7901647957182,505,11027
shape_J22CWLMYJB_1,1.497139,103.790287,506,11041
shape_J22CWLMYJB_1,1.497144,103.790409,507,11055
shape_J22CWLMYJB_1,1.497163,103.790576,508,11074
shape_J22CWLMYJB_1,1.497174,103.790679,509,11086
shape_J22CWLMYJB_1,1.497184,103.79077,510,11096
shape_J22CWLMYJB_1,1.497198,103.790904,511,11111
shape_J22CWLMYJB_1,1.4972109122402633,103.7910790288534,512,11131
shape_J22CWLMYJB_1,1.497229,103.791326,513,11159
shape_J22CWLMYJB_1,1.4972424174363455,103.7915387374344,514,11183
shape_J22CWLMYJB_1,1.497253,103.791713,515,11202
shape_J22CWLMYJB_1,1.497258,103.791851,516,11217
shape_J22CWLMYJB_1,1.497239769052951,103.79209732333085,517,11244
shape_J22CWLMYJB_1,1.497216,103.792417,518,11280
shape_J22CWLMYJB_1,1.497185,103.79275,519,11317
shape_J22CWLMYJB_1,1.4971296374132002,103.79317070552254,520,11364
shape_J22CWLMYJB_1,1.4970246483830905,103.79392603497026,521,11449
shape_J22CWLMYJB_1,1.496956,103.794288,522,11490
shape_J22CWLMYJB_1,1.4968698683566493,103.79473210491085,523,11540
shape_J22CWLMYJB_1,1.496749,103.795316,524,11606
shape_J22CWLMYJB_1,1.496639,103.795796,525,11661
shape_J22CWLMYJB_1,1.4965427805885607,103.79618679265975,526,11706
shape_J22CWLMYJB_1,1.496487,103.796385,527,11729
shape_J22CWLMYJB_1,1.496377,103.796757,528,11772
shape_J22CWLMYJB_1,1.496149,103.797426,529,11851
shape_J22CWLMYJB_1,1.4959989999999894,103.79782505828383,530,11898
shape_J22CWLMYJB_1,1.495879,103.798147,531,11936
shape_J22CWLMYJB_1,1.495719,103.798569,532,11986
shape_J22CWLMYJB_1,1.495475,103.799144,533,12055
shape_J22CWLMYJB_1,1.495344,103.799442,534,12091
shape_J22CWLMYJB_1,1.495113,103.799933,535,12151
shape_J22CWLMYJB_1,1.494979,103.80017,536,12181
shape_J22CWLMYJB_1,1.494851,103.800406,537,12211
shape_J22CWLMYJB_1,1.494741,103.800655,538,12241
shape_J22CWLMYJB_1,1.494663,103.800814,539,12261
shape_J22CWLMYJB_1,1.49447,103.80118,540,12307
shape_J22CWLMYJB_1,1.494167,103.801728,541,12377
shape_J22CWLMYJB_1,1.4939471216781806,103.80212386260034,542,12427
shape_J22CWLMYJB_1,1.493678,103.802603,543,12488
shape_J22CWLMYJB_1,1.4935,103.802923,544,12529
shape_J22CWLMYJB_1,1.493245,103.803384,545,12588
shape_J22CWLMYJB_1,1.493123,103.80362,546,12618
shape_J22CWLMYJB_1,1.492852,103.804194,547,12689
shape_J22CWLMYJB_1,1.492743,103.804421,548,12717
shape_J22CWLMYJB_1,1.4927056483764962,103.80453131779099,549,12730
shape_J22CWLMYJB_1,1.492645571557365,103.80469178406142,550,12749
shape_J22CWLMYJB_1,1.4925605614832071,103.8049467607479,551,12779
shape_J22CWLMYJB_1,1.49247,103.80522,552,12811
shape_J22CWLMYJB_1,1.492454,103.80538,553,12829
shape_J22CWLMYJB_1,1.492397,103.80575,554,12871
shape_J22CWLMYJB_1,1.4923566044782965,103.80601081597327,555,12900
shape_J22CWLMYJB_1,1.492304,103.806497,556,12954
shape_J22CWLMYJB_1,1.4922759341530538,103.80686132944771,557,12995
shape_J22CWLMYJB_1,1.4922723955222137,103.80739970552256,558,13055
shape_J22CWLMYJB_1,1.4922990329234511,103.807796,559,13099
shape_J22CWLMYJB_1,1.492335,103.808102,560,13133
shape_J22CWLMYJB_1,1.492405,103.808485,561,13176
shape_J22CWLMYJB_1,1.492535,103.808963,562,13231
shape_J22CWLMYJB_1,1.492645,103.809299,563,13270
shape_J22CWLMYJB_1,1.4927423182488193,103.8095433116741,564,13299
shape_J22CWLMYJB_1,1.4928850873357333,103.80986584569375,565,13338
shape_J22CWLMYJB_1,1.4930006259695736,103.81013423619366,566,13370
shape_J22CWLMYJB_1,1.4931541316844796,103.81047964723871,567,13412
shape_J22CWLMYJB_1,1.493333,103.81091,568,13464
shape_J22CWLMYJB_1,1.4934894947504849,103.81128947238733,569,13510
shape_J22CWLMYJB_1,1.4936265386453909,103.81165681655025,570,13554
shape_J22CWLMYJB_1,1.493726,103.811927,571,13586
shape_J22CWLMYJB_1,1.493829,103.812236,572,13622
shape_J22CWLMYJB_1,1.493868,103.812352,573,13636
shape_J22CWLMYJB_1,1.493908,103.81252,574,13655
shape_J22CWLMYJB_1,1.494014,103.812931,575,13702
shape_J22CWLMYJB_1,1.494024,103.812982,576,13708
shape_J22CWLMYJB_1,1.49401,103.81302,577,13713
shape_J22CWLMYJB_1,1.494058,103.813094,578,13723
shape_J22CWLMYJB_1,1.494161,103.813473,579,13767
shape_J22CWLMYJB_1,1.4942099117247247,103.81363193282938,580,13785
shape_J22CWLMYJB_1,1.49424,103.813706,581,13794
shape_J22CWLMYJB_1,1.49432,103.813931,582,13821
shape_J22CWLMYJB_1,1.494376,103.814083,583,13839
shape_J22CWLMYJB_1,1.494414,103.81424,584,13857
shape_J22CWLMYJB_1,1.494442,103.814397,585,13875
shape_J22CWLMYJB_1,1.494453,103.814483,586,13885
shape_J22CWLMYJB_1,1.494473,103.814635,587,13902
shape_J22CWLMYJB_1,1.494486,103.814753,588,13915
shape_J22CWLMYJB_1,1.4945,103.814844,589,13925
shape_J22CWLMYJB_1,1.494514,103.814956,590,13938
shape_J22CWLMYJB_1,1.494539,103.815116,591,13956
shape_J22CWLMYJB_1,1.494562,103.815274,592,13974
shape_J22CWLMYJB_1,1.494599,103.815513,593,14001
shape_J22CWLMYJB_1,1.494635,103.815752,594,14028
shape_J22CWLMYJB_1,1.494681,103.815991,595,14055
shape_J22CWLMYJB_1,1.494699,103.816082,596,14065
shape_J22CWLMYJB_1,1.494704,103.816149,597,14072
shape_J22CWLMYJB_1,1.494721,103.816389,598,14099
shape_J22CWLMYJB_1,1.494733,103.81655,599,14117
shape_J22CWLMYJB_1,1.49474,103.816709,600,14135
shape_J22CWLMYJB_1,1.494747,103.816948,601,14162
shape_J22CWLMYJB_1,1.494748,103.817111,602,14180
shape_J22CWLMYJB_1,1.494751,103.81723,603,14193
shape_J22CWLMYJB_1,1.494753,103.817354,604,14207
shape_J22CWLMYJB_1,1.494747,103.817595,605,14234
shape_J22CWLMYJB_1,1.494745,103.817685,606,14244
shape_J22CWLMYJB_1,1.494743,103.817767,607,14253
shape_J22CWLMYJB_1,1.494746,103.81792,608,14270
shape_J22CWLMYJB_1,1.494751,103.818079,609,14288
shape_J22CWLMYJB_1,1.494748,103.818188,610,14300
shape_J22CWLMYJB_1,1.49475,103.818316,611,14314
shape_J22CWLMYJB_1,1.494742,103.818449,612,14329
shape_J22CWLMYJB_1,1.4947305496294252,103.81855411599065,613,14341
shape_J22CWLMYJB_1,1.49472,103.81859,614,14345
shape_J22CWLMYJB_1,1.494731,103.818681,615,14355
shape_J22CWLMYJB_1,1.494717,103.819078,616,14399
shape_J22CWLMYJB_1,1.494703,103.819465,617,14442
shape_J22CWLMYJB_1,1.494696,103.81973,618,14471
shape_J22CWLMYJB_1,1.494694,103.81981,619,14480
shape_J22CWLMYJB_1,1.494699,103.819931,620,14493
shape_J22CWLMYJB_1,1.494693,103.820094,621,14511
shape_J22CWLMYJB_1,1.494681,103.820343,622,14539
shape_J22CWLMYJB_1,1.494645,103.820635,623,14572
shape_J22CWLMYJB_1,1.49458,103.821331,624,14650
shape_J22CWLMYJB_1,1.494577,103.821461,625,14664
shape_J22CWLMYJB_1,1.494568,103.821726,626,14693
shape_J22CWLMYJB_1,1.494552,103.822019,627,14726
shape_J22CWLMYJB_1,1.494542,103.822171,628,14743
shape_J22CWLMYJB_1,1.494533,103.822275,629,14755
shape_J22CWLMYJB_1,1.494474,103.822688,630,14801
shape_J22CWLMYJB_1,1.494423,103.822952,631,14831
shape_J22CWLMYJB_1,1.4944575171161179,103.82299059967562,632,14837
shape_J22CWLMYJB_1,1.494407,103.823052,633,14846
shape_J22CWLMYJB_1,1.494366,103.823211,634,14864
shape_J22CWLMYJB_1,1.494343,103.823323,635,14877
shape_J22CWLMYJB_1,1.494312,103.823396,636,14886
shape_J22CWLMYJB_1,1.494283,103.823568,637,14905
shape_J22CWLMYJB_1,1.494248,103.823825,638,14934
shape_J22CWLMYJB_1,1.494188,103.824211,639,14977
shape_J22CWLMYJB_1,1.494113,103.824613,640,15022
shape_J22CWLMYJB_1,1.494055,103.824951,641,15060
shape_J22CWLMYJB_1,1.494023,103.825131,642,15080
shape_J22CWLMYJB_1,1.493958,103.825471,643,15118
shape_J22CWLMYJB_1,1.493901,103.825762,644,15151
shape_J22CWLMYJB_1,1.493747,103.826393,645,15223
shape_J22CWLMYJB_1,1.493621,103.826921,646,15283
shape_J22CWLMYJB_1,1.493438,103.827663,647,15368
shape_J22CWLMYJB_1,1.493246,103.828411,648,15454
shape_J22CWLMYJB_1,1.493111,103.828927,649,15513
shape_J22CWLMYJB_1,1.492947,103.829546,650,15584
shape_J22CWLMYJB_1,1.492737978051853,103.830388,651,15680
shape_J22CWLMYJB_1,1.492644,103.830774,652,15724
shape_J22CWLMYJB_1,1.492512,103.831283,653,15782
shape_J22CWLMYJB_1,1.492419,103.831639,654,15823
shape_J22CWLMYJB_1,1.492324,103.832001,655,15865
shape_J22CWLMYJB_1,1.492085,103.832934,656,15972
shape_J22CWLMYJB_1,1.491739,103.834339,657,16133
shape_J22CWLMYJB_1,1.491547,103.835099,658,16220
shape_J22CWLMYJB_1,1.49127,103.836217,659,16348
shape_J22CWLMYJB_1,1.490988,103.83735,660,16478
shape_J22CWLMYJB_1,1.490797,103.83812,661,16566
shape_J22CWLMYJB_1,1.490704,103.83848,662,16607
shape_J22CWLMYJB_1,1.490549,103.839068,663,16675
shape_J22CWLMYJB_1,1.490481,103.839459,664,16719
shape_J22CWLMYJB_1,1.490443,103.839633,665,16739
shape_J22CWLMYJB_1,1.49043,103.83971,666,16748
shape_J22CWLMYJB_1,1.490406,103.839851,667,16764
shape_J22CWLMYJB_1,1.490361,103.840048,668,16786
shape_J22CWLMYJB_1,1.490272,103.840318,669,16818
shape_J22CWLMYJB_1,1.4902048792598142,103.84046818344974,670,16836
shape_J22CWLMYJB_1,1.4901267910666682,103.84066862698364,671,16860
shape_J22CWLMYJB_1,1.490017,103.84088,672,16886
shape_J22CWLMYJB_1,1.489904,103.841099,673,16913
shape_J22CWLMYJB_1,1.489726,103.841416,674,16953
shape_J22CWLMYJB_1,1.489531,103.841735,675,16995
shape_J22CWLMYJB_1,1.489221,103.842215,676,17059
shape_J22CWLMYJB_1,1.488958527618156,103.84264316319465,677,17115
shape_J22CWLMYJB_1,1.4887552404932503,103.84294296560667,678,17155
shape_J22CWLMYJB_1,1.488412,103.843409,679,17219
shape_J22CWLMYJB_1,1.488303,103.843576,680,17241
shape_J22CWLMYJB_1,1.488187,103.843771,681,17266
shape_J22CWLMYJB_1,1.4880376377148852,103.84401717179298,682,17298
shape_J22CWLMYJB_1,1.487799,103.844414,683,17349
shape_J22CWLMYJB_1,1.487597,103.844759,684,17393
shape_J22CWLMYJB_1,1.487171,103.845573,685,17495
shape_J22CWLMYJB_1,1.487023,103.845849,686,17530
shape_J22CWLMYJB_1,1.486796,103.846229,687,17579
shape_J22CWLMYJB_1,1.486683,103.846399,688,17602
shape_J22CWLMYJB_1,1.485976,103.847574,689,17754
shape_J22CWLMYJB_1,1.485661,103.848087,690,17821
shape_J22CWLMYJB_1,1.485500560520196,103.84835682209014,691,17856
shape_J22CWLMYJB_1,1.485216,103.848852,692,17919
shape_J22CWLMYJB_1,1.484938,103.849343,693,17982
shape_J22CWLMYJB_1,1.48471,103.849759,694,18035
shape_J22CWLMYJB_1,1.484536,103.85009,695,18077
shape_J22CWLMYJB_1,1.4844326815329365,103.85027265583703,696,18100
shape_J22CWLMYJB_1,1.484153,103.850784,697,18165
shape_J22CWLMYJB_1,1.4838765605059252,103.85130063558196,698,18230
shape_J22CWLMYJB_1,1.483586,103.851843,699,18298
shape_J22CWLMYJB_1,1.483313,103.852349,700,18362
shape_J22CWLMYJB_1,1.483049,103.852844,701,18424
shape_J22CWLMYJB_1,1.4829017803395415,103.85310874603272,702,18458
shape_J22CWLMYJB_1,1.482682,103.853504,703,18508
shape_J22CWLMYJB_1,1.482615,103.853632,704,18524
shape_J22CWLMYJB_1,1.482486,103.853949,705,18562
shape_J22CWLMYJB_1,1.482400681479369,103.85418138161468,706,18590
shape_J22CWLMYJB_1,1.4823516485276111,103.85438992394256,707,18614
shape_J22CWLMYJB_1,1.4823089232809423,103.85458709019565,708,18636
shape_J22CWLMYJB_1,1.4822492418031168,103.8550853527613,709,18692
shape_J22CWLMYJB_1,1.4821872857373493,103.85571804662708,710,18763
shape_J22CWLMYJB_1,1.4821365054120927,103.85606573189449,711,18802
shape_J22CWLMYJB_1,1.48208,103.856321,712,18831
shape_J22CWLMYJB_1,1.4820089450807663,103.85655611656763,713,18858
shape_J22CWLMYJB_1,1.481917,103.85682,714,18889
shape_J22CWLMYJB_1,1.48174,103.857303,715,18946
shape_J22CWLMYJB_1,1.4815479450786637,103.8577763760748,716,19003
shape_J22CWLMYJB_1,1.4814351319534629,103.85798848098564,717,19030
shape_J22CWLMYJB_1,1.481265,103.858307,718,19070
shape_J22CWLMYJB_1,1.481147,103.858475,719,19093
shape_J22CWLMYJB_1,1.4809813190792716,103.85870951843738,720,19125
shape_J22CWLMYJB_1,1.4807612311823481,103.85900662334825,721,19166
shape_J22CWLMYJB_1,1.4804430878822301,103.85940474355125,722,19223
shape_J22CWLMYJB_1,1.480204,103.859726,723,19268
shape_J22CWLMYJB_1,1.4800652418908646,103.8599289877663,724,19295
shape_J22CWLMYJB_1,1.479855,103.860315,725,19344
shape_J22CWLMYJB_1,1.4796686263847694,103.86060916319468,726,19383
shape_J22CWLMYJB_1,1.479407,103.860994,727,19435
shape_J22CWLMYJB_1,1.479205,103.861251,728,19471
shape_J22CWLMYJB_1,1.4784159890128816,103.86225301165675,729,19613
shape_J22CWLMYJB_1,1.478152,103.862579,730,19660
shape_J22CWLMYJB_1,1.4779398352332798,103.86283892088412,731,19697
shape_J22CWLMYJB_1,1.477715,103.863116,732,19737
shape_J22CWLMYJB_1,1.4772793516468976,103.86368501165677,733,19817
shape_J22CWLMYJB_1,1.47689,103.864219,734,19890
shape_J22CWLMYJB_1,1.476666,103.864515,735,19931
shape_J22CWLMYJB_1,1.476305,103.865036,736,20001
shape_J22CWLMYJB_1,1.4761016593321148,103.86535340186978,737,20043
shape_J22CWLMYJB_1,1.4758937912132595,103.86571091534421,738,20089
shape_J22CWLMYJB_1,1.4755809560621174,103.86631078711987,739,20164
shape_J22CWLMYJB_1,1.475382,103.866694,740,20212
shape_J22CWLMYJB_1,1.475204,103.867031,741,20254
shape_J22CWLMYJB_1,1.475051,103.867334,742,20292
shape_J22CWLMYJB_1,1.4749224944494066,103.86760372271921,743,20325
shape_J22CWLMYJB_1,1.47482,103.86784,744,20354
shape_J22CWLMYJB_1,1.474518,103.868385,745,20423
shape_J22CWLMYJB_1,1.474353604332891,103.86869330861568,746,20462
shape_J22CWLMYJB_1,1.4741939449882648,103.86900449512385,747,20501
shape_J22CWLMYJB_1,1.474103538499217,103.86918884540368,748,20524
shape_J22CWLMYJB_1,1.4740888791601638,103.86931720122338,749,20538
shape_J22CWLMYJB_1,1.4740760824328225,103.86942625396729,750,20550
shape_J22CWLMYJB_1,1.4740740823717606,103.86955796254826,751,20565
shape_J22CWLMYJB_1,1.474093,103.869635,752,20574
shape_J22CWLMYJB_1,1.474118,103.86971,753,20583
shape_J22CWLMYJB_1,1.474161,103.869778,754,20592
shape_J22CWLMYJB_1,1.474225,103.869827,755,20601
shape_J22CWLMYJB_1,1.474295,103.869868,756,20610
shape_J22CWLMYJB_1,1.474368,103.869906,757,20619
shape_J22CWLMYJB_1,1.474439,103.869942,758,20628
shape_J22CWLMYJB_1,1.474483,103.869961,759,20633
shape_J22CWLMYJB_1,1.474522,103.869993,760,20639
shape_J22CWLMYJB_1,1.474561,103.870044,761,20646
shape_J22CWLMYJB_1,1.474573,103.87006,762,20648
shape_J22CWLMYJB_1,1.4746133244847242,103.87008142518329,763,20653
shape_J22CWLMYJB_1,1.4747727472630394,103.87016270552255,764,20673
shape_J22CWLMYJB_1,1.47509,103.87032,765,20712
shape_J22CWLMYJB_1,1.475136,103.870347,766,20718
shape_J22CWLMYJB_1,1.475209,103.870387,767,20727
shape_J22CWLMYJB_1,1.475273,103.870429,768,20736
shape_J22CWLMYJB_1,1.475342,103.870472,769,20745
shape_J22CWLMYJB_1,1.475397,103.870529,770,20754
shape_J22CWLMYJB_1,1.475452,103.870586,771,20763
shape_J22CWLMYJB_1,1.475533,103.870675,772,20776
shape_J22CWLMYJB_1,1.475604,103.87076,773,20788
shape_J22CWLMYJB_1,1.475676,103.870846,774,20800
shape_J22CWLMYJB_1,1.4757670219950771,103.87095574326274,775,20816
shape_J22CWLMYJB_1,1.4759299890106599,103.87114961226847,776,20844
shape_J22CWLMYJB_1,1.475973,103.871205,777,20852
shape_J22CWLMYJB_1,1.476014,103.871272,778,20861
shape_J22CWLMYJB_1,1.47605,103.87133,779,20869
shape_J22CWLMYJB_1,1.4761606703297265,103.87144135858965,780,20886
shape_J22CWLMYJB_1,1.4762340659345692,103.87151735858963,781,20898
shape_J22CWLMYJB_1,1.476343,103.871641,782,20916
shape_J22CWLMYJB_1,1.476446,103.871764,783,20934
shape_J22CWLMYJB_1,1.476572,103.871917,784,20956
shape_J22CWLMYJB_1,1.4766065989027584,103.8719584285302,785,20962
shape_J22CWLMYJB_1,1.4767,103.872053,786,20977
shape_J22CWLMYJB_1,1.4767926813181158,103.87215367055227,787,20992
shape_J22CWLMYJB_1,1.4768170274714114,103.87213251318597,788,20996
shape_J22CWLMYJB_1,1.476886,103.872071,789,21006
shape_J22CWLMYJB_1,1.477028,103.871944,790,21027
shape_J22CWLMYJB_1,1.477138,103.871844,791,21044
shape_J22CWLMYJB_1,1.477236,103.871748,792,21059
shape_J22CWLMYJB_1,1.477315,103.871675,793,21071
shape_J22CWLMYJB_1,1.477466395664351,103.87154157146978,794,21093
shape_J22CWLMYJB_1,1.47764,103.87139,795,21119
shape_J22CWLMYJB_1,1.478203,103.870886,796,21203
shape_J22CWLMYJB_1,1.478499,103.87062,797,21247
shape_J22CWLMYJB_1,1.478572,103.870555,798,21258
shape_J22CWLMYJB_1,1.478663,103.870496,799,21270
shape_J22CWLMYJB_1,1.478791,103.870412,800,21287
shape_J22CWLMYJB_1,1.478965,103.870258,801,21313
shape_J22CWLMYJB_1,1.479266,103.869983,802,21358
shape_J22CWLMYJB_1,1.4796393406573365,103.8696246588955,803,21416
shape_J22CWLMYJB_1,1.47965,103.86961,804,21418
shape_J22CWLMYJB_1,1.479711,103.869551,805,21427
shape_J22CWLMYJB_1,1.479822,103.869443,806,21444
shape_J22CWLMYJB_1,1.479953,103.869314,807,21464
shape_J22CWLMYJB_1,1.480135,103.869148,808,21491
shape_J22CWLMYJB_1,1.480257,103.869035,809,21509
shape_J22CWLMYJB_1,1.4803556866964767,103.86894682237862,810,21524
shape_J22CWLMYJB_1,1.480719664835839,103.8686279766865,811,21578
shape_J22CWLMYJB_1,1.480864,103.868502,812,21599
shape_J22CWLMYJB_1,1.481016,103.868368,813,21622
shape_J22CWLMYJB_1,1.481243,103.86817,814,21655
shape_J22CWLMYJB_1,1.481405,103.86803,815,21679
shape_J22CWLMYJB_1,1.481519,103.867934,816,21696
shape_J22CWLMYJB_1,1.481608,103.867859,817,21709
shape_J22CWLMYJB_1,1.4817060274603238,103.86776464141035,818,21724
shape_J22CWLMYJB_1,1.481792,103.867624,819,21742
shape_J22CWLMYJB_1,1.481816,103.867571,820,21748
shape_J22CWLMYJB_1,1.481857,103.867479,821,21759
shape_J22CWLMYJB_1,1.481909,103.867297,822,21780
shape_J22CWLMYJB_1,1.4819841977100394,103.86700644047546,823,21813
shape_J22CWLMYJB_1,1.48204,103.866806,824,21836
shape_J22CWLMYJB_1,1.482074,103.866716,825,21847
shape_J22CWLMYJB_1,1.482101351639616,103.86666631779097,826,21853
shape_J22CWLMYJB_1,1.4821443240208287,103.86662203997648,827,21860
shape_J22CWLMYJB_1,1.48216,103.86661,828,21862
shape_J22CWLMYJB_1,1.482223,103.866546,829,21872
shape_J22CWLMYJB_1,1.482335,103.866432,830,21890
shape_J22CWLMYJB_1,1.482361807622151,103.86640900888683,831,21894
shape_J22CWLMYJB_1,1.482503,103.86656,832,21917
shape_J22CWLMYJB_1,1.4825853131972366,103.8666547404928,833,21931
shape_J22CWLMYJB_1,1.48262,103.866687,834,21936
shape_J22CWLMYJB_1,1.4827,103.866751,835,21947
shape_J22CWLMYJB_1,1.482792,103.866824,836,21960
shape_J22CWLMYJB_1,1.4829377032767268,103.86694501748514,837,21981
shape_J22CWLMYJB_1,1.482982,103.86698,838,21987
shape_J22CWLMYJB_1,1.483053,103.86708,839,22001
shape_J22CWLMYJB_1,1.483082,103.86712,840,22006
shape_J22CWLMYJB_1,1.483299120619026,103.8674137110624,841,22047
shape_J22CWLMYJB_1,1.48329,103.86748,842,22054
shape_J22CWLMYJB_1,1.483357,103.867499,843,22062
shape_J22CWLMYJB_1,1.483479,103.867638,844,22083
shape_J22CWLMYJB_1,1.483575,103.867753,845,22100
shape_J22CWLMYJB_1,1.48368,103.867879,846,22118
shape_J22CWLMYJB_1,1.4838009725444354,103.86801871717928,847,22139
shape_J22CWLMYJB_1,1.4839945550159401,103.86824910214092,848,22172
shape_J22CWLMYJB_1,1.48424,103.8685,849,22211
shape_J22CWLMYJB_1,1.4845584285067097,103.8688130233135,850,22261
shape_J22CWLMYJB_1,1.4848223186916099,103.86901604662704,851,22298
shape_J22CWLMYJB_1,1.4850268350438918,103.86917372883609,852,22327
shape_J22CWLMYJB_1,1.4852479009264572,103.8693253411045,853,22357
shape_J22CWLMYJB_1,1.485303203642124,103.86936184263374,854,22364
shape_J22CWLMYJB_1,1.485362,103.869386,855,22371
shape_J22CWLMYJB_1,1.485414,103.869402,856,22377
shape_J22CWLMYJB_1,1.485453,103.86941,857,22381
shape_J22CWLMYJB_1,1.485495,103.869414,858,22386
shape_J22CWLMYJB_1,1.485535,103.869413,859,22390
shape_J22CWLMYJB_1,1.485591,103.869402,860,22396
shape_J22CWLMYJB_1,1.485618,103.869388,861,22399
shape_J22CWLMYJB_1,1.485651,103.869369,862,22403
shape_J22CWLMYJB_1,1.485678,103.869349,863,22407
shape_J22CWLMYJB_1,1.485713,103.869313,864,22413
shape_J22CWLMYJB_1,1.485763,103.869257,865,22421
shape_J22CWLMYJB_1,1.48586,103.869137,866,22438
shape_J22CWLMYJB_1,1.48604,103.868913,867,22470
shape_J22CWLMYJB_1,1.486148,103.868779,868,22489
shape_J22CWLMYJB_1,1.48625,103.868649,869,22507
shape_J22CWLMYJB_1,1.486297,103.868593,870,22515
shape_J22CWLMYJB_1,1.4863049396103416,103.868581682209,871,22517
shape_J22CWLMYJB_1,1.486346,103.868618,872,22523
shape_J22CWLMYJB_1,1.486471,103.868717,873,22541
shape_J22CWLMYJB_1,1.486577,103.86879,874,22555
shape_J22CWLMYJB_1,1.486872,103.868989,875,22595
shape_J22CWLMYJB_1,1.4871216145445993,103.86915811045074,876,22629
shape_J22CWLMYJB_1,1.487380714242209,103.86933530613423,877,22664
shape_J22CWLMYJB_1,1.487606758467723,103.86948468526745,878,22694
shape_J22CWLMYJB_1,1.48791,103.86969,879,22735
shape_J22CWLMYJB_1,1.488185,103.869854,880,22771
shape_J22CWLMYJB_1,1.48845,103.870016,881,22806
shape_J22CWLMYJB_1,1.488691416482324,103.87016418344977,882,22837
shape_J22CWLMYJB_1,1.488979,103.870347,883,22875
shape_J22CWLMYJB_1,1.4890860164661215,103.87041741687344,884,22889
shape_J22CWLMYJB_1,1.4891572692988588,103.8704608426337,885,22898
shape_J22CWLMYJB_1,1.489279,103.870302,886,22920
shape_J22CWLMYJB_1,1.489732,103.869701,887,23004
shape_J22CWLMYJB_1,1.48989252688251,103.86948763004207,888,23034
shape_J22CWLMYJB_1,1.4903770658574416,103.86884922453689,889,23123
shape_J22CWLMYJB_1,1.49061,103.868546,890,23166
shape_J22CWLMYJB_1,1.490818802035359,103.868277635582,891,23204
shape_J22CWLMYJB_1,1.4913351093409515,103.86764087839359,892,23295
shape_J22CWLMYJB_1,1.49136,103.8676,893,23300
shape_J22CWLMYJB_1,1.491426,103.867529,894,23311
shape_J22CWLMYJB_1,1.491574,103.867351,895,23337
shape_J22CWLMYJB_1,1.491622,103.867297,896,23345
shape_J22CWLMYJB_1,1.491661,103.867224,897,23354
shape_J22CWLMYJB_1,1.491733,103.8671,898,23370
shape_J22CWLMYJB_1,1.491805,103.867,899,23384
shape_J22CWLMYJB_1,1.491876,103.867057,900,23394
shape_J22CWLMYJB_1,1.491925,103.867096,901,23401
shape_J22CWLMYJB_1,1.4919758623837198,103.86713075797796,902,23408
shape_J22CWLMYJB_1,1.4921664069350369,103.86726788649082,903,23434
shape_J22CWLMYJB_1,1.49244,103.86747,904,23472
shape_J22CWLMYJB_1,1.492508,103.867533,905,23482
shape_J22CWLMYJB_1,1.492697,103.867678,906,23508
shape_J22CWLMYJB_1,1.492934,103.867859,907,23541
shape_J22CWLMYJB_1,1.4931056428902343,103.86799115736629,908,23565
shape_J22CWLMYJB_1,1.493468,103.868268,909,23616
shape_J22CWLMYJB_1,1.493735999041875,103.86847606382368,910,23654
shape_J22CWLMYJB_1,1.494102,103.868752,911,23705
shape_J22CWLMYJB_1,1.4946507147201888,103.86916236747648,912,23781
shape_J22CWLMYJB_1,1.494906,103.869369,913,23818
shape_J22CWLMYJB_1,1.495115285269998,103.86954806134224,914,23849
shape_J22CWLMYJB_1,1.495062,103.869638,915,23861
shape_J22CWLMYJB_1,1.494937,103.869792,916,23883
shape_J22CWLMYJB_1,1.494789,103.869963,917,23908
shape_J22CWLMYJB_1,1.494533,103.870251,918,23951
shape_J22CWLMYJB_1,1.494427,103.870366,919,23968
shape_J22CWLMYJB_1,1.494374,103.870428,920,23977
shape_J22CWLMYJB_1,1.494323,103.87049,921,23986
shape_J22CWLMYJB_1,1.494275,103.870551,922,23995
shape_J22CWLMYJB_1,1.494206,103.870642,923,24008
shape_J22CWLMYJB_1,1.494116,103.870731,924,24022
shape_J22CWLMYJB_1,1.49405,103.870784,925,24031
shape_J22CWLMYJB_1,1.494006,103.870793,926,24036
shape_J22CWLMYJB_1,1.493976,103.870806,927,24040
shape_J22CWLMYJB_1,1.4939128134592703,103.87087883374691,928,24051
shape_J22CWLMYJB_1,1.493749,103.871077,929,24080
shape_J22CWLMYJB_1,1.4936363351622057,103.87120503497026,930,24099
shape_J22CWLMYJB_1,1.493513,103.871345,931,24120
shape_J22CWLMYJB_1,1.493345,103.871533,932,24148
shape_J22CWLMYJB_1,1.4932057311461877,103.87168901165676,933,24171
shape_J22CWLMYJB_1,1.492687,103.872277,934,24258
shape_J22CWLMYJB_1,1.492543,103.872431,935,24281
shape_J22CWLMYJB_1,1.492442,103.872539,936,24297
shape_J22CWLMYJB_1,1.4923267425447335,103.87266390062906,937,24316
shape_J22CWLMYJB_1,1.492178,103.872822,938,24340
shape_J22CWLMYJB_1,1.492034,103.872976,939,24363
shape_J22CWLMYJB_1,1.491898,103.873103,940,24384
shape_J22CWLMYJB_1,1.4917275664889946,103.87325154786781,941,24409
shape_J22CWLMYJB_1,1.491323,103.873616,942,24470
shape_J22CWLMYJB_1,1.4909359784526277,103.8739655012407,943,24528
shape_J22CWLMYJB_1,1.490554,103.874336,944,24587
shape_J22CWLMYJB_1,1.490253,103.874621,945,24633
shape_J22CWLMYJB_1,1.489891,103.874953,946,24688
shape_J22CWLMYJB_1,1.489580044641886,103.87523661339165,947,24735
shape_J22CWLMYJB_1,1.4891510219546928,103.87562911656761,948,24800
shape_J22CWLMYJB_1,1.4888,103.87596,949,24854
shape_J22CWLMYJB_1,1.4882,103.876495,950,24943
shape_J22CWLMYJB_1,1.487482,103.877106,951,25048
shape_J22CWLMYJB_1,1.486927,103.877581,952,25129
shape_J22CWLMYJB_1,1.486485,103.877977,953,25195
shape_J22CWLMYJB_1,1.48606,103.878361,954,25259
shape_J22CWLMYJB_1,1.485631,103.878748,955,25323
shape_J22CWLMYJB_1,1.48532,103.87907,956,25373
shape_J22CWLMYJB_1,1.4849430000000003,103.87946498834322,957,25434
shape_J22CWLMYJB_1,1.4849601649556177,103.87951618373823,958,25440
shape_J22CWLMYJB_1,1.4849594834094908,103.87955719262503,959,25445
shape_J22CWLMYJB_1,1.484944,103.879606,960,25451
shape_J22CWLMYJB_1,1.484887,103.879689,961,25462
shape_J22CWLMYJB_1,1.484796,103.879814,962,25479
shape_J22CWLMYJB_1,1.484693,103.879936,963,25497
shape_J22CWLMYJB_1,1.484549,103.880094,964,25521
shape_J22CWLMYJB_1,1.4844578746233779,103.88019835465506,965,25536
shape_J22CWLMYJB_1,1.48444,103.88021,966,25538
shape_J22CWLMYJB_1,1.484426609484711,103.88023834139298,967,25541
shape_J22CWLMYJB_1,1.484359,103.880306,968,25552
shape_J22CWLMYJB_1,1.484308,103.880363,969,25561
shape_J22CWLMYJB_1,1.484246,103.880438,970,25572
shape_J22CWLMYJB_1,1.4842058183670965,103.88048046961737,971,25578
shape_J22CWLMYJB_1,1.484145,103.880536,972,25587
shape_J22CWLMYJB_1,1.484109,103.880569,973,25592
shape_J22CWLMYJB_1,1.484089,103.880584,974,25595
shape_J22CWLMYJB_1,1.484072,103.880589,975,25597
shape_J22CWLMYJB_1,1.484052,103.880588,976,25599
shape_J22CWLMYJB_1,1.484032,103.880586,977,25601
shape_J22CWLMYJB_1,1.483998,103.880575,978,25605
shape_J22CWLMYJB_1,1.483984,103.880572,979,25607
shape_J22CWLMYJB_1,1.4839280606115197,103.88063615153789,980,25616
shape_J22CWLMYJB_1,1.483776,103.88084,981,25644
shape_J22CWLMYJB_1,1.4836424289193206,103.88101534081602,982,25669
shape_J22CWLMYJB_1,1.4834844728415328,103.88122147486881,983,25698
shape_J22CWLMYJB_1,1.4833735991358696,103.88136967609215,984,25719
shape_J22CWLMYJB_1,1.4832581925810635,103.8815249122858,985,25741
shape_J22CWLMYJB_1,1.4831127858347712,103.8817287898898,986,25769
shape_J22CWLMYJB_1,1.482882,103.882073,987,25815
shape_J22CWLMYJB_1,1.4826927473861713,103.88236526504706,988,25854
shape_J22CWLMYJB_1,1.48243,103.8828,989,25910
shape_J22CWLMYJB_1,1.4822744177052807,103.88308782209013,990,25946
shape_J22CWLMYJB_1,1.48213,103.88336,991,25980
shape_J22CWLMYJB_1,1.481844,103.883916,992,26050
shape_J22CWLMYJB_1,1.4816899671962807,103.88425778100301,993,26092
shape_J22CWLMYJB_1,1.481461967046949,103.88474732944775,994,26152
shape_J22CWLMYJB_1,1.481275,103.885123,995,26199
shape_J22CWLMYJB_1,1.4811933957139465,103.88526699388315,996,26217
shape_J22CWLMYJB_1,1.480796,103.886063,997,26316
shape_J22CWLMYJB_1,1.480528,103.886595,998,26382
shape_J22CWLMYJB_1,1.480485,103.886693,999,26394
shape_J22CWLMYJB_1,1.480245340656972,103.88713135276127,1000,26450
shape_J22CWLMYJB_1,1.480082,103.887379,1001,26483
shape_J22CWLMYJB_1,1.479871,103.887697,1002,26525
shape_J22CWLMYJB_1,1.4797915384983749,103.8878073613596,1003,26540
shape_J22CWLMYJB_1,1.479403,103.888348,1004,26614
shape_J22CWLMYJB_1,1.479294054931606,103.88849122147846,1005,26634
shape_J22CWLMYJB_1,1.47904,103.888789,1006,26678
shape_J22CWLMYJB_1,1.4787490440146525,103.88905991534422,1007,26722
shape_J22CWLMYJB_1,1.478416,103.889371,1008,26773
shape_J22CWLMYJB_1,1.478166,103.889599,1009,26811
shape_J22CWLMYJB_1,1.478014,103.889724,1010,26833
shape_J22CWLMYJB_1,1.4777368902052224,103.88993248958397,1011,26872
shape_J22CWLMYJB_1,1.4774188461378253,103.89014470552254,1012,26915
shape_J22CWLMYJB_1,1.477038,103.890369,1013,26964
shape_J22CWLMYJB_1,1.476833,103.890477,1014,26990
shape_J22CWLMYJB_1,1.476628,103.890578,1015,27015
shape_J22CWLMYJB_1,1.476361,103.8907,1016,27048
shape_J22CWLMYJB_1,1.476135,103.890798,1017,27075
shape_J22CWLMYJB_1,1.4759124065689848,103.89088013682273,1018,27101
shape_J22CWLMYJB_1,1.475537,103.891023,1019,27146
shape_J22CWLMYJB_1,1.4752953076376945,103.89111202025511,1020,27175
shape_J22CWLMYJB_1,1.475104,103.891184,1021,27198
shape_J22CWLMYJB_1,1.474919,103.891238,1022,27219
shape_J22CWLMYJB_1,1.474715197874332,103.8912892828207,1023,27242
shape_J22CWLMYJB_1,1.47433,103.891372,1024,27286
shape_J22CWLMYJB_1,1.474228000000011,103.89139269386578,1025,27298
shape_J22CWLMYJB_1,1.473849,103.891455,1026,27341
shape_J22CWLMYJB_1,1.47355106572814,103.89150369080734,1027,27375
shape_J22CWLMYJB_1,1.473099,103.891529,1028,27425
shape_J22CWLMYJB_1,1.472753812849709,103.8915555159559,1029,27463
shape_J22CWLMYJB_1,1.472383,103.891532,1030,27504
shape_J22CWLMYJB_1,1.472097010877962,103.89150384846211,1031,27536
shape_J22CWLMYJB_1,1.4717992307312266,103.89144141104511,1032,27570
shape_J22CWLMYJB_1,1.4711105385496197,103.89122220122337,1033,27650
shape_J22CWLMYJB_1,1.4698835165805573,103.89076531779101,1034,27796
shape_J22CWLMYJB_1,1.469476,103.890592,1035,27845
shape_J22CWLMYJB_1,1.468941043982678,103.89033210796931,1036,27911
shape_J22CWLMYJB_1,1.468424,103.890071,1037,27975
shape_J22CWLMYJB_1,1.4680223956468306,103.8898829417162,1038,28024
shape_J22CWLMYJB_1,1.467501,103.889633,1039,28088
shape_J22CWLMYJB_1,1.467343039234407,103.88956073743442,1040,28107
shape_J22CWLMYJB_1,1.467289,103.889562,1041,28113
shape_J22CWLMYJB_1,1.46721,103.889554,1042,28122
shape_J22CWLMYJB_1,1.466968,103.889541,1043,28149
shape_J22CWLMYJB_1,1.466810505110611,103.88953601165676,1044,28167
shape_J22CWLMYJB_1,1.466726,103.889538,1045,28176
shape_J22CWLMYJB_1,1.466646,103.889543,1046,28185
shape_J22CWLMYJB_1,1.466567,103.88955,1047,28194
shape_J22CWLMYJB_1,1.4664841372048296,103.88956834693289,1048,28203
shape_J22CWLMYJB_1,1.4663347968099048,103.8896067463212,1049,28220
shape_J22CWLMYJB_1,1.46618,103.889657,1050,28238
shape_J22CWLMYJB_1,1.4659970109983034,103.88972669386578,1051,28260
shape_J22CWLMYJB_1,1.465662,103.889886,1052,28301
shape_J22CWLMYJB_1,1.4653772630797333,103.89002188897226,1053,28336
shape_J22CWLMYJB_1,1.464973989000761,103.89021563558198,1054,28386
shape_J22CWLMYJB_1,1.464372,103.890516,1055,28461
shape_J22CWLMYJB_1,1.464078,103.890665,1056,28498
shape_J22CWLMYJB_1,1.463842,103.890792,1057,28528
shape_J22CWLMYJB_1,1.4637040433151607,103.89088640798664,1058,28547
shape_J22CWLMYJB_1,1.4635398356922535,103.89101734416293,1059,28570
shape_J22CWLMYJB_1,1.463433,103.891136,1060,28588
shape_J22CWLMYJB_1,1.463337,103.891263,1061,28606
shape_J22CWLMYJB_1,1.4632556703335966,103.89141002331354,1062,28625
shape_J22CWLMYJB_1,1.463184,103.891547,1063,28642
shape_J22CWLMYJB_1,1.46311,103.89169,1064,28660
shape_J22CWLMYJB_1,1.4630493516682759,103.89181153926941,1065,28675
shape_J22CWLMYJB_1,1.462879,103.892206,1066,28723
shape_J22CWLMYJB_1,1.4627131092717989,103.89260596445273,1067,28771
shape_J22CWLMYJB_1,1.462382,103.893393,1068,28866
shape_J22CWLMYJB_1,1.462189,103.893855,1069,28922
shape_J22CWLMYJB_1,1.461959,103.894421,1070,28990
shape_J22CWLMYJB_1,1.461713,103.895029,1071,29063
shape_J22CWLMYJB_1,1.4617087693535662,103.89505129753587,1072,29066
shape_J22CWLMYJB_1,1.461698,103.895126,1073,29074
shape_J22CWLMYJB_1,1.4616906593318748,103.89517598834324,1074,29080
shape_J22CWLMYJB_1,1.461686,103.8952,1075,29083
shape_J22CWLMYJB_1,1.461687,103.895227,1076,29086
shape_J22CWLMYJB_1,1.461686,103.895258,1077,29089
shape_J22CWLMYJB_1,1.461693,103.895297,1078,29093
shape_J22CWLMYJB_1,1.461698,103.895325,1079,29096
shape_J22CWLMYJB_1,1.461707,103.895356,1080,29100
shape_J22CWLMYJB_1,1.461721,103.895389,1081,29104
shape_J22CWLMYJB_1,1.461731,103.895406,1082,29106
shape_J22CWLMYJB_1,1.461746,103.89543,1083,29109
shape_J22CWLMYJB_1,1.461759,103.895452,1084,29112
shape_J22CWLMYJB_1,1.461787,103.895474,1085,29116
shape_J22CWLMYJB_1,1.461806,103.89549,1086,29119
shape_J22CWLMYJB_1,1.4618380770143595,103.89551834110449,1087,29124
shape_J22CWLMYJB_1,1.461881,103.895547,1088,29130
shape_J22CWLMYJB_1,1.461936,103.895584,1089,29137
shape_J22CWLMYJB_1,1.462007,103.89562,1090,29146
shape_J22CWLMYJB_1,1.462107,103.895664,1091,29158
shape_J22CWLMYJB_1,1.462207,103.895708,1092,29170
shape_J22CWLMYJB_1,1.462368,103.895777,1093,29189
shape_J22CWLMYJB_1,1.462609,103.895881,1094,29218
shape_J22CWLMYJB_1,1.462774,103.895959,1095,29238
shape_J22CWLMYJB_1,1.4629452852979579,103.89604682209016,1096,29259
shape_J22CWLMYJB_1,1.46321,103.89618,1097,29292
shape_J22CWLMYJB_1,1.463291,103.896223,1098,29302
shape_J22CWLMYJB_1,1.463748,103.896417,1099,29357
shape_J22CWLMYJB_1,1.464054,103.896567,1100,29395
shape_J22CWLMYJB_1,1.464512,103.896779,1101,29451
shape_J22CWLMYJB_1,1.4646,103.896824,1102,29462
shape_J22CWLMYJB_1,1.464633,103.896851,1103,29467
shape_J22CWLMYJB_1,1.464723,103.896879,1104,29477
shape_J22CWLMYJB_1,1.46497,103.896988,1105,29507
shape_J22CWLMYJB_1,1.465459,103.897211,1106,29567
shape_J22CWLMYJB_1,1.465848,103.89738,1107,29614
shape_J22CWLMYJB_1,1.466226,103.897546,1108,29660
shape_J22CWLMYJB_1,1.466402,103.897633,1109,29682
shape_J22CWLMYJB_1,1.46642,103.89763,1110,29684
shape_J22CWLMYJB_1,1.466454,103.89766,1111,29689
shape_J22CWLMYJB_1,1.466717,103.897781,1112,29721
shape_J22CWLMYJB_1,1.466846,103.897842,1113,29737
shape_J22CWLMYJB_1,1.466922,103.897879,1114,29746
shape_J22CWLMYJB_1,1.4670418572880977,103.89795108159731,1115,29762
shape_J22CWLMYJB_1,1.466999,103.898027,1116,29772
shape_J22CWLMYJB_1,1.466954,103.898127,1117,29784
shape_J22CWLMYJB_1,1.466876,103.898295,1118,29805
shape_J22CWLMYJB_1,1.4668089832444826,103.89844518927812,1119,29823
shape_J22CWLMYJB_1,1.466645,103.898809,1120,29867
shape_J22CWLMYJB_1,1.4665898625278901,103.89893181320332,1121,29882
shape_J22CWLMYJB_1,1.466466,103.899204,1122,29915
shape_J22CWLMYJB_1,1.4663259725049567,103.89951436441802,1123,29953
shape_J22CWLMYJB_1,1.466257,103.899669,1124,29972
shape_J22CWLMYJB_1,1.4662,103.899797,1125,29988
shape_J22CWLMYJB_1,1.466092,103.900031,1126,30017
shape_J22CWLMYJB_1,1.466017,103.900204,1127,30038
shape_J22CWLMYJB_1,1.4659559725041298,103.90032873160602,1128,30053
shape_J22CWLMYJB_1,1.465845,103.900564,1129,30082
shape_J22CWLMYJB_1,1.4657650109985183,103.90072371135093,1130,30102
shape_J22CWLMYJB_1,1.4657975438502782,103.90072993588782,1131,30106
shape_J22CWLMYJB_1,1.465822,103.900736,1132,30109
shape_J22CWLMYJB_1,1.465842,103.900742,1133,30111
shape_J22CWLMYJB_1,1.465856,103.900749,1134,30113
shape_J22CWLMYJB_1,1.4658653516640545,103.90075666472384,1135,30114
shape_J22CWLMYJB_1,1.465875,103.900765,1136,30115
shape_J22CWLMYJB_1,1.465887,103.900779,1137,30117
shape_J22CWLMYJB_1,1.4658923406655997,103.90078999999999,1138,30118
shape_J22CWLMYJB_1,1.465903,103.900802,1139,30120
shape_J22CWLMYJB_1,1.465906,103.900813,1140,30121
shape_J22CWLMYJB_1,1.465906,103.90083,1141,30123
shape_J22CWLMYJB_1,1.4659023351664093,103.9008503411045,1142,30125
shape_J22CWLMYJB_1,1.465902,103.900864,1143,30127
shape_J22CWLMYJB_1,1.465896,103.900876,1144,30128
shape_J22CWLMYJB_1,1.4658862911727737,103.90090702914189,1145,30132
shape_J22CWLMYJB_1,1.465873939508693,103.90094100000002,1146,30136
shape_J22CWLMYJB_1,1.4658499670046714,103.9010023236194,1147,30143
shape_J22CWLMYJB_1,1.4658156703328158,103.90109101165679,1148,30154
shape_J22CWLMYJB_1,1.465749011288369,103.9012362755208,1149,30172
shape_J22CWLMYJB_1,1.46583,103.90133,1150,30186
shape_J22CWLMYJB_1,1.4657196648335626,103.90129899999998,1151,30199
shape_J22CWLMYJB_1,1.46570544515229,103.90132353649953,1152,30202
shape_J22CWLMYJB_1,1.4656941924755353,103.90134150152923,1153,30204
shape_J22CWLMYJB_1,1.465688,103.901351,1154,30205
shape_J22CWLMYJB_1,1.465676,103.901365,1155,30207
shape_J22CWLMYJB_1,1.465661,103.901369,1156,30209
shape_J22CWLMYJB_1,1.465641,103.901375,1157,30211
shape_J22CWLMYJB_1,1.465621,103.901378,1158,30213
shape_J22CWLMYJB_1,1.465607,103.901378,1159,30215
shape_J22CWLMYJB_1,1.465595,103.901375,1160,30216
shape_J22CWLMYJB_1,1.465565,103.901359,1161,30220
shape_J22CWLMYJB_1,1.4655391973893883,103.90134787760402,1162,30223
shape_J22CWLMYJB_1,1.4655180217029835,103.901340195395,1163,30226
shape_J22CWLMYJB_1,1.465502274673324,103.90133131196261,1164,30228
shape_J22CWLMYJB_1,1.4654830549939017,103.90132209325408,1165,30230
shape_J22CWLMYJB_1,1.4653990879908703,103.9014789475446,1166,30250
shape_J22CWLMYJB_1,1.465336,103.901593,1167,30264
shape_J22CWLMYJB_1,1.465158335166521,103.90197934693289,1168,30311
shape_J22CWLMYJB_1,1.465088,103.902141,1169,30331
shape_J22CWLMYJB_1,1.465026,103.902281,1170,30348
shape_J22CWLMYJB_1,1.4650116648334601,103.90231231196259,1171,30352
shape_J22CWLMYJB_1,1.4650060219984171,103.90236911656761,1172,30358
shape_J22CWLMYJB_1,1.465003,103.902404,1173,30362
shape_J22CWLMYJB_1,1.465007,103.902436,1174,30366
shape_J22CWLMYJB_1,1.46501403849722,103.90246276963471,1175,30369
shape_J22CWLMYJB_1,1.465055912315024,103.90251690368747,1176,30377
shape_J22CWLMYJB_1,1.465141,103.902566,1177,30388
shape_J22CWLMYJB_1,1.465311,103.902664,1178,30410
shape_J22CWLMYJB_1,1.4654293794604802,103.90273400276995,1179,30425
shape_J22CWLMYJB_1,1.465796,103.902944,1180,30472
shape_J22CWLMYJB_1,1.466159,103.903146,1181,30518
shape_J22CWLMYJB_1,1.466362429197994,103.90326113682272,1182,30544
shape_J22CWLMYJB_1,1.467234,103.903746,1183,30655
shape_J22CWLMYJB_1,1.467671,103.904031,1184,30713
shape_J22CWLMYJB_1,1.4680473516607868,103.90427796502975,1185,30763
shape_J22CWLMYJB_1,1.4687210109958684,103.90470364723875,1186,30852
shape_J22CWLMYJB_1,1.46894,103.904833,1187,30880
shape_J22CWLMYJB_1,1.469258,103.90503,1188,30922
shape_J22CWLMYJB_1,1.4696483516583898,103.90530300000002,1189,30975
shape_J22CWLMYJB_1,1.469816,103.905393,1190,30996
shape_J22CWLMYJB_1,1.469938,103.905471,1191,31012
shape_J22CWLMYJB_1,1.470099395636227,103.90557711656761,1192,31033
shape_J22CWLMYJB_1,1.4702289450274835,103.9056600582838,1193,31050
shape_J22CWLMYJB_1,1.4703181099443665,103.90548916071317,1194,31071
shape_J22CWLMYJB_1,1.47041,103.90556,1195,31084
shape_J22CWLMYJB_1,1.470317,103.905545,1196,31094
shape_J22CWLMYJB_1,1.4705006050151521,103.90584606076526,1197,31133
shape_J22CWLMYJB_1,1.470984,103.90617,1198,31198
shape_J22CWLMYJB_1,1.471074,103.906227,1199,31210
shape_J22CWLMYJB_1,1.471209,103.90631,1200,31228
shape_J22CWLMYJB_1,1.471385,103.90642,1201,31251
shape_J22CWLMYJB_1,1.4716,103.906552,1202,31279
shape_J22CWLMYJB_1,1.471764,103.906667,1203,31301
shape_J22CWLMYJB_1,1.471953,103.906809,1204,31327
shape_J22CWLMYJB_1,1.472058,103.906883,1205,31341
shape_J22CWLMYJB_1,1.472196,103.906966,1206,31359
shape_J22CWLMYJB_1,1.4724806648345967,103.90714734693287,1207,31397
shape_J22CWLMYJB_1,1.472714,103.9073,1208,31428
shape_J22CWLMYJB_1,1.4733537582641325,103.9077206588955,1209,31513
shape_J22CWLMYJB_1,1.4736,103.90788,1210,31546
shape_J22CWLMYJB_1,1.4743286593394678,103.90832402331353,1211,31641
shape_J22CWLMYJB_1,1.475124692192249,103.90881357175826,1212,31745
shape_J22CWLMYJB_1,1.475393,103.908998,1213,31781
shape_J22CWLMYJB_1,1.475811,103.90928,1214,31837
shape_J22CWLMYJB_1,1.4764959999999967,103.9097233993883,1215,31928
shape_J22CWLMYJB_1,1.477132,103.910135,1216,32012
shape_J22CWLMYJB_1,1.4772385769299528,103.91020492423107,1217,32026
shape_J22CWLMYJB_1,1.4773003626626664,103.91021549570084,1218,32033
shape_J22CWLMYJB_1,1.4773884341182717,103.91023383097698,1219,32043
shape_J22CWLMYJB_1,1.477459,103.91025,1220,32051
shape_J22CWLMYJB_1,1.477514,103.910258,1221,32057
shape_J22CWLMYJB_1,1.477551,103.910256,1222,32061
shape_J22CWLMYJB_1,1.477587,103.91024,1223,32065
shape_J22CWLMYJB_1,1.47763,103.910212,1224,32071
shape_J22CWLMYJB_1,1.477683,103.910164,1225,32079
shape_J22CWLMYJB_1,1.477736,103.910109,1226,32087
shape_J22CWLMYJB_1,1.4778100163663472,103.91003995671984,1227,32098
shape_J22CWLMYJB_1,1.4778407252673984,103.90999486011887,1228,32104
shape_J22CWLMYJB_1,1.478015,103.909745,1229,32138
shape_J22CWLMYJB_1,1.478184,103.909517,1230,32170
shape_J22CWLMYJB_1,1.4784700109288471,103.90909429753593,1231,32227
shape_J22CWLMYJB_1,1.478782,103.90864,1232,32288
shape_J22CWLMYJB_1,1.479148,103.908104,1233,32360
shape_J22CWLMYJB_1,1.4794590109861527,103.9076427404928,1234,32422
shape_J22CWLMYJB_1,1.4799390110860118,103.9069152883606,1235,32519
shape_J22CWLMYJB_1,1.48058,103.905941,1236,32649
shape_J22CWLMYJB_1,1.480979977903037,103.90533879323671,1237,32729
shape_J22CWLMYJB_1,1.4816766703280897,103.90437160061168,1238,32862
shape_J22CWLMYJB_1,1.4829388242721044,103.90486810185244,1239,33013
shape_J22CWLMYJB_1,1.48327,103.90498,1240,33052
shape_J22CWLMYJB_1,1.483529,103.905064,1241,33082
shape_J22CWLMYJB_1,1.4839298454233782,103.90518153926942,1242,33128
shape_J22CWLMYJB_1,1.484331,103.905297,1243,33174
shape_J22CWLMYJB_1,1.484663,103.905339,1244,33211
shape_J22CWLMYJB_1,1.484879,103.905343,1245,33235
shape_J22CWLMYJB_1,1.4850156593459238,103.90532872883604,1246,33250
shape_J22CWLMYJB_1,1.485271,103.905295,1247,33279
shape_J22CWLMYJB_1,1.4854,103.905257,1248,33294
shape_J22CWLMYJB_1,1.4855328677270714,103.90520853067109,1249,33310
shape_J22CWLMYJB_1,1.4856613189507328,103.90516602331354,1250,33325
shape_J22CWLMYJB_1,1.485921,103.905056,1251,33356
shape_J22CWLMYJB_1,1.4862744065332159,103.90488769386577,1252,33400
shape_J22CWLMYJB_1,1.4867200768570263,103.90468603497031,1253,33454
shape_J22CWLMYJB_1,1.4871380439167583,103.90450093005943,1254,33505
shape_J22CWLMYJB_1,1.487353747179354,103.9044013061342,1255,33531
shape_J22CWLMYJB_1,1.487445,103.904635,1256,33559
shape_J22CWLMYJB_1,1.48757,103.904904,1257,33592
shape_J22CWLMYJB_1,1.4877857691336576,103.90537797668647,1258,33650
shape_J22CWLMYJB_1,1.487991,103.905871,1259,33709
shape_J22CWLMYJB_1,1.488127296414371,103.90618643130013,1260,33747
shape_J22CWLMYJB_1,1.4882771207597483,103.90653993865776,1261,33790
shape_J22CWLMYJB_1,1.48836385309527,103.906682735588,1262,33809
shape_J22CWLMYJB_1,1.48838956087961,103.90680955150316,1263,33823
shape_J22CWLMYJB_1,1.488466,103.907016,1264,33847
shape_J22CWLMYJB_1,1.488508,103.907153,1265,33863
shape_J22CWLMYJB_1,1.488537,103.907245,1266,33874
shape_J22CWLMYJB_1,1.488553,103.907392,1267,33890
shape_J22CWLMYJB_1,1.4885538898842774,103.9074955767212,1268,33902
shape_J22CWLMYJB_1,1.4885434507682074,103.90760525033191,1269,33914
shape_J22CWLMYJB_1,1.4885075495687647,103.90777731779099,1270,33934
shape_J22CWLMYJB_1,1.4884813626079099,103.90791181043338,1271,33949
shape_J22CWLMYJB_1,1.4883596483698844,103.90828168220898,1272,33992
shape_J22CWLMYJB_1,1.488291,103.908487,1273,34016
shape_J22CWLMYJB_1,1.488218,103.90866,1274,34037
shape_J22CWLMYJB_1,1.4881041533733879,103.90891523371221,1275,34068
shape_J22CWLMYJB_1,1.488017,103.909173,1276,34098
shape_J22CWLMYJB_1,1.487995,103.90938,1277,34121
shape_J22CWLMYJB_1,1.487981,103.909652,1278,34151
shape_J22CWLMYJB_1,1.487969,103.91002,1279,34192
shape_J22CWLMYJB_1,1.4879554504368095,103.91033424785043,1280,34227
shape_J22CWLMYJB_1,1.487931,103.910666,1281,34264
shape_J22CWLMYJB_1,1.4878988240252748,103.91106156564139,1282,34308
shape_J22CWLMYJB_1,1.4878432747811379,103.91176976074794,1283,34387
shape_J22CWLMYJB_1,1.4879311461244105,103.91186043209818,1284,34401
shape_J22CWLMYJB_1,1.4878332198883886,103.91202564723874,1285,34422
shape_J22CWLMYJB_1,1.487833,103.912269,1286,34449
shape_J22CWLMYJB_1,1.4878500323039843,103.9125011312828,1287,34475
shape_J22CWLMYJB_1,1.48796,103.91253,1288,34488
shape_J22CWLMYJB_1,1.4878739670644652,103.91271184846211,1289,34510
shape_J22CWLMYJB_1,1.48792,103.913171,1290,34561
shape_J22CWLMYJB_1,1.4879457910892395,103.91348150678063,1291,34596
shape_J22CWLMYJB_1,1.4879574614152653,103.91372302331352,1292,34623
shape_J22CWLMYJB_1,1.487975,103.914057,1293,34660
shape_J22CWLMYJB_1,1.487998,103.914315,1294,34689
shape_J22CWLMYJB_1,1.4880342967387887,103.91455541410353,1295,34716
shape_J22CWLMYJB_1,1.488058,103.914588,1296,34720
shape_J22CWLMYJB_1,1.488076,103.914611,1297,34723
shape_J22CWLMYJB_1,1.488099,103.914646,1298,34728
shape_J22CWLMYJB_1,1.488126,103.914675,1299,34732
shape_J22CWLMYJB_1,1.488151,103.914695,1300,34736
shape_J22CWLMYJB_1,1.488185,103.914714,1301,34740
shape_J22CWLMYJB_1,1.488219,103.914722,1302,34744
shape_J22CWLMYJB_1,1.488268,103.91473,1303,34750
shape_J22CWLMYJB_1,1.488342,103.914736,1304,34758
shape_J22CWLMYJB_1,1.4887855715267977,103.91453552761267,1305,34812
shape_J22CWLMYJB_1,1.489252428826481,103.91431472883606,1306,34869
shape_J22CWLMYJB_1,1.4895507804606376,103.91410984540367,1307,34909
shape_J22CWLMYJB_1,1.489703,103.913918,1308,34936
shape_J22CWLMYJB_1,1.489811,103.913687,1309,34964
shape_J22CWLMYJB_1,1.48989,103.91345,1310,34992
shape_J22CWLMYJB_1,1.4899045605590084,103.91331395337295,1311,35007
shape_J22CWLMYJB_1,1.48994,103.912904,1312,35053
shape_J22CWLMYJB_1,1.489945,103.912679,1313,35078
shape_J22CWLMYJB_1,1.489972,103.912286,1314,35122
shape_J22CWLMYJB_1,1.489989,103.91191,1315,35164
shape_J22CWLMYJB_1,1.489997,103.911494,1316,35210
shape_J22CWLMYJB_1,1.490009,103.910884,1317,35278
shape_J22CWLMYJB_1,1.490028,103.91031,1318,35342
shape_J22CWLMYJB_1,1.490047,103.910038,1319,35372
shape_J22CWLMYJB_1,1.490101,103.910043,1320,35378
shape_J22CWLMYJB_1,1.490217,103.910044,1321,35391
shape_J22CWLMYJB_1,1.49029,103.910042,1322,35399
shape_J22CWLMYJB_1,1.490534,103.910028,1323,35426
shape_J22CWLMYJB_1,1.4909864378293072,103.91002535276125,1324,35476
shape_J22CWLMYJB_1,1.491303,103.910034,1325,35511
shape_J22CWLMYJB_1,1.491783,103.910064,1326,35564
shape_J22CWLMYJB_1,1.492091691840076,103.91008948098566,1327,35598
shape_J22CWLMYJB_1,1.4925691444693068,103.91012689508915,1328,35651
shape_J22CWLMYJB_1,1.492729,103.910146,1329,35669
shape_J22CWLMYJB_1,1.492884,103.910178,1330,35687
shape_J22CWLMYJB_1,1.493032,103.910219,1331,35704
shape_J22CWLMYJB_1,1.493184,103.910267,1332,35722
shape_J22CWLMYJB_1,1.493377,103.910339,1333,35745
shape_J22CWLMYJB_1,1.493586,103.910456,1334,35772
shape_J22CWLMYJB_1,1.493921,103.910624,1335,35814
shape_J22CWLMYJB_1,1.4942804154888845,103.91082227364541,1336,35860
shape_J22CWLMYJB_1,1.494577,103.911001,1337,35899
shape_J22CWLMYJB_1,1.4947543730568669,103.91112361226847,1338,35923
shape_J22CWLMYJB_1,1.495057,103.911402,1339,35969
shape_J22CWLMYJB_1,1.4952678782663176,103.91159611350919,1340,36001
shape_J22CWLMYJB_1,1.495444,103.911799,1341,36031
shape_J22CWLMYJB_1,1.4956729221338112,103.9120785711813,1342,36071
shape_J22CWLMYJB_1,1.495777,103.912233,1343,36092
shape_J22CWLMYJB_1,1.495923,103.912465,1344,36122
shape_J22CWLMYJB_1,1.4960512737337686,103.9127120288534,1345,36153
shape_J22CWLMYJB_1,1.49622,103.91305,1346,36195
shape_J22CWLMYJB_1,1.496279,103.913201,1347,36213
shape_J22CWLMYJB_1,1.496393,103.91347,1348,36245
shape_J22CWLMYJB_1,1.496484098735866,103.91369320676328,1349,36272
shape_J22CWLMYJB_1,1.496582,103.913862,1350,36294
shape_J22CWLMYJB_1,1.496712,103.914067,1351,36321
shape_J22CWLMYJB_1,1.496781889167841,103.91417937301638,1352,36336
shape_J22CWLMYJB_1,1.4969426922638613,103.91439051901435,1353,36366
shape_J22CWLMYJB_1,1.4971546830281144,103.9145761257429,1354,36397
shape_J22CWLMYJB_1,1.497299,103.91469,1355,36417
shape_J22CWLMYJB_1,1.4974918135150233,103.91481851901435,1356,36443
shape_J22CWLMYJB_1,1.497537,103.914841,1357,36449
shape_J22CWLMYJB_1,1.497552,103.91484,1358,36451
shape_J22CWLMYJB_1,1.497569,103.914839,1359,36453
shape_J22CWLMYJB_1,1.49759,103.914844,1360,36455
shape_J22CWLMYJB_1,1.497608,103.914856,1361,36457
shape_J22CWLMYJB_1,1.497622,103.914869,1362,36459
shape_J22CWLMYJB_1,1.497632,103.91488,1363,36461
shape_J22CWLMYJB_1,1.497635,103.914895,1364,36463
shape_J22CWLMYJB_1,1.497636,103.914905,1365,36464
shape_J22CWLMYJB_1,1.497639,103.914917,1366,36465
shape_J22CWLMYJB_1,1.49785,103.91501,1367,36491
shape_J22CWLMYJB_1,1.498101,103.915124,1368,36522
shape_J22CWLMYJB_1,1.4983929762387658,103.91524746627046,1369,36557
shape_J22CWLMYJB_1,1.498772,103.915403,1370,36603
shape_J22CWLMYJB_1,1.49928,103.91558,1371,36663
shape_J22CWLMYJB_1,1.499442,103.915631,1372,36682
shape_J22CWLMYJB_1,1.499799,103.915702,1373,36722
shape_J22CWLMYJB_1,1.500336,103.915781,1374,36782
shape_J22CWLMYJB_1,1.500716,103.915815,1375,36824
shape_J22CWLMYJB_1,1.501280,103.915864,1376,36887
shape_J22CWLMYJB_1,1.502003,103.915911,1377,36968
shape_J22CWLMYJB_1,1.5022556703217904,103.9159359766865,1378,36996
shape_J22CWLMYJB_1,1.50231,103.91594,1379,37002
shape_J22CWLMYJB_1,1.502550,103.915948,1380,37029
shape_J22CWLMYJB_1,1.503115,103.915982,1381,37092
shape_J22CWLMYJB_1,1.503387,103.916004,1382,37122
shape_J22CWLMYJB_1,1.503737,103.916023,1383,37161
shape_J22CWLMYJB_1,1.504276,103.916058,1384,37221
shape_J22CWLMYJB_1,1.504824,103.916097,1385,37282
shape_J22CWLMYJB_1,1.505238,103.916120,1386,37328
shape_J22CWLMYJB_1,1.505518,103.916140,1387,37359
shape_J22CWLMYJB_1,1.5056628237917453,103.91614688343242,1388,37375
shape_J22CWLMYJB_1,1.50578,103.91615,1389,37388
shape_J22CWLMYJB_1,1.505929,103.916165,1390,37405
shape_J22CWLMYJB_1,1.506631,103.916211,1391,37483
shape_J22CWLMYJB_1,1.507309,103.916254,1392,37559
shape_J22CWLMYJB_1,1.508549,103.916338,1393,37697
shape_J22CWLMYJB_1,1.508972,103.916366,1394,37744
shape_J22CWLMYJB_1,1.509647,103.916410,1395,37819
shape_J22CWLMYJB_1,1.509919988110053,103.91642360061171,1396,37849
shape_J22CWLMYJB_1,1.50998,103.91641,1397,37856
shape_J22CWLMYJB_1,1.510064,103.916423,1398,37865
shape_J22CWLMYJB_1,1.510342,103.916419,1399,37896
shape_J22CWLMYJB_1,1.510756,103.916380,1400,37942
shape_J22CWLMYJB_1,1.511304,103.916319,1401,38003
shape_J22CWLMYJB_1,1.5121303406374778,103.91623130030582,1402,38095
shape_J22CWLMYJB_1,1.512191,103.916229,1403,38102
shape_J22CWLMYJB_1,1.512211,103.916213,1404,38105
shape_J22CWLMYJB_1,1.512234,103.916192,1405,38108
shape_J22CWLMYJB_1,1.512259,103.916181,1406,38111
shape_J22CWLMYJB_1,1.512288,103.916173,1407,38114
shape_J22CWLMYJB_1,1.512317,103.916173,1408,38117
shape_J22CWLMYJB_1,1.512343,103.916179,1409,38120
shape_J22CWLMYJB_1,1.512371,103.916192,1410,38123
shape_J22CWLMYJB_1,1.512385,103.916200,1411,38125
shape_J22CWLMYJB_1,1.512400,103.916211,1412,38127
shape_J22CWLMYJB_1,1.512510,103.916243,1413,38140
shape_J22CWLMYJB_1,1.512553,103.916253,1414,38145
shape_J22CWLMYJB_1,1.512674,103.916238,1415,38159
shape_J22CWLMYJB_1,1.512823,103.916225,1416,38176
shape_J22CWLMYJB_1,1.512986,103.916230,1417,38194
shape_J22CWLMYJB_1,1.513779,103.916242,1418,38282
shape_J22CWLMYJB_1,1.5141199296558259,103.91623860309316,1419,38320
shape_J22CWLMYJB_1,1.5148,103.91625,1420,38396
shape_J22CWLMYJB_1,1.515037,103.916248,1421,38422
shape_J22CWLMYJB_1,1.515507,103.916246,1422,38474
shape_J22CWLMYJB_1,1.515950,103.916245,1423,38523
shape_J22CWLMYJB_1,1.516362,103.916242,1424,38569
shape_J22CWLMYJB_1,1.516646,103.916243,1425,38601
shape_J22CWLMYJB_1,1.516739547599637,103.91624457423974,1426,38611
shape_J22CWLMYJB_1,1.5168,103.91624,1427,38618
shape_J22CWLMYJB_1,1.517520,103.916240,1428,38698
shape_J22CWLMYJB_1,1.518337,103.916242,1429,38789
shape_J22CWLMYJB_1,1.518758,103.916240,1430,38836
shape_J22CWLMYJB_1,1.5190391630598619,103.91624062392522,1431,38867
shape_J22CWLMYJB_1,1.51908,103.91624,1432,38872
shape_J22CWLMYJB_1,1.519263,103.916247,1433,38892
shape_J22CWLMYJB_1,1.519906,103.916251,1434,38963
shape_J22CWLMYJB_1,1.520391,103.916255,1435,39017
shape_J22CWLMYJB_1,1.520709,103.916266,1436,39052
shape_J22CWLMYJB_1,1.521031,103.916276,1437,39088
shape_J22CWLMYJB_1,1.5211724926538217,103.91627451595592,1438,39104
shape_J22CWLMYJB_1,1.52121,103.91627,1439,39108
shape_J22CWLMYJB_1,1.5215054623134863,103.9162763993883,1440,39141
shape_J22CWLMYJB_1,1.521993,103.916276,1441,39195
shape_J22CWLMYJB_1,1.5221552189384602,103.91627908159731,1442,39213
shape_J22CWLMYJB_1,1.522637,103.916299,1443,39267
shape_J22CWLMYJB_1,1.522846,103.916305,1444,39290
shape_J22CWLMYJB_1,1.5232765157645578,103.91629368220899,1445,39338
shape_J22CWLMYJB_1,1.5234357044665416,103.91629158895493,1446,39356
shape_J22CWLMYJB_1,1.5234861777622952,103.91629175520802,1447,39362
shape_J22CWLMYJB_1,1.523520,103.916293,1448,39366
shape_J22CWLMYJB_1,1.523537,103.916295,1449,39368
shape_J22CWLMYJB_1,1.523598,103.916326,1450,39376
shape_J22CWLMYJB_1,1.523606,103.916332,1451,39377
shape_J22CWLMYJB_1,1.523603,103.916344,1452,39378
shape_J22CWLMYJB_1,1.523601,103.916349,1453,39379
shape_J22CWLMYJB_1,1.52347293564173,103.91640105828382,1454,39394
shape_J22CWLMYJB_1,1.523421296847616,103.91640358895494,1455,39400
shape_J22CWLMYJB_1,1.523308,103.916402,1456,39413
shape_J22CWLMYJB_1,1.523189462342803,103.91640232361938,1457,39426
shape_J22CWLMYJB_1,1.5229666408658833,103.91640139327146,1458,39451
shape_J22CWLMYJB_1,1.52291,103.9164,1459,39457
shape_J22CWLMYJB_1,1.522743,103.916403,1460,39476
shape_J22CWLMYJB_1,1.522386,103.916403,1461,39516
shape_J22CWLMYJB_1,1.522104,103.916405,1462,39547
shape_J22CWLMYJB_1,1.521826,103.916406,1463,39578
shape_J22CWLMYJB_1,1.521596,103.916406,1464,39604
shape_J22CWLMYJB_1,1.521446,103.916409,1465,39621
shape_J22CWLMYJB_1,1.521094,103.916410,1466,39660
shape_J22CWLMYJB_1,1.520809,103.916406,1467,39692
shape_J22CWLMYJB_1,1.520472,103.916397,1468,39729
shape_J22CWLMYJB_1,1.5201222310393911,103.91639021622704,1469,39768
shape_J22CWLMYJB_1,1.51995,103.91639,1470,39787
shape_J40CWLMYJB_1,1.49487,103.74263,0,0
shape_J40CWLMYJB_1,1.494924,103.742778,1,18
shape_J40CWLMYJB_1,1.494938351620096,103.74286767055226,2,28
shape_J40CWLMYJB_1,1.494965,103.743,3,43
shape_J40CWLMYJB_1,1.495012,103.743281,4,75
shape_J40CWLMYJB_1,1.495361,103.743213,5,115
shape_J40CWLMYJB_1,1.495377,103.743207,6,117
shape_J40CWLMYJB_1,1.495391,103.743197,7,119
shape_J40CWLMYJB_1,1.495406,103.743182,8,121
shape_J40CWLMYJB_1,1.495416,103.743167,9,123
shape_J40CWLMYJB_1,1.495423,103.743156,10,124
shape_J40CWLMYJB_1,1.495426,103.743143,11,125
shape_J40CWLMYJB_1,1.495428,103.743122,12,127
shape_J40CWLMYJB_1,1.49543,103.743107,13,129
shape_J40CWLMYJB_1,1.495431,103.743088,14,131
shape_J40CWLMYJB_1,1.495421,103.743023,15,138
shape_J40CWLMYJB_1,1.495391,103.742862,16,156
shape_J40CWLMYJB_1,1.495346,103.742628,17,182
shape_J40CWLMYJB_1,1.495282,103.742361,18,213
shape_J40CWLMYJB_1,1.495213,103.742084,19,245
shape_J40CWLMYJB_1,1.495191,103.741986,20,256
shape_J40CWLMYJB_1,1.495134,103.741692,21,289
shape_J40CWLMYJB_1,1.49475,103.741768,22,333
shape_J40CWLMYJB_1,1.494368,103.74185,23,376
shape_J40CWLMYJB_1,1.494003,103.74193,24,418
shape_J40CWLMYJB_1,1.493786,103.741994,25,443
shape_J40CWLMYJB_1,1.4937,103.741782,26,468
shape_J40CWLMYJB_1,1.4935839670801216,103.74151434416295,27,500
shape_J40CWLMYJB_1,1.493505,103.74133,28,522
shape_J40CWLMYJB_1,1.493476,103.741291,29,527
shape_J40CWLMYJB_1,1.493448,103.741259,30,532
shape_J40CWLMYJB_1,1.493395,103.741197,31,541
shape_J40CWLMYJB_1,1.493294,103.741074,32,559
shape_J40CWLMYJB_1,1.493185,103.740949,33,577
shape_J40CWLMYJB_1,1.493079,103.740829,34,595
shape_J40CWLMYJB_1,1.493005,103.740762,35,606
shape_J40CWLMYJB_1,1.492956,103.740725,36,613
shape_J40CWLMYJB_1,1.49289,103.740687,37,621
shape_J40CWLMYJB_1,1.492818,103.740656,38,630
shape_J40CWLMYJB_1,1.492763,103.740635,39,637
shape_J40CWLMYJB_1,1.492718,103.740627,40,642
shape_J40CWLMYJB_1,1.492659,103.740615,41,649
shape_J40CWLMYJB_1,1.492584,103.740602,42,657
shape_J40CWLMYJB_1,1.492488,103.740579,43,668
shape_J40CWLMYJB_1,1.492376,103.740611,44,681
shape_J40CWLMYJB_1,1.492194,103.740661,45,702
shape_J40CWLMYJB_1,1.4918986593501247,103.74075597668646,46,736
shape_J40CWLMYJB_1,1.49175,103.74082,47,754
shape_J40CWLMYJB_1,1.491683,103.740824,48,761
shape_J40CWLMYJB_1,1.491435,103.740899,49,790
shape_J40CWLMYJB_1,1.491416,103.740908,50,792
shape_J40CWLMYJB_1,1.491288,103.7409,51,806
shape_J40CWLMYJB_1,1.4911013524445274,103.74088552484274,52,827
shape_J40CWLMYJB_1,1.490785472361054,103.74086373189449,53,862
shape_J40CWLMYJB_1,1.4905614504114533,103.74083166195395,54,887
shape_J40CWLMYJB_1,1.4903089886387757,103.74079988343237,55,915
shape_J40CWLMYJB_1,1.490085,103.740762,56,940
shape_J40CWLMYJB_1,1.489947,103.740735,57,956
shape_J40CWLMYJB_1,1.489682,103.740647,58,987
shape_J40CWLMYJB_1,1.4895342963797193,103.74060358589647,59,1004
shape_J40CWLMYJB_1,1.489260121465418,103.74052206994055,60,1036
shape_J40CWLMYJB_1,1.488988,103.740443,61,1068
shape_J40CWLMYJB_1,1.488592,103.740296,62,1115
shape_J40CWLMYJB_1,1.4882688789113818,103.74018291534423,63,1153
shape_J40CWLMYJB_1,1.4881798236964479,103.74019413988113,64,1163
shape_J40CWLMYJB_1,1.4879360329353846,103.74024139938832,65,1191
shape_J40CWLMYJB_1,1.48781016467883,103.74032323619365,66,1208
shape_J40CWLMYJB_1,1.4877047471769633,103.74045128282071,67,1226
shape_J40CWLMYJB_1,1.4876500000000044,103.74055848404406,68,1239
shape_J40CWLMYJB_1,1.4876346373900458,103.74066373189449,69,1251
shape_J40CWLMYJB_1,1.4876325715176841,103.74077032084944,70,1263
shape_J40CWLMYJB_1,1.4876503958588119,103.74091355704306,71,1279
shape_J40CWLMYJB_1,1.48767811041517,103.74101583126543,72,1291
shape_J40CWLMYJB_1,1.4877385062809956,103.74113650181769,73,1306
shape_J40CWLMYJB_1,1.4877853858428247,103.74120454844476,74,1315
shape_J40CWLMYJB_1,1.4878403093255121,103.74127411102772,75,1325
shape_J40CWLMYJB_1,1.4879019360761263,103.74132104968548,76,1334
shape_J40CWLMYJB_1,1.488004,103.741365,77,1346
shape_J40CWLMYJB_1,1.488059,103.741386,78,1353
shape_J40CWLMYJB_1,1.488138,103.741406,79,1362
shape_J40CWLMYJB_1,1.4882,103.74141,80,1369
shape_J40CWLMYJB_1,1.488294,103.741401,81,1380
shape_J40CWLMYJB_1,1.48836,103.741376,82,1388
shape_J40CWLMYJB_1,1.4884587691279347,103.74131737607479,83,1401
shape_J40CWLMYJB_1,1.488528,103.741271,84,1410
shape_J40CWLMYJB_1,1.48858,103.74121,85,1419
shape_J40CWLMYJB_1,1.488649,103.741124,86,1431
shape_J40CWLMYJB_1,1.4886745276148576,103.74103731779098,87,1441
shape_J40CWLMYJB_1,1.488734,103.74089,88,1459
shape_J40CWLMYJB_1,1.488766,103.74079,89,1471
shape_J40CWLMYJB_1,1.4887779890223019,103.74070342604877,90,1481
shape_J40CWLMYJB_1,1.48886,103.740207,91,1537
shape_J40CWLMYJB_1,1.4889258682694517,103.73983099140169,92,1579
shape_J40CWLMYJB_1,1.4889575499228986,103.73964577240467,93,1600
shape_J40CWLMYJB_1,1.4890977145882105,103.7392840233135,94,1643
shape_J40CWLMYJB_1,1.4897513406512015,103.73787769692424,95,1815
shape_J40CWLMYJB_1,1.489959560936923,103.73728679265976,96,1885
shape_J40CWLMYJB_1,1.4901831869813822,103.73641437301636,97,1985
shape_J40CWLMYJB_1,1.4902685495859056,103.73575291419029,98,2059
shape_J40CWLMYJB_1,1.490274,103.73517,99,2124
shape_J40CWLMYJB_1,1.490193,103.73426,100,2226
shape_J40CWLMYJB_1,1.490106,103.73312,101,2353
shape_J40CWLMYJB_1,1.490095,103.732845,102,2384
shape_J40CWLMYJB_1,1.490064,103.732592,103,2412
shape_J40CWLMYJB_1,1.490029,103.732329,104,2441
shape_J40CWLMYJB_1,1.4899545276296513,103.7317700582838,105,2504
shape_J40CWLMYJB_1,1.4899031869779724,103.73148787177564,106,2536
shape_J40CWLMYJB_1,1.489854,103.731297,107,2558
shape_J40CWLMYJB_1,1.48975,103.730944,108,2599
shape_J40CWLMYJB_1,1.489484,103.730194,109,2687
shape_J40CWLMYJB_1,1.489254,103.72956,110,2762
shape_J40CWLMYJB_1,1.488912,103.7286,111,2875
shape_J40CWLMYJB_1,1.4885927491489834,103.72771942581652,112,2979
shape_J40CWLMYJB_1,1.48856,103.72768,113,2985
shape_J40CWLMYJB_1,1.488543,103.727578,114,2996
shape_J40CWLMYJB_1,1.48818,103.726613,115,3111
shape_J40CWLMYJB_1,1.4880087807565152,103.7262390674591,116,3157
shape_J40CWLMYJB_1,1.4878924617349973,103.7260592128801,117,3181
shape_J40CWLMYJB_1,1.487466,103.72541,118,3267
shape_J40CWLMYJB_1,1.487055,103.724725,119,3356
shape_J40CWLMYJB_1,1.4869436376819982,103.72452309077264,120,3382
shape_J40CWLMYJB_1,1.4868432967351484,103.7243378134918,121,3405
shape_J40CWLMYJB_1,1.48677,103.72432,122,3413
shape_J40CWLMYJB_1,1.4867454175099,103.72408793005945,123,3439
shape_J40CWLMYJB_1,1.4866687142450297,103.72383921288012,124,3468
shape_J40CWLMYJB_1,1.486610109796782,103.72361174909115,125,3494
shape_J40CWLMYJB_1,1.48656,103.723346,126,3524
shape_J40CWLMYJB_1,1.4865198353039597,103.72305349875927,127,3557
shape_J40CWLMYJB_1,1.4864879341213515,103.72279282820705,128,3586
shape_J40CWLMYJB_1,1.486436,103.72238,129,3632
shape_J40CWLMYJB_1,1.486367,103.721639,130,3715
shape_J40CWLMYJB_1,1.486302,103.720923,131,3795
shape_J40CWLMYJB_1,1.4862749999999874,103.7206728248601,132,3823
shape_J40CWLMYJB_1,1.486268,103.720633,133,3827
shape_J40CWLMYJB_1,1.486247,103.72058,134,3833
shape_J40CWLMYJB_1,1.486213,103.720481,135,3845
shape_J40CWLMYJB_1,1.486178,103.720249,136,3871
shape_J40CWLMYJB_1,1.486152,103.71974,137,3928
shape_J40CWLMYJB_1,1.486144,103.719407,138,3965
shape_J40CWLMYJB_1,1.486146,103.718804,139,4032
shape_J40CWLMYJB_1,1.486129,103.718326,140,4085
shape_J40CWLMYJB_1,1.486128,103.718127,141,4107
shape_J40CWLMYJB_1,1.486137,103.717794,142,4144
shape_J40CWLMYJB_1,1.486129,103.717705,143,4154
shape_J40CWLMYJB_1,1.48607,103.717373,144,4191
shape_J40CWLMYJB_1,1.485998,103.717132,145,4219
shape_J40CWLMYJB_1,1.485893,103.716938,146,4244
shape_J40CWLMYJB_1,1.4857210000000105,103.71678031779099,147,4270
shape_J40CWLMYJB_1,1.4856,103.716687,148,4287
shape_J40CWLMYJB_1,1.485495,103.716609,149,4302
shape_J40CWLMYJB_1,1.485304,103.716469,150,4328
shape_J40CWLMYJB_1,1.48519,103.716387,151,4344
shape_J40CWLMYJB_1,1.484728,103.716061,152,4407
shape_J40CWLMYJB_1,1.484425,103.715852,153,4448
shape_J40CWLMYJB_1,1.484246,103.715741,154,4471
shape_J40CWLMYJB_1,1.484125,103.715665,155,4487
shape_J40CWLMYJB_1,1.483986,103.715565,156,4506
shape_J40CWLMYJB_1,1.483828,103.715464,157,4527
shape_J40CWLMYJB_1,1.48375,103.715393,158,4539
shape_J40CWLMYJB_1,1.48366,103.715295,159,4554
shape_J40CWLMYJB_1,1.483601,103.715197,160,4567
shape_J40CWLMYJB_1,1.483382,103.714857,161,4612
shape_J40CWLMYJB_1,1.48321,103.714588,162,4647
shape_J40CWLMYJB_1,1.483184208673258,103.71454730890419,163,4652
shape_J40CWLMYJB_1,1.483161,103.714518,164,4656
shape_J40CWLMYJB_1,1.483127,103.714488,165,4661
shape_J40CWLMYJB_1,1.483065,103.714432,166,4670
shape_J40CWLMYJB_1,1.483012,103.714376,167,4679
shape_J40CWLMYJB_1,1.482911,103.714248,168,4697
shape_J40CWLMYJB_1,1.482782,103.714046,169,4724
shape_J40CWLMYJB_1,1.48261,103.71378,170,4759
shape_J40CWLMYJB_1,1.482443,103.713504,171,4795
shape_J40CWLMYJB_1,1.482242,103.713153,172,4840
shape_J40CWLMYJB_1,1.48213,103.712937,173,4867
shape_J40CWLMYJB_1,1.48199,103.712644,174,4903
shape_J40CWLMYJB_1,1.481874,103.712352,175,4938
shape_J40CWLMYJB_1,1.481772,103.712038,176,4975
shape_J40CWLMYJB_1,1.481737,103.71189,177,4992
shape_J40CWLMYJB_1,1.481733,103.711849,178,4997
shape_J40CWLMYJB_1,1.481733,103.711805,179,5002
shape_J40CWLMYJB_1,1.481736,103.711777,180,5005
shape_J40CWLMYJB_1,1.48174,103.711761,181,5007
shape_J40CWLMYJB_1,1.481747,103.711748,182,5009
shape_J40CWLMYJB_1,1.481757,103.711739,183,5010
shape_J40CWLMYJB_1,1.481809016476062,103.71172644778913,184,5016
shape_J40CWLMYJB_1,1.481909,103.711713,185,5027
shape_J40CWLMYJB_1,1.481953,103.711709,186,5032
shape_J40CWLMYJB_1,1.481977,103.711714,187,5035
shape_J40CWLMYJB_1,1.481995,103.71172,188,5037
shape_J40CWLMYJB_1,1.482012,103.711732,189,5039
shape_J40CWLMYJB_1,1.482042,103.71176,190,5044
shape_J40CWLMYJB_1,1.482062,103.711779,191,5047
shape_J40CWLMYJB_1,1.482078,103.711797,192,5050
shape_J40CWLMYJB_1,1.482098,103.711848,193,5056
shape_J40CWLMYJB_1,1.482125,103.711924,194,5065
shape_J40CWLMYJB_1,1.482172,103.71208,195,5083
shape_J40CWLMYJB_1,1.48227,103.712396,196,5120
shape_J40CWLMYJB_1,1.482375,103.712685,197,5154
shape_J40CWLMYJB_1,1.482434,103.712839,198,5172
shape_J40CWLMYJB_1,1.482575,103.713125,199,5207
shape_J40CWLMYJB_1,1.482735,103.713413,200,5244
shape_J40CWLMYJB_1,1.482888,103.713694,201,5280
shape_J40CWLMYJB_1,1.48296,103.713837,202,5298
shape_J40CWLMYJB_1,1.483016,103.71396,203,5313
shape_J40CWLMYJB_1,1.48302,103.713985,204,5316
shape_J40CWLMYJB_1,1.483022,103.714022,205,5320
shape_J40CWLMYJB_1,1.48302,103.714047,206,5323
shape_J40CWLMYJB_1,1.483116,103.714235,207,5346
shape_J40CWLMYJB_1,1.483183,103.714361,208,5362
shape_J40CWLMYJB_1,1.483223,103.714421,209,5370
shape_J40CWLMYJB_1,1.483343,103.714622,210,5396
shape_J40CWLMYJB_1,1.483482,103.714858,211,5426
shape_J40CWLMYJB_1,1.483647,103.71511,212,5459
shape_J40CWLMYJB_1,1.483757,103.715262,213,5480
shape_J40CWLMYJB_1,1.4839,103.715401,214,5502
shape_J40CWLMYJB_1,1.484063,103.715521,215,5525
shape_J40CWLMYJB_1,1.484314,103.715674,216,5558
shape_J40CWLMYJB_1,1.484448,103.715763,217,5576
shape_J40CWLMYJB_1,1.484675,103.71592,218,5607
shape_J40CWLMYJB_1,1.485093,103.716212,219,5664
shape_J40CWLMYJB_1,1.48553,103.716517,220,5723
shape_J40CWLMYJB_1,1.485573,103.716546,221,5729
shape_J40CWLMYJB_1,1.485603,103.716552,222,5732
shape_J40CWLMYJB_1,1.485647,103.71656,223,5737
shape_J40CWLMYJB_1,1.485727,103.716571,224,5746
shape_J40CWLMYJB_1,1.485785,103.716578,225,5752
shape_J40CWLMYJB_1,1.485861,103.716577,226,5760
shape_J40CWLMYJB_1,1.485904,103.71657,227,5765
shape_J40CWLMYJB_1,1.485931,103.716558,228,5768
shape_J40CWLMYJB_1,1.485956,103.716539,229,5771
shape_J40CWLMYJB_1,1.485988329673256,103.71649965889546,230,5777
shape_J40CWLMYJB_1,1.486007,103.716459,231,5782
shape_J40CWLMYJB_1,1.486047,103.716388,232,5791
shape_J40CWLMYJB_1,1.4860670109801573,103.716357,233,5795
shape_J40CWLMYJB_1,1.486146,103.716265,234,5808
shape_J40CWLMYJB_1,1.4862,103.716202,235,5817
shape_J40CWLMYJB_1,1.486251,103.716138,236,5826
shape_J40CWLMYJB_1,1.486341,103.716004,237,5844
shape_J40CWLMYJB_1,1.486476,103.715805,238,5871
shape_J40CWLMYJB_1,1.48661,103.715607,239,5898
shape_J40CWLMYJB_1,1.486882,103.715209,240,5952
shape_J40CWLMYJB_1,1.487161,103.714802,241,6007
shape_J40CWLMYJB_1,1.487515,103.714283,242,6077
shape_J40CWLMYJB_1,1.487681,103.714047,243,6109
shape_J40CWLMYJB_1,1.487704,103.714019,244,6113
shape_J40CWLMYJB_1,1.487818,103.713893,245,6132
shape_J40CWLMYJB_1,1.487889,103.713813,246,6144
shape_J40CWLMYJB_1,1.487919,103.713775,247,6149
shape_J40CWLMYJB_1,1.488015,103.713642,248,6167
shape_J40CWLMYJB_1,1.48816,103.713452,249,6194
shape_J40CWLMYJB_1,1.488489,103.712989,250,6257
shape_J40CWLMYJB_1,1.488772,103.712603,251,6310
shape_J40CWLMYJB_1,1.48883,103.71243,252,6330
shape_J40CWLMYJB_1,1.488915,103.712407,253,6340
shape_J40CWLMYJB_1,1.48969,103.711299,254,6490
shape_J40CWLMYJB_1,1.490113,103.710633,255,6578
shape_J40CWLMYJB_1,1.491042,103.709313,256,6757
shape_J40CWLMYJB_1,1.491936,103.707993,257,6934
shape_J40CWLMYJB_1,1.492384,103.707356,258,7021
shape_J40CWLMYJB_1,1.49244,103.70725,259,7034
shape_J40CWLMYJB_1,1.4938199431376484,103.70508713890075,260,7319
shape_J40CWLMYJB_1,1.494940782046681,103.70349676784518,261,7535
shape_J40CWLMYJB_1,1.495012,103.703417,262,7547
shape_J40CWLMYJB_1,1.495315,103.703025,263,7602
shape_J40CWLMYJB_1,1.495515,103.702758,264,7639
shape_J40CWLMYJB_1,1.495813,103.70239,265,7692
shape_J40CWLMYJB_1,1.495915,103.702271,266,7709
shape_J40CWLMYJB_1,1.496005,103.702178,267,7723
shape_J40CWLMYJB_1,1.496038,103.702168,268,7727
shape_J40CWLMYJB_1,1.4960766812946862,103.70214027116396,269,7732
shape_J40CWLMYJB_1,1.496112,103.702114,270,7737
shape_J40CWLMYJB_1,1.49615,103.702099,271,7742
shape_J40CWLMYJB_1,1.496183,103.70209,272,7746
shape_J40CWLMYJB_1,1.49621,103.702087,273,7749
shape_J40CWLMYJB_1,1.4966244942344251,103.7014794723873,274,7831
shape_J40CWLMYJB_1,1.49665,103.7014,275,7840
shape_J40CWLMYJB_1,1.496772,103.701279,276,7859
shape_J40CWLMYJB_1,1.49729,103.700515,277,7962
shape_J40CWLMYJB_1,1.498048,103.699493,278,8103
shape_J40CWLMYJB_1,1.498403,103.698973,279,8173
shape_J40CWLMYJB_1,1.4988243692383685,103.69839099255562,280,8253
shape_J40CWLMYJB_1,1.49887,103.6983,281,8264
shape_J40CWLMYJB_1,1.50074,103.69568,282,8622
shape_J40CWLMYJB_1,1.500793,103.69565,283,8629
shape_J40CWLMYJB_1,1.500894,103.695511,284,8648
shape_J40CWLMYJB_1,1.501054,103.695296,285,8678
shape_J40CWLMYJB_1,1.501205,103.695094,286,8706
shape_J40CWLMYJB_1,1.501294,103.694975,287,8723
shape_J40CWLMYJB_1,1.501357,103.694872,288,8736
shape_J40CWLMYJB_1,1.501622,103.694582,289,8780
shape_J40CWLMYJB_1,1.50184,103.694356,290,8815
shape_J40CWLMYJB_1,1.502225,103.693959,291,8876
shape_J40CWLMYJB_1,1.50253,103.693639,292,8925
shape_J40CWLMYJB_1,1.5027272938720342,103.69343180795192,293,8957
shape_J40CWLMYJB_1,1.503347,103.69284,294,9052
shape_J40CWLMYJB_1,1.503695,103.692547,295,9103
shape_J40CWLMYJB_1,1.504079,103.692209,296,9160
shape_J40CWLMYJB_1,1.504481,103.691839,297,9221
shape_J40CWLMYJB_1,1.504785,103.691582,298,9265
shape_J40CWLMYJB_1,1.505138,103.6913,299,9315
shape_J40CWLMYJB_1,1.505743,103.69084,300,9399
shape_J40CWLMYJB_1,1.505876,103.690742,301,9417
shape_J40CWLMYJB_1,1.506261,103.690477,302,9469
shape_J40CWLMYJB_1,1.506617,103.690264,303,9515
shape_J40CWLMYJB_1,1.507343,103.689831,304,9609
shape_J40CWLMYJB_1,1.508172179224148,103.68934093906117,305,9716
shape_J40CWLMYJB_1,1.50824,103.68931,306,9724
shape_J40CWLMYJB_1,1.508969,103.688869,307,9819
shape_J40CWLMYJB_1,1.509909,103.688279,308,9942
shape_J40CWLMYJB_1,1.51166545628534,103.68707379306315,309,10179
shape_J40CWLMYJB_1,1.51163,103.68694,310,10194
shape_J40CWLMYJB_1,1.511861,103.686949,311,10220
shape_J40CWLMYJB_1,1.512764,103.686326,312,10342
shape_J40CWLMYJB_1,1.513339,103.685927,313,10420
shape_J40CWLMYJB_1,1.513826,103.685589,314,10486
shape_J40CWLMYJB_1,1.51436,103.685219,315,10558
shape_J40CWLMYJB_1,1.5151710063982677,103.68461796179768,316,10670
shape_J40CWLMYJB_1,1.51525,103.68457,317,10680
shape_J40CWLMYJB_1,1.515371,103.684455,318,10699
shape_J40CWLMYJB_1,1.516257,103.683821,319,10820
shape_J40CWLMYJB_1,1.516775,103.683465,320,10890
shape_J40CWLMYJB_1,1.517332,103.683093,321,10964
shape_J40CWLMYJB_1,1.517953,103.682683,322,11047
shape_J40CWLMYJB_1,1.518383,103.682358,323,11107
shape_J40CWLMYJB_1,1.519087,103.68184,324,11204
shape_J40CWLMYJB_1,1.520143,103.681117,325,11346
shape_J40CWLMYJB_1,1.521171,103.68039,326,11486
shape_J40CWLMYJB_1,1.522506,103.679438,327,11668
shape_J40CWLMYJB_1,1.522981423013188,103.67909425702571,328,11733
shape_J40CWLMYJB_1,1.52311,103.67908,329,11747
shape_J40CWLMYJB_1,1.523167,103.678953,330,11762
shape_J40CWLMYJB_1,1.523364,103.678814,331,11789
shape_J40CWLMYJB_1,1.523570703151967,103.67871235276125,332,11815
shape_J40CWLMYJB_1,1.523706,103.678643,333,11832
shape_J40CWLMYJB_1,1.523835,103.678577,334,11848
shape_J40CWLMYJB_1,1.523936,103.678494,335,11863
shape_J40CWLMYJB_1,1.5243125581918722,103.67811457729816,336,11922
shape_J40CWLMYJB_1,1.524598,103.67781,337,11968
shape_J40CWLMYJB_1,1.524846,103.677516,338,12011
shape_J40CWLMYJB_1,1.5251714364055196,103.67711501471518,339,12068
shape_J40CWLMYJB_1,1.5254011080711027,103.67679341104508,340,12112
shape_J40CWLMYJB_1,1.5258050752251655,103.67613536441806,341,12198
shape_J40CWLMYJB_1,1.526056251695507,103.67568169080734,342,12256
shape_J40CWLMYJB_1,1.526204,103.675377,343,12294
shape_J40CWLMYJB_1,1.526402,103.674861,344,12355
shape_J40CWLMYJB_1,1.526829,103.673706,345,12492
shape_J40CWLMYJB_1,1.527264,103.672543,346,12630
shape_J40CWLMYJB_1,1.527755,103.671316,347,12777
shape_J40CWLMYJB_1,1.5279630503904746,103.67087469444274,348,12831
shape_J40CWLMYJB_1,1.5280347946977881,103.67073475214958,349,12848
shape_J40CWLMYJB_1,1.52805,103.670702,350,12852
shape_J40CWLMYJB_1,1.528047,103.670665,351,12856
shape_J40CWLMYJB_1,1.528051,103.670629,352,12860
shape_J40CWLMYJB_1,1.5280612173854278,103.67059586011887,353,12864
shape_J40CWLMYJB_1,1.52808,103.67058,354,12867
shape_J40CWLMYJB_1,1.528076,103.670537,355,12872
shape_J40CWLMYJB_1,1.528094,103.67048,356,12879
shape_J40CWLMYJB_1,1.528131,103.670409,357,12888
shape_J40CWLMYJB_1,1.528177,103.670338,358,12897
shape_J40CWLMYJB_1,1.52822,103.670272,359,12906
shape_J40CWLMYJB_1,1.528311,103.670141,360,12924
shape_J40CWLMYJB_1,1.5283588712733531,103.67006524785043,361,12934
shape_J40CWLMYJB_1,1.52848,103.669864,362,12960
shape_J40CWLMYJB_1,1.528567,103.669732,363,12978
shape_J40CWLMYJB_1,1.528645,103.669617,364,12993
shape_J40CWLMYJB_1,1.5286473118146093,103.66958284263373,365,12997
shape_J40CWLMYJB_1,1.528649,103.669537,366,13002
shape_J40CWLMYJB_1,1.528654,103.669456,367,13011
shape_J40CWLMYJB_1,1.528656,103.669429,368,13014
shape_J40CWLMYJB_1,1.528653,103.669413,369,13016
shape_J40CWLMYJB_1,1.528598,103.669348,370,13025
shape_J40CWLMYJB_1,1.52854,103.669281,371,13035
shape_J40CWLMYJB_1,1.5283529347099252,103.66910237694022,372,13064
shape_J40CWLMYJB_1,1.52832120421756,103.66907018778664,373,13069
shape_J40CWLMYJB_1,1.5282872917407309,103.66904212880134,374,13074
shape_J40CWLMYJB_1,1.52824,103.66904,375,13079
shape_J40CWLMYJB_1,1.52655,103.66744,376,13338
shape_J40CWLMYJB_1,1.526411,103.667344,377,13357
shape_J40CWLMYJB_1,1.524981,103.665995,378,13576
shape_J40CWLMYJB_1,1.5243614498373488,103.66542125569823,379,13670
shape_J40CWLMYJB_1,1.52431,103.66539,380,13677
shape_J40CWLMYJB_1,1.52239,103.66358,381,13970
shape_J40CWLMYJB_1,1.51934,103.66074,382,14433
shape_J40CWLMYJB_1,1.5176274168406092,103.65913836574553,383,14694
shape_J40CWLMYJB_1,1.51757,103.65909,384,14702
shape_J40CWLMYJB_1,1.5167305060382121,103.65829693865777,385,14830
shape_J40CWLMYJB_1,1.5155,103.65717,386,15016
shape_J40CWLMYJB_1,1.51547,103.657102,387,15024
shape_J40CWLMYJB_1,1.515241,103.656882,388,15059
shape_J40CWLMYJB_1,1.514971,103.65662,389,15101
shape_J40CWLMYJB_1,1.514611,103.656263,390,15157
shape_J40CWLMYJB_1,1.5143357173115777,103.65655387673857,391,15202
shape_J40CWLMYJB_1,1.5142533777289768,103.65663754977227,392,15215
shape_J40CWLMYJB_1,1.5141784664129516,103.65672160193917,393,15228
shape_J40CWLMYJB_1,1.5140929812485782,103.65680906572818,394,15242
shape_J40CWLMYJB_1,1.51406,103.65691,395,15254
shape_J40CWLMYJB_1,1.513847,103.657072,396,15284
shape_J40CWLMYJB_1,1.5135804772898906,103.65734683305502,397,15327
shape_J40CWLMYJB_1,1.512995072904413,103.65675820692326,398,15419
shape_J40CWLMYJB_1,1.51283,103.65683,399,15439
shape_J40CWLMYJB_1,1.512848,103.656643,400,15460
shape_J40CWLMYJB_1,1.512448,103.656316,401,15517
shape_J40CWLMYJB_1,1.512345,103.656238,402,15531
shape_J40CWLMYJB_1,1.512285,103.656192,403,15539
shape_J40CWLMYJB_1,1.512116,103.656024,404,15565
shape_J40CWLMYJB_1,1.5119959835654755,103.65590995337297,405,15583
shape_J40CWLMYJB_1,1.5115803022892635,103.65550204079865,406,15648
shape_J40CWLMYJB_1,1.5123436543810451,103.65469829534291,407,15771
shape_J40CWLMYJB_1,1.51234,103.65465,408,15776
shape_J40CWLMYJB_1,1.512409,103.654635,409,15784
shape_J40CWLMYJB_1,1.51276,103.654281,410,15839
shape_J40CWLMYJB_1,1.5140878247297094,103.6528375509262,411,16057
shape_J40CWLMYJB_1,1.51371,103.65247,412,16116
shape_J40CWLMYJB_1,1.513686,103.652443,413,16120
shape_J40CWLMYJB_1,1.513371,103.652137,414,16169
shape_J40CWLMYJB_1,1.513151,103.65193,415,16203
shape_J40CWLMYJB_1,1.512669,103.651478,416,16276
shape_J40CWLMYJB_1,1.512439,103.651275,417,16310
shape_J40CWLMYJB_1,1.512175,103.651047,418,16349
shape_J40CWLMYJB_1,1.512052,103.650932,419,16368
shape_J40CWLMYJB_1,1.511905,103.650816,420,16389
shape_J40CWLMYJB_1,1.5117689780868868,103.65070169386578,421,16409
shape_J40CWLMYJB_1,1.511645,103.650591,422,16427
shape_J40CWLMYJB_1,1.51147627783414,103.65049008771419,423,16449
shape_J40CWLMYJB_1,1.51144,103.65042,424,16458
shape_J40CWLMYJB_1,1.511346,103.65043,425,16469
shape_J40CWLMYJB_1,1.511201,103.650367,426,16487
shape_J40CWLMYJB_1,1.5110407927788114,103.65034341104509,427,16505
shape_J40CWLMYJB_1,1.5108498356390965,103.65032615153791,428,16526
shape_J40CWLMYJB_1,1.510696374465976,103.65033620982172,429,16543
shape_J40CWLMYJB_1,1.5105744602235274,103.65034664723872,430,16557
shape_J40CWLMYJB_1,1.5102780438317713,103.65045341104508,431,16592
shape_J40CWLMYJB_1,1.510056,103.650597,432,16621
shape_J40CWLMYJB_1,1.509868604569574,103.65075352761268,433,16648
shape_J40CWLMYJB_1,1.5096713406389886,103.65094542270185,434,16679
shape_J40CWLMYJB_1,1.50965,103.65105,435,16691
shape_J40CWLMYJB_1,1.50952,103.651101,436,16707
shape_J40CWLMYJB_1,1.509256,103.651422,437,16753
shape_J40CWLMYJB_1,1.508953,103.651739,438,16802
shape_J40CWLMYJB_1,1.508775,103.651935,439,16831
shape_J40CWLMYJB_1,1.50876,103.652,440,16838
shape_J40CWLMYJB_1,1.508673,103.652038,441,16849
shape_J40CWLMYJB_1,1.508507,103.652205,442,16875
shape_J40CWLMYJB_1,1.508341,103.65237,443,16901
shape_J40CWLMYJB_1,1.508273,103.652438,444,16912
shape_J40CWLMYJB_1,1.508075,103.652235,445,16944
shape_J40CWLMYJB_1,1.507949,103.652105,446,16964
shape_J40CWLMYJB_1,1.5078708465578916,103.65201136747646,447,16978
shape_J40CWLMYJB_1,1.50783,103.65202,448,16983
shape_J40CWLMYJB_1,1.507787,103.651923,449,16995
shape_J40CWLMYJB_1,1.507617,103.651746,450,17022
shape_J40CWLMYJB_1,1.507523593922186,103.65158833573818,451,17042
shape_J40CWLMYJB_1,1.507434,103.651359,452,17069
shape_J40CWLMYJB_1,1.507393,103.651138,453,17094
shape_J40CWLMYJB_1,1.5073791754978805,103.65088583068845,454,17122
shape_J40CWLMYJB_1,1.507427,103.65058,455,17156
shape_J40CWLMYJB_1,1.507508,103.650286,456,17190
shape_J40CWLMYJB_1,1.507717687175595,103.64996449189184,457,17233
shape_J40CWLMYJB_1,1.507857,103.649771,458,17260
shape_J40CWLMYJB_1,1.50821,103.649385,459,17318
shape_J40CWLMYJB_1,1.508592,103.648981,460,17380
shape_J40CWLMYJB_1,1.508787,103.648765,461,17412
shape_J40CWLMYJB_1,1.509008,103.64854,462,17447
shape_J40CWLMYJB_1,1.509072920802083,103.64846775751587,463,17458
shape_J40CWLMYJB_1,1.50913,103.64846,464,17464
shape_J40CWLMYJB_1,1.51193,103.6455,465,17917
shape_J40CWLMYJB_1,1.512004,103.645434,466,17928
shape_J40CWLMYJB_1,1.512231,103.645188,467,17965
shape_J40CWLMYJB_1,1.51251,103.644888,468,18011
shape_J40CWLMYJB_1,1.512743,103.644651,469,18048
shape_J40CWLMYJB_1,1.511693,103.643661,470,18208
shape_J40CWLMYJB_1,1.510709,103.642737,471,18358
shape_J40CWLMYJB_1,1.5103550402450208,103.64241691442655,472,18411
shape_J40CWLMYJB_1,1.5103,103.64242,473,18417
shape_J40CWLMYJB_1,1.510261,103.642328,474,18428
shape_J40CWLMYJB_1,1.509733,103.641834,475,18508
shape_J40CWLMYJB_1,1.509385,103.64151,476,18561
shape_J40CWLMYJB_1,1.509345,103.641473,477,18567
shape_J40CWLMYJB_1,1.5094475694680838,103.64136583299637,478,18583
shape_J40CWLMYJB_1,1.509685,103.641155,479,18618
shape_J40CWLMYJB_1,1.5099356484029076,103.64090197085807,480,18658
shape_J40CWLMYJB_1,1.510173,103.640656,481,18696
shape_J40CWLMYJB_1,1.51099,103.63978,482,18829
shape_J40CWLMYJB_1,1.511296474208164,103.63944947371483,483,18879
shape_J40CWLMYJB_1,1.510918,103.639088,484,18937
shape_J40CWLMYJB_1,1.510687,103.638866,485,18973
shape_J40CWLMYJB_1,1.510533,103.638686,486,18999
shape_J40CWLMYJB_1,1.510337,103.638512,487,19028
shape_J40CWLMYJB_1,1.510022,103.638242,488,19074
shape_J40CWLMYJB_1,1.509673,103.637927,489,19126
shape_J40CWLMYJB_1,1.509386,103.637674,490,19169
shape_J40CWLMYJB_1,1.509141659360672,103.63744530613425,491,19206
shape_J40CWLMYJB_1,1.5089806282993108,103.6376145767212,492,19232
shape_J40CWLMYJB_1,1.508665,103.637933,493,19282
shape_J40CWLMYJB_1,1.508351,103.638254,494,19332
shape_J40CWLMYJB_1,1.508232440163923,103.6383705708378,495,19350
shape_J40CWLMYJB_1,1.5081860940432368,103.63832536441802,496,19357
shape_J40CWLMYJB_1,1.508134,103.638279,497,19365
shape_J40CWLMYJB_1,1.508008,103.638146,498,19385
shape_J40CWLMYJB_1,1.507856,103.637989,499,19409
shape_J40CWLMYJB_1,1.507724,103.637844,500,19431
shape_J40CWLMYJB_1,1.507601,103.637705,501,19452
shape_J40CWLMYJB_1,1.507764,103.637538,502,19478
shape_J40CWLMYJB_1,1.5078060710294288,103.63749087656497,503,19485
shape_J40CWLMYJB_1,1.50781,103.63747,504,19487
shape_J40CWLMYJB_1,1.507878,103.637418,505,19497
shape_J40CWLMYJB_1,1.508182,103.637101,506,19546
shape_J40CWLMYJB_1,1.5083131706445358,103.6369636753416,507,19567
shape_J40CWLMYJB_1,1.5089017114532521,103.63752693923473,508,19658
shape_J40CWLMYJB_1,1.509097,103.637344,509,19688
shape_J40CWLMYJB_1,1.509563,103.636857,510,19763
shape_J40CWLMYJB_1,1.510277,103.63613,511,19876
shape_J40CWLMYJB_1,1.510795,103.635608,512,19958
shape_J40CWLMYJB_1,1.51131,103.635087,513,20039
shape_J40CWLMYJB_1,1.511416,103.634976,514,20056
shape_J40CWLMYJB_1,1.511513,103.634871,515,20072
shape_J40CWLMYJB_1,1.5115968675401383,103.63475962086679,516,20087
shape_J40CWLMYJB_1,1.5117330712178891,103.6345324196434,517,20116
shape_J40CWLMYJB_1,1.5119531195322498,103.63412909631255,518,20167
shape_J40CWLMYJB_1,1.512038,103.634001,519,20184
shape_J40CWLMYJB_1,1.512235,103.633751,520,20219
shape_J40CWLMYJB_1,1.5123549531803335,103.63356962144375,521,20243
shape_J40CWLMYJB_1,1.51239,103.63353,522,20249
shape_J40CWLMYJB_1,1.513373,103.632562,523,20402
shape_J40CWLMYJB_1,1.5135890000000134,103.63234900000003,524,20436
shape_J40CWLMYJB_1,1.513605752479761,103.63228004385708,525,20444
shape_J40CWLMYJB_1,1.5136193296817235,103.63220266778232,526,20453
shape_J40CWLMYJB_1,1.5136063132494382,103.63207396502972,527,20467
shape_J40CWLMYJB_1,1.51301,103.6315,528,20559
shape_J40CWLMYJB_1,1.5129473077705788,103.63141735276128,529,20571
shape_J40CWLMYJB_1,1.51219,103.630675,530,20689
shape_J40CWLMYJB_1,1.509958,103.628496,531,21036
shape_J40CWLMYJB_1,1.5088,103.627373,532,21215
shape_J40CWLMYJB_1,1.508464,103.627062,533,21266
shape_J40CWLMYJB_1,1.508289,103.626905,534,21292
shape_J40CWLMYJB_1,1.508134,103.626751,535,21316
shape_J40CWLMYJB_1,1.508011,103.626631,536,21335
shape_J40CWLMYJB_1,1.507947,103.626573,537,21345
shape_J40CWLMYJB_1,1.507882,103.626513,538,21355
shape_J40CWLMYJB_1,1.507818,103.626454,539,21365
shape_J40CWLMYJB_1,1.507682,103.62633,540,21385
shape_J40CWLMYJB_1,1.507531,103.626186,541,21408
shape_J40CWLMYJB_1,1.5073154300473166,103.62595618096829,542,21443
shape_J40CWLMYJB_1,1.507223,103.625826,543,21461
shape_J40CWLMYJB_1,1.507173,103.625755,544,21471
shape_J40CWLMYJB_1,1.507114,103.625693,545,21481
shape_J40CWLMYJB_1,1.507056,103.625628,546,21491
shape_J40CWLMYJB_1,1.5069703668323264,103.6254977338728,547,21508
shape_J40CWLMYJB_1,1.5069,103.62547,548,21516
shape_J40CWLMYJB_1,1.506902,103.62538,549,21526
shape_J40CWLMYJB_1,1.506621,103.624937,550,21584
shape_J40CWLMYJB_1,1.506285,103.624415,551,21653
shape_J40CWLMYJB_1,1.50616,103.624186,552,21682
shape_J40CWLMYJB_1,1.506076,103.624048,553,21700
shape_J40CWLMYJB_1,1.505823,103.623709,554,21747
shape_J40CWLMYJB_1,1.505503,103.623308,555,21804
shape_J40CWLMYJB_1,1.504873,103.622566,556,21912
shape_J40CWLMYJB_1,1.5044219651856994,103.62206087333296,557,21987
shape_J40CWLMYJB_1,1.5043,103.62211,558,22002
shape_J40CWLMYJB_1,1.50414,103.62175,559,22046
shape_J40CWLMYJB_1,1.5039,103.62157,560,22079
shape_J40CWLMYJB_1,1.50259,103.62093,561,22241
shape_J40CWLMYJB_1,1.5023797258698794,103.62076562698367,562,22271
shape_J40CWLMYJB_1,1.502116,103.62053,563,22310
shape_J40CWLMYJB_1,1.501891340643785,103.62027172023777,564,22348
shape_J40CWLMYJB_1,1.501682,103.619988,565,22387
shape_J40CWLMYJB_1,1.501395,103.619571,566,22443
shape_J40CWLMYJB_1,1.501068,103.619042,567,22512
shape_J40CWLMYJB_1,1.500931,103.61881,568,22542
shape_J40CWLMYJB_1,1.500743,103.618533,569,22579
shape_J40CWLMYJB_1,1.50063,103.618385,570,22600
shape_J40CWLMYJB_1,1.5004981233234944,103.61827854290486,571,22619
shape_J40CWLMYJB_1,1.50041,103.61828,572,22629
shape_J40CWLMYJB_1,1.500381,103.618151,573,22644
shape_J40CWLMYJB_1,1.5000003961376234,103.61780390674589,574,22701
shape_J40CWLMYJB_1,1.499325,103.617254,575,22798
shape_J40CWLMYJB_1,1.4989585496707984,103.61698023313521,576,22849
shape_J40CWLMYJB_1,1.498735978062847,103.61682877546312,577,22879
shape_J40CWLMYJB_1,1.498403187081719,103.61669206994054,578,22919
shape_J40CWLMYJB_1,1.4979615173530823,103.61658877546309,579,22969
shape_J40CWLMYJB_1,1.497607,103.61654,580,23009
shape_J40CWLMYJB_1,1.496908,103.616477,581,23087
shape_J40CWLMYJB_1,1.4956597425469966,103.61639460672856,582,23226
shape_J40CWLMYJB_1,1.49561,103.61642,583,23232
shape_J40CWLMYJB_1,1.49537,103.616375,584,23259
shape_J40CWLMYJB_1,1.494482,103.616334,585,23358
shape_J40CWLMYJB_1,1.493778,103.616297,586,23436
shape_J40CWLMYJB_1,1.493394155524322,103.61628486871716,587,23479
shape_J40CWLMYJB_1,1.4930238262803113,103.61636326504707,588,23521
shape_J40CWLMYJB_1,1.492642,103.616435,589,23564
shape_J40CWLMYJB_1,1.492283,103.616513,590,23605
shape_J40CWLMYJB_1,1.491898,103.616553,591,23648
shape_J40CWLMYJB_1,1.4915172799548808,103.61656655952456,592,23690
shape_J40CWLMYJB_1,1.490935,103.616609,593,23755
shape_J40CWLMYJB_1,1.490562,103.616605,594,23796
shape_J40CWLMYJB_1,1.4904395609544694,103.61656457729818,595,23810
shape_J40CWLMYJB_1,1.4902901215121227,103.61649049570084,596,23829
shape_J40CWLMYJB_1,1.48951,103.61599,597,23932
shape_J40CWLMYJB_1,1.48932,103.61589,598,23956
shape_J40CWLMYJB_1,1.4889239121795839,103.61565212822437,599,24007
shape_J40CWLMYJB_1,1.4887431869638568,103.61556548098562,600,24029
shape_J40CWLMYJB_1,1.488614131734236,103.6155275509262,601,24044
shape_J40CWLMYJB_1,1.4884203842317512,103.6155223030758,602,24066
shape_J40CWLMYJB_1,1.488178,103.615526,603,24093
shape_J40CWLMYJB_1,1.4877800000000097,103.61554486871717,604,24137
shape_J40CWLMYJB_1,1.487312,103.615557,605,24189
shape_J40CWLMYJB_1,1.486743,103.615541,606,24252
shape_J40CWLMYJB_1,1.486095,103.615536,607,24324
shape_J40CWLMYJB_1,1.4856452758121195,103.61557157423977,608,24374
shape_J40CWLMYJB_1,1.485117549779437,103.61561658895492,609,24433
shape_J40CWLMYJB_1,1.48406,103.6157,610,24551
shape_J40CWLMYJB_1,1.48383,103.61568,611,24577
shape_J40CWLMYJB_1,1.4831900000000025,103.61555854232789,612,24649
shape_J40CWLMYJB_1,1.482588186044321,103.6154424779272,613,24717
shape_J40CWLMYJB_1,1.48249,103.61547,614,24728
shape_J40CWLMYJB_1,1.482463,103.61542,615,24734
shape_J40CWLMYJB_1,1.482252,103.615382,616,24758
shape_J40CWLMYJB_1,1.4819669286047417,103.61532419816494,617,24790
shape_J40CWLMYJB_1,1.4817699507226851,103.61527664723874,618,24813
shape_J40CWLMYJB_1,1.481434637375009,103.61516313405272,619,24852
shape_J40CWLMYJB_1,1.481121,103.615016,620,24891
shape_J40CWLMYJB_1,1.480609,103.614765,621,24954
shape_J40CWLMYJB_1,1.480527,103.614743,622,24963
shape_J40CWLMYJB_1,1.4803986705560441,103.61473045184374,623,24977
shape_J40CWLMYJB_1,1.4800863131930933,103.6147024635005,624,25012
shape_J40CWLMYJB_1,1.47992,103.6147,625,25030
shape_J40CWLMYJB_1,1.479684,103.614721,626,25056
shape_J40CWLMYJB_1,1.47943,103.614745,627,25084
shape_J40CWLMYJB_1,1.479337,103.614753,628,25094
shape_J40CWLMYJB_1,1.479158,103.614789,629,25114
shape_J40CWLMYJB_1,1.4790258793013091,103.61481297362808,630,25129
shape_J40CWLMYJB_1,1.478721,103.614903,631,25164
shape_J40CWLMYJB_1,1.478395,103.61498,632,25201
shape_J40CWLMYJB_1,1.47817464845999,103.6150074926424,633,25226
shape_J40CWLMYJB_1,1.4779541978670634,103.61500341104511,634,25251
shape_J40CWLMYJB_1,1.4777168242364571,103.61497731779099,635,25278
shape_J40CWLMYJB_1,1.477288263546179,103.61491857118129,636,25326
shape_J40CWLMYJB_1,1.4772,103.61496,637,25337
shape_J40CWLMYJB_1,1.477096,103.614893,638,25351
shape_J40CWLMYJB_1,1.476634,103.61484,639,25403
shape_J40CWLMYJB_1,1.476174,103.614758,640,25455
shape_J40CWLMYJB_1,1.4754896044146322,103.61463139938832,641,25532
shape_J40CWLMYJB_1,1.47501,103.61462,642,25585
shape_J40CWLMYJB_1,1.474858,103.614623,643,25602
shape_J40CWLMYJB_1,1.474606,103.614569,644,25631
shape_J40CWLMYJB_1,1.4743344724961018,103.61446513128283,645,25663
shape_J40CWLMYJB_1,1.4741819560362557,103.61443256564141,646,25680
shape_J40CWLMYJB_1,1.4740752527324386,103.61442927116396,647,25692
shape_J40CWLMYJB_1,1.4739552527316586,103.61445335276127,648,25706
shape_J40CWLMYJB_1,1.473572,103.614538,649,25750
shape_J40CWLMYJB_1,1.473172,103.614625,650,25796
shape_J40CWLMYJB_1,1.471909,103.614916,651,25940
shape_J40CWLMYJB_1,1.471627,103.614981,652,25972
shape_J40CWLMYJB_1,1.471263,103.615062,653,26013
shape_J40CWLMYJB_1,1.4711350770990572,103.61508099140164,654,26027
shape_J40CWLMYJB_1,1.4709966926139402,103.6151364435339,655,26044
shape_J40CWLMYJB_1,1.470903,103.615231,656,26059
shape_J40CWLMYJB_1,1.470743,103.615419,657,26086
shape_J40CWLMYJB_1,1.47053,103.615666,658,26122
shape_J40CWLMYJB_1,1.47019,103.61598,659,26173
shape_J40CWLMYJB_1,1.469780264242308,103.61634857175825,660,26234
shape_J40CWLMYJB_1,1.4697,103.61642,661,26246
shape_J40CWLMYJB_1,1.4695201099515545,103.61650854232788,662,26268
shape_J40CWLMYJB_1,1.469363,103.616544,663,26286
shape_J40CWLMYJB_1,1.4692620216076255,103.61654195337297,664,26297
shape_J40CWLMYJB_1,1.469157,103.616539,665,26309
shape_J40CWLMYJB_1,1.469019,103.616551,666,26324
shape_J40CWLMYJB_1,1.468691,103.616562,667,26360
shape_J40CWLMYJB_1,1.468418219491925,103.61654976686478,668,26390
shape_J40CWLMYJB_1,1.4683272636906521,103.61653714293955,669,26400
shape_J40CWLMYJB_1,1.46828,103.61654,670,26405
shape_J40CWLMYJB_1,1.46813,103.616496,671,26422
shape_J40CWLMYJB_1,1.467825,103.616438,672,26457
shape_J40CWLMYJB_1,1.467543,103.616406,673,26489
shape_J40CWLMYJB_1,1.466973,103.616329,674,26553
shape_J40CWLMYJB_1,1.4667,103.61628,675,26584
shape_J40CWLMYJB_1,1.4664076040751444,103.6162408454037,676,26617
shape_J40CWLMYJB_1,1.466208,103.61621,677,26639
shape_J40CWLMYJB_1,1.466153,103.616204,678,26645
shape_J40CWLMYJB_1,1.46608,103.616144,679,26656
shape_J40CWLMYJB_1,1.466022,103.616098,680,26664
shape_J40CWLMYJB_1,1.465857,103.616059,681,26683
shape_J40CWLMYJB_1,1.4657160382057943,103.61603367361069,682,26699
shape_J40CWLMYJB_1,1.465477879013537,103.61595227422238,683,26727
shape_J40CWLMYJB_1,1.4653588243175637,103.61588574355129,684,26742
shape_J40CWLMYJB_1,1.4652121759845271,103.61572099140169,685,26767
shape_J40CWLMYJB_1,1.4650176486442825,103.61530513128278,686,26818
shape_J40CWLMYJB_1,1.4645903299881258,103.61428877546312,687,26941
shape_J40CWLMYJB_1,1.4634720660035188,103.61241586011886,688,27183
shape_J40CWLMYJB_1,1.4632275386819054,103.61206597668648,689,27230
shape_J40CWLMYJB_1,1.4630247473405784,103.61184903802872,690,27263
shape_J40CWLMYJB_1,1.4628207253395697,103.61170903802872,691,27291
shape_J40CWLMYJB_1,1.4625,103.611543,692,27331
shape_J40CWLMYJB_1,1.461669,103.611153,693,27433
shape_J40CWLMYJB_1,1.461594,103.611156,694,27441
shape_J40CWLMYJB_1,1.461147,103.61096,695,27495
shape_J40CWLMYJB_1,1.4607812856537274,103.6107812245369,696,27540
shape_J40CWLMYJB_1,1.46017,103.610392,697,27621
shape_J40CWLMYJB_1,1.459576,103.61005,698,27697
shape_J40CWLMYJB_1,1.459349,103.609876,699,27729
shape_J40CWLMYJB_1,1.4592004502470588,103.60973612268451,700,27752
shape_J40CWLMYJB_1,1.458995,103.609496,701,27787
shape_J40CWLMYJB_1,1.458635,103.60909,702,27847
shape_J40CWLMYJB_1,1.4581734067021839,103.60855994171621,703,27925
shape_J40CWLMYJB_1,1.457738,103.608062,704,27999
shape_J40CWLMYJB_1,1.45752,103.607791,705,28038
shape_J40CWLMYJB_1,1.457369,103.60763,706,28063
shape_J40CWLMYJB_1,1.457156,103.607373,707,28100
shape_J40CWLMYJB_1,1.4566975938243334,103.60678402331351,708,28183
shape_J40CWLMYJB_1,1.456373,103.606369,709,28242
shape_J40CWLMYJB_1,1.456031,103.605854,710,28311
shape_J40CWLMYJB_1,1.455766,103.60541,711,28368
shape_J40CWLMYJB_1,1.4554020660468239,103.60484927116394,712,28442
shape_J40CWLMYJB_1,1.455088,103.604319,713,28511
shape_J40CWLMYJB_1,1.4549986042871366,103.60414536441802,714,28533
shape_J40CWLMYJB_1,1.454953351680334,103.60383323619362,715,28568
shape_J40CWLMYJB_1,1.454959439745922,103.60355664723873,716,28599
shape_J40CWLMYJB_1,1.45498,103.60314,717,28645
shape_J40CWLMYJB_1,1.454958154114869,103.60275798834327,718,28688
shape_J40CWLMYJB_1,1.4548721210910587,103.6023953061342,719,28729
shape_J40CWLMYJB_1,1.454784,103.602141,720,28759
shape_J40CWLMYJB_1,1.454699,103.601946,721,28783
shape_J40CWLMYJB_1,1.454582,103.601692,722,28814
shape_J40CWLMYJB_1,1.4544594495704086,103.60142516071316,723,28847
shape_J40CWLMYJB_1,1.454354,103.601156,724,28879
shape_J40CWLMYJB_1,1.454225,103.600818,725,28919
shape_J40CWLMYJB_1,1.454112,103.600557,726,28951
shape_J40CWLMYJB_1,1.4540189993936208,103.60039656010152,727,28972
shape_J40CWLMYJB_1,1.4535593296635263,103.59972737607477,728,29062
shape_J40CWLMYJB_1,1.4528673704736677,103.5988574320507,729,29186
shape_J40CWLMYJB_1,1.45277,103.59883,730,29197
shape_J40CWLMYJB_1,1.452754,103.598709,731,29211
shape_J40CWLMYJB_1,1.452141,103.597932,732,29321
shape_J40CWLMYJB_1,1.451783,103.597456,733,29387
shape_J40CWLMYJB_1,1.451687,103.597315,734,29406
shape_J40CWLMYJB_1,1.451559,103.597121,735,29432
shape_J40CWLMYJB_1,1.451412011011357,103.59692195337294,736,29460
shape_J40CWLMYJB_1,1.451094022023279,103.59648932944778,737,29520
shape_J40CWLMYJB_1,1.4508494948406432,103.59602655952452,738,29578
shape_J40CWLMYJB_1,1.4507433516865622,103.59573335276124,739,29613
shape_J40CWLMYJB_1,1.450702011011972,103.59554676380633,740,29634
shape_J40CWLMYJB_1,1.45058,103.59523,741,29672
shape_J40CWLMYJB_1,1.4506863186506787,103.595115,742,29689
shape_J40CWLMYJB_1,1.450705,103.59493,743,29710
shape_J40CWLMYJB_1,1.450797,103.594297,744,29781
shape_J40CWLMYJB_1,1.450842,103.594052,745,29809
shape_J40CWLMYJB_1,1.45081,103.594,746,29816
shape_J40CWLMYJB_1,1.450875,103.593839,747,29835
shape_J40CWLMYJB_1,1.450934,103.59347,748,29877
shape_J40CWLMYJB_1,1.450973,103.593186,749,29909
shape_J40CWLMYJB_1,1.451023,103.592731,750,29960
shape_J40CWLMYJB_1,1.451051,103.592482,751,29988
shape_J40CWLMYJB_1,1.451079,103.592338,752,30004
shape_J40CWLMYJB_1,1.451062681348894,103.59217825090886,753,30022
shape_J40CWLMYJB_1,1.451046,103.592024,754,30039
shape_J40CWLMYJB_1,1.4509999449414523,103.59188072883609,755,30056
shape_J40CWLMYJB_1,1.450944,103.591774,756,30069
shape_J40CWLMYJB_1,1.450871340674563,103.59167620982173,757,30083
shape_J40CWLMYJB_1,1.450771,103.591592,758,30098
shape_J40CWLMYJB_1,1.45031,103.591314,759,30158
shape_J40CWLMYJB_1,1.4498296170646523,103.59104984072926,760,30219
shape_J40CWLMYJB_1,1.4497566080139555,103.5910825350571,761,30228
shape_J40CWLMYJB_1,1.449743,103.590997,762,30238
shape_J40CWLMYJB_1,1.449189,103.590725,763,30307
shape_J40CWLMYJB_1,1.448914,103.590611,764,30340
shape_J40CWLMYJB_1,1.448572,103.590512,765,30380
shape_J40CWLMYJB_1,1.448516137951848,103.59054501586914,766,30387
shape_J40CWLMYJB_1,1.448385,103.590447,767,30405
shape_J40CWLMYJB_1,1.448269,103.590405,768,30419
shape_J40CWLMYJB_1,1.447938,103.590241,769,30460
shape_J40CWLMYJB_1,1.447639,103.589984,770,30504
shape_J40CWLMYJB_1,1.44756,103.58995,771,30514
shape_J40CWLMYJB_1,1.447509,103.589924,772,30520
shape_J40CWLMYJB_1,1.447463,103.589903,773,30526
shape_J40CWLMYJB_1,1.44736,103.589866,774,30538
shape_J40CWLMYJB_1,1.4472436758458864,103.58982500582835,775,30552
shape_J40CWLMYJB_1,1.4472230000000106,103.58982200582838,776,30554
shape_J40CWLMYJB_1,1.4472459779699005,103.58962032944774,777,30577
shape_J40CWLMYJB_1,1.447172,103.589609,778,30585
shape_J40CWLMYJB_1,1.447094,103.589603,779,30594
shape_J40CWLMYJB_1,1.447014,103.589594,780,30603
shape_J40CWLMYJB_1,1.446930329661551,103.58958364723875,781,30612
shape_J40CWLMYJB_1,1.446852,103.589573,782,30621
shape_J40CWLMYJB_1,1.446773,103.589566,783,30630
shape_J40CWLMYJB_1,1.446692,103.589555,784,30639
shape_J40CWLMYJB_1,1.4465771368880083,103.58953864141037,785,30652
shape_J40CWLMYJB_1,1.446527,103.589535,786,30658
shape_J40CWLMYJB_1,1.446511,103.589546,787,30660
shape_J40CWLMYJB_1,1.4465,103.589568,788,30663
shape_J40CWLMYJB_1,1.446492,103.5896,789,30667
shape_J40CWLMYJB_1,1.44649,103.589615,790,30669
shape_J40CWLMYJB_1,1.446492,103.589644,791,30672
shape_J40CWLMYJB_1,1.446504,103.589668,792,30675
shape_J40CWLMYJB_1,1.446517,103.589694,793,30678
shape_J40CWLMYJB_1,1.446526,103.589709,794,30680
shape_J40CWLMYJB_1,1.44654,103.589723,795,30682
shape_J40CWLMYJB_1,1.446555,103.589737,796,30684
shape_J40CWLMYJB_1,1.446748211714732,103.58975723896359,797,30706
shape_J40CWLMYJB_1,1.4468,103.58976,798,30712
shape_J40CWLMYJB_1,1.4469572273487097,103.5897821859312,799,30730
shape_J40CWLMYJB_1,1.4470457120204525,103.58979325004339,800,30740
shape_J40CWLMYJB_1,1.447123,103.589805,801,30749
shape_J40CWLMYJB_1,1.447206,103.589815,802,30758
shape_J40CWLMYJB_1,1.447234692368489,103.58981732944774,803,30761
shape_J40CWLMYJB_1,1.4472470055075413,103.58969400582838,804,30775
shape_J40CWLMYJB_1,1.447263,103.589554,805,30791
shape_J40CWLMYJB_1,1.447274,103.589463,806,30801
shape_J40CWLMYJB_1,1.447297,103.589235,807,30826
shape_J40CWLMYJB_1,1.4473251329690364,103.58901058341503,808,30851
shape_J40CWLMYJB_1,1.4473563634943503,103.58876673495293,809,30878
shape_J40CWLMYJB_1,1.447419,103.588243,810,30937
shape_J40CWLMYJB_1,1.44743,103.588062,811,30957
shape_J40CWLMYJB_1,1.4474248025171286,103.58770592297272,812,30997
shape_J40CWLMYJB_1,1.44739,103.58768,813,31002
shape_J40CWLMYJB_1,1.4474226262787309,103.58761996502972,814,31010
shape_J40CWLMYJB_1,1.44745,103.587386,815,31036
shape_J40CWLMYJB_1,1.4474822863864223,103.587182828207,816,31059
shape_J40CWLMYJB_1,1.447547538942911,103.58698335276125,817,31082
shape_J40CWLMYJB_1,1.447612350911994,103.58684148652553,818,31099
shape_J40CWLMYJB_1,1.447707,103.586711,819,31117
shape_J40CWLMYJB_1,1.447802,103.586598,820,31133
shape_J40CWLMYJB_1,1.447915,103.586492,821,31150
shape_J40CWLMYJB_1,1.44799,103.586427,822,31161
shape_J40CWLMYJB_1,1.4480698709094542,103.58637403255292,823,31172
shape_J40CWLMYJB_1,1.4482935169022633,103.586234927001,824,31201
shape_J40CWLMYJB_1,1.448571,103.586088,825,31236
shape_J40CWLMYJB_1,1.449021,103.585834,826,31293
shape_J40CWLMYJB_1,1.449501,103.585556,827,31355
shape_J40CWLMYJB_1,1.449806,103.585376,828,31394
shape_J40CWLMYJB_1,1.4501032319780167,103.58520317790985,829,31432
shape_J40CWLMYJB_1,1.4502727914735576,103.58512999999999,830,31453
shape_J40CWLMYJB_1,1.450361,103.585112,831,31463
shape_J40CWLMYJB_1,1.450454,103.585108,832,31473
shape_J40CWLMYJB_1,1.450561,103.585103,833,31485
shape_J40CWLMYJB_1,1.45072232966269,103.58510865306712,834,31503
shape_J40CWLMYJB_1,1.450881,103.585113,835,31521
shape_J40CWLMYJB_1,1.451257,103.585114,836,31563
shape_J40CWLMYJB_1,1.4516982876267026,103.58512051012754,837,31612
shape_J40CWLMYJB_1,1.45172,103.58511,838,31615
shape_J40CWLMYJB_1,1.451771,103.58512,839,31621
shape_J40CWLMYJB_1,1.451995,103.585127,840,31646
shape_J40CWLMYJB_1,1.452079,103.585128,841,31655
shape_J40CWLMYJB_1,1.452247,103.585133,842,31674
shape_J40CWLMYJB_1,1.452376,103.585136,843,31688
shape_J40CWLMYJB_1,1.45255,103.585127,844,31707
shape_J40CWLMYJB_1,1.452625,103.585123,845,31715
shape_J40CWLMYJB_1,1.452783,103.585119,846,31733
shape_J40CWLMYJB_1,1.452959,103.585116,847,31753
shape_J40CWLMYJB_1,1.453153,103.58511,848,31775
shape_J40CWLMYJB_1,1.45329,103.585107,849,31790
shape_J40CWLMYJB_1,1.453353,103.585099,850,31797
shape_J40CWLMYJB_1,1.453416,103.585093,851,31804
shape_J40CWLMYJB_1,1.453575,103.58511,852,31822
shape_J40CWLMYJB_1,1.45371,103.585118,853,31837
shape_J40CWLMYJB_1,1.453851,103.58513,854,31853
shape_J40CWLMYJB_1,1.453913,103.58514,855,31860
shape_J40CWLMYJB_1,1.45423,103.58514,856,31895
shape_J40CWLMYJB_1,1.454462,103.585138,857,31921
shape_J40CWLMYJB_1,1.454744,103.585136,858,31952
shape_J40CWLMYJB_1,1.4549171486112404,103.5851350291419,859,31971
shape_J40CWLMYJB_1,1.455168,103.585136,860,31999
shape_J40CWLMYJB_1,1.455527,103.585137,861,32039
shape_J40CWLMYJB_1,1.455686,103.585137,862,32057
shape_J40CWLMYJB_1,1.455845,103.585136,863,32075
shape_J40CWLMYJB_1,1.456062,103.585136,864,32099
shape_J40CWLMYJB_1,1.456243,103.585137,865,32119
shape_J40CWLMYJB_1,1.456422,103.585139,866,32139
shape_J40CWLMYJB_1,1.456477,103.585138,867,32145
shape_J40CWLMYJB_1,1.456604352216081,103.58512311962603,868,32159
shape_J40CWLMYJB_1,1.456795,103.585104,869,32180
shape_J40CWLMYJB_1,1.456977,103.585088,870,32200
shape_J40CWLMYJB_1,1.457114,103.585078,871,32215
shape_J40CWLMYJB_1,1.457295,103.58506,872,32235
shape_J40CWLMYJB_1,1.457544,103.585037,873,32263
shape_J40CWLMYJB_1,1.457798,103.58501,874,32291
shape_J40CWLMYJB_1,1.458141,103.584965,875,32329
shape_J40CWLMYJB_1,1.458376,103.58494,876,32355
shape_J40CWLMYJB_1,1.459019,103.584844,877,32427
shape_J40CWLMYJB_1,1.459532,103.584773,878,32485
shape_J40CWLMYJB_1,1.45969,103.584737,879,32503
shape_J40CWLMYJB_1,1.459924,103.584719,880,32529
shape_J40CWLMYJB_1,1.460132,103.584702,881,32552
shape_J40CWLMYJB_1,1.460439,103.584638,882,32587
shape_J40CWLMYJB_1,1.460765,103.584547,883,32625
shape_J40CWLMYJB_1,1.461,103.584475,884,32652
shape_J40CWLMYJB_1,1.461106,103.584451,885,32664
shape_J40CWLMYJB_1,1.461452,103.584393,886,32703
shape_J40CWLMYJB_1,1.461937,103.584319,887,32758
shape_J40CWLMYJB_1,1.462243,103.584272,888,32792
shape_J40CWLMYJB_1,1.4622796605738184,103.58425212631988,889,32797
shape_J40CWLMYJB_1,1.46231,103.58423,890,32801
shape_J40CWLMYJB_1,1.462387,103.584245,891,32810
shape_J40CWLMYJB_1,1.463257,103.584108,892,32908
shape_J40CWLMYJB_1,1.46345,103.584077,893,32930
shape_J40CWLMYJB_1,1.463668,103.584066,894,32954
shape_J40CWLMYJB_1,1.463848,103.584062,895,32974
shape_J40CWLMYJB_1,1.464006,103.584079,896,32992
shape_J40CWLMYJB_1,1.464204,103.584109,897,33014
shape_J40CWLMYJB_1,1.464492,103.584162,898,33047
shape_J40CWLMYJB_1,1.465452,103.584345,899,33156
shape_J40CWLMYJB_1,1.466562,103.584554,900,33282
shape_J40CWLMYJB_1,1.467346,103.58471,901,33371
shape_J40CWLMYJB_1,1.467972,103.584845,902,33442
shape_J40CWLMYJB_1,1.468363,103.584909,903,33486
shape_J40CWLMYJB_1,1.468632,103.584942,904,33516
shape_J40CWLMYJB_1,1.469073,103.584952,905,33565
shape_J40CWLMYJB_1,1.469687,103.584952,906,33633
shape_J40CWLMYJB_1,1.470303,103.584936,907,33702
shape_J40CWLMYJB_1,1.4709080109939054,103.58492597668646,908,33769
shape_J40CWLMYJB_1,1.4710200399139108,103.58491249570086,909,33782
shape_J40CWLMYJB_1,1.4711,103.58479,910,33798
shape_J40CWLMYJB_1,1.471197,103.584914,911,33816
shape_J40CWLMYJB_1,1.471496,103.584902,912,33849
shape_J40CWLMYJB_1,1.471638,103.584909,913,33865
shape_J40CWLMYJB_1,1.471803,103.584911,914,33883
shape_J40CWLMYJB_1,1.471919,103.584901,915,33896
shape_J40CWLMYJB_1,1.472112,103.584911,916,33917
shape_J40CWLMYJB_1,1.472498,103.584921,917,33960
shape_J40CWLMYJB_1,1.473158,103.58492,918,34033
shape_J40CWLMYJB_1,1.473814,103.584916,919,34106
shape_J40CWLMYJB_1,1.474052,103.584906,920,34132
shape_J40CWLMYJB_1,1.4743763077421614,103.5848751895666,921,34168
shape_J40CWLMYJB_1,1.4746886043872929,103.58483250735763,922,34203
shape_J40CWLMYJB_1,1.4748399119303526,103.5848021865082,923,34220
shape_J40CWLMYJB_1,1.474996,103.584764,924,34238
shape_J40CWLMYJB_1,1.475087,103.58472,925,34249
shape_J40CWLMYJB_1,1.475129,103.584701,926,34254
shape_J40CWLMYJB_1,1.475289,103.584648,927,34273
shape_J40CWLMYJB_1,1.475472,103.584574,928,34295
shape_J40CWLMYJB_1,1.475691,103.584477,929,34322
shape_J40CWLMYJB_1,1.475816,103.584395,930,34339
shape_J40CWLMYJB_1,1.475962,103.584277,931,34360
shape_J40CWLMYJB_1,1.476217,103.584049,932,34398
shape_J40CWLMYJB_1,1.476587,103.583723,933,34453
shape_J40CWLMYJB_1,1.476739,103.583583,934,34476
shape_J40CWLMYJB_1,1.47686,103.5834,935,34500
shape_J40CWLMYJB_1,1.477222,103.583003,936,34560
shape_J40CWLMYJB_1,1.477449,103.582741,937,34599
shape_J40CWLMYJB_1,1.4776436263422725,103.58252562698362,938,34631
shape_J40CWLMYJB_1,1.477757,103.582406,939,34649
shape_J40CWLMYJB_1,1.477952,103.582222,940,34679
shape_J40CWLMYJB_1,1.478048,103.582134,941,34693
shape_J40CWLMYJB_1,1.478121,103.582089,942,34703
shape_J40CWLMYJB_1,1.478192,103.582053,943,34712
shape_J40CWLMYJB_1,1.478225,103.582128,944,34721
shape_J40CWLMYJB_1,1.478239,103.582156,945,34724
shape_J40CWLMYJB_1,1.478257,103.582203,946,34730
shape_J40CWLMYJB_1,1.478309,103.582362,947,34749
shape_J40CWLMYJB_1,1.478362,103.582521,948,34768
shape_J40CWLMYJB_1,1.478454,103.582812,949,34802
shape_J40CWLMYJB_1,1.478475,103.58288,950,34810
shape_J40CWLMYJB_1,1.478504,103.58292,951,34815
shape_J40CWLMYJB_1,1.478521,103.582958,952,34820
shape_J40CWLMYJB_1,1.478586,103.583145,953,34842
shape_J40CWLMYJB_1,1.47861,103.58321,954,34850
shape_J40CWLMYJB_0,1.47861,103.58321,0,0
shape_J40CWLMYJB_0,1.478538774229378,103.58299647123337,1,25
shape_J40CWLMYJB_0,1.478633,103.582991,2,35
shape_J40CWLMYJB_0,1.478673,103.582983,3,40
shape_J40CWLMYJB_0,1.478723,103.582969,4,46
shape_J40CWLMYJB_0,1.478792,103.582943,5,54
shape_J40CWLMYJB_0,1.478884,103.58291,6,65
shape_J40CWLMYJB_0,1.478996,103.582869,7,78
shape_J40CWLMYJB_0,1.479083,103.582835,8,88
shape_J40CWLMYJB_0,1.479055,103.582755,9,97
shape_J40CWLMYJB_0,1.479001,103.582612,10,114
shape_J40CWLMYJB_0,1.478937,103.582441,11,134
shape_J40CWLMYJB_0,1.478892,103.582324,12,148
shape_J40CWLMYJB_0,1.47884,103.582175,13,166
shape_J40CWLMYJB_0,1.478779,103.58201,14,186
shape_J40CWLMYJB_0,1.47853,103.582129,15,217
shape_J40CWLMYJB_0,1.478376,103.582202,16,236
shape_J40CWLMYJB_0,1.478272,103.582249,17,249
shape_J40CWLMYJB_0,1.4782366593418161,103.58214129447748,18,262
shape_J40CWLMYJB_0,1.4781006923039364,103.58221929447747,19,279
shape_J40CWLMYJB_0,1.47794,103.582358,20,303
shape_J40CWLMYJB_0,1.477855,103.582428,21,315
shape_J40CWLMYJB_0,1.477711,103.582576,22,338
shape_J40CWLMYJB_0,1.477583,103.582717,23,359
shape_J40CWLMYJB_0,1.47744,103.582867,24,382
shape_J40CWLMYJB_0,1.477291,103.583033,25,407
shape_J40CWLMYJB_0,1.47722,103.5831,26,418
shape_J40CWLMYJB_0,1.4769213406589683,103.58345603497028,27,470
shape_J40CWLMYJB_0,1.476801,103.58362,28,493
shape_J40CWLMYJB_0,1.476768,103.583679,29,501
shape_J40CWLMYJB_0,1.47673,103.583712,30,507
shape_J40CWLMYJB_0,1.476669,103.583777,31,517
shape_J40CWLMYJB_0,1.4765700000000095,103.58389915459631,32,534
shape_J40CWLMYJB_0,1.4764206153850823,103.58407402331349,33,560
shape_J40CWLMYJB_0,1.476273,103.584188,34,581
shape_J40CWLMYJB_0,1.476116,103.584314,35,603
shape_J40CWLMYJB_0,1.4758597911815865,103.58449644295692,36,638
shape_J40CWLMYJB_0,1.4755972197385732,103.58463889203074,37,671
shape_J40CWLMYJB_0,1.4752800000000104,103.58481731779098,38,711
shape_J40CWLMYJB_0,1.47515,103.58487,39,727
shape_J40CWLMYJB_0,1.47478,103.58495,40,769
shape_J40CWLMYJB_0,1.4739069835132144,103.58501463558197,41,866
shape_J40CWLMYJB_0,1.473251,103.585037,42,939
shape_J40CWLMYJB_0,1.472665,103.585039,43,1004
shape_J40CWLMYJB_0,1.4717874914233717,103.58504090368746,44,1102
shape_J40CWLMYJB_0,1.4717,103.58521,45,1123
shape_J40CWLMYJB_0,1.471571,103.585049,46,1146
shape_J40CWLMYJB_0,1.4712729780128695,103.58504830613424,47,1179
shape_J40CWLMYJB_0,1.470976,103.585047,48,1212
shape_J40CWLMYJB_0,1.470648,103.585063,49,1249
shape_J40CWLMYJB_0,1.4702148679002875,103.58506921288013,50,1297
shape_J40CWLMYJB_0,1.469131,103.585092,51,1418
shape_J40CWLMYJB_0,1.4686298900406172,103.58509390674593,52,1474
shape_J40CWLMYJB_0,1.468464451279075,103.58509072883606,53,1492
shape_J40CWLMYJB_0,1.467545,103.584903,54,1596
shape_J40CWLMYJB_0,1.466947,103.584769,55,1664
shape_J40CWLMYJB_0,1.466032,103.584582,56,1768
shape_J40CWLMYJB_0,1.46582,103.584553,57,1792
shape_J40CWLMYJB_0,1.46521,103.584451,58,1861
shape_J40CWLMYJB_0,1.464377,103.584276,59,1956
shape_J40CWLMYJB_0,1.4641,103.58424,60,1987
shape_J40CWLMYJB_0,1.46389,103.58422,61,2010
shape_J40CWLMYJB_0,1.46364,103.58423,62,2038
shape_J40CWLMYJB_0,1.46223,103.58446,63,2197
shape_J40CWLMYJB_0,1.4616,103.58466,64,2270
shape_J40CWLMYJB_0,1.461434,103.584648,65,2289
shape_J40CWLMYJB_0,1.460987,103.584739,66,2340
shape_J40CWLMYJB_0,1.460265,103.584873,67,2422
shape_J40CWLMYJB_0,1.459959064689774,103.5849224196434,68,2456
shape_J40CWLMYJB_0,1.4595835818469365,103.58497682209016,69,2498
shape_J40CWLMYJB_0,1.45777000000001,103.58521591840267,70,2701
shape_J40CWLMYJB_0,1.4571886593291878,103.58525128282074,71,2766
shape_J40CWLMYJB_0,1.45475,103.585211,72,3037
shape_J40CWLMYJB_0,1.454052,103.58521,73,3115
shape_J40CWLMYJB_0,1.453761,103.585189,74,3147
shape_J40CWLMYJB_0,1.453526,103.585156,75,3173
shape_J40CWLMYJB_0,1.453388,103.585136,76,3189
shape_J40CWLMYJB_0,1.453318,103.58512,77,3197
shape_J40CWLMYJB_0,1.453269,103.585104,78,3203
shape_J40CWLMYJB_0,1.4524627461137671,103.58513670552253,79,3293
shape_J40CWLMYJB_0,1.45239,103.5852,80,3304
shape_J40CWLMYJB_0,1.45227,103.585136,81,3319
shape_J40CWLMYJB_0,1.451741,103.58512,82,3378
shape_J40CWLMYJB_0,1.45117,103.585112,83,3441
shape_J40CWLMYJB_0,1.450552,103.585099,84,3510
shape_J40CWLMYJB_0,1.4503247666318118,103.5851211662531,85,3535
shape_J40CWLMYJB_0,1.4501433612793253,103.58517865889546,86,3556
shape_J40CWLMYJB_0,1.449761975099602,103.58539338161467,87,3605
shape_J40CWLMYJB_0,1.44833,103.58622,88,3789
shape_J40CWLMYJB_0,1.4480085947787351,103.58641478157999,89,3831
shape_J40CWLMYJB_0,1.447857,103.586551,90,3854
shape_J40CWLMYJB_0,1.447660339898572,103.58676755092621,91,3887
shape_J40CWLMYJB_0,1.4475318457930437,103.58702486871721,92,3919
shape_J40CWLMYJB_0,1.447462,103.587311,93,3952
shape_J40CWLMYJB_0,1.447427,103.587572,94,3981
shape_J40CWLMYJB_0,1.4474250873345789,103.58776139823433,95,4002
shape_J40CWLMYJB_0,1.44752,103.58779,96,4013
shape_J40CWLMYJB_0,1.447433,103.587899,97,4029
shape_J40CWLMYJB_0,1.447423,103.588177,98,4060
shape_J40CWLMYJB_0,1.447351,103.588785,99,4128
shape_J40CWLMYJB_0,1.4472626262782127,103.5895333527613,100,4212
shape_J40CWLMYJB_0,1.4472464280076884,103.58961752207281,101,4222
shape_J40CWLMYJB_0,1.4469896884052742,103.58959338219168,102,4251
shape_J40CWLMYJB_0,1.4467912682226718,103.58955784292223,103,4273
shape_J40CWLMYJB_0,1.4465928480227164,103.58953638525011,104,4295
shape_J40CWLMYJB_0,1.446574,103.589542,105,4297
shape_J40CWLMYJB_0,1.446549,103.589551,106,4300
shape_J40CWLMYJB_0,1.446537,103.589563,107,4302
shape_J40CWLMYJB_0,1.446518,103.589583,108,4305
shape_J40CWLMYJB_0,1.446508,103.589598,109,4307
shape_J40CWLMYJB_0,1.446502,103.589628,110,4310
shape_J40CWLMYJB_0,1.446505,103.589663,111,4314
shape_J40CWLMYJB_0,1.44651,103.589691,112,4317
shape_J40CWLMYJB_0,1.4465214569667875,103.58971410551857,113,4320
shape_J40CWLMYJB_0,1.4465338582301808,103.58972983957531,114,4322
shape_J40CWLMYJB_0,1.4465516222019632,103.58973989785912,115,4324
shape_J40CWLMYJB_0,1.4468,103.58976,116,4352
shape_J40CWLMYJB_0,1.446997,103.589786,117,4374
shape_J40CWLMYJB_0,1.4472405696272181,103.58982548098562,118,4401
shape_J40CWLMYJB_0,1.447453,103.5899,119,4426
shape_J40CWLMYJB_0,1.447618,103.589962,120,4446
shape_J40CWLMYJB_0,1.447797,103.590133,121,4474
shape_J40CWLMYJB_0,1.447937,103.59025,122,4494
shape_J40CWLMYJB_0,1.448314,103.59043,123,4540
shape_J40CWLMYJB_0,1.4485247864940776,103.59049543597462,124,4565
shape_J40CWLMYJB_0,1.44856,103.59043,125,4573
shape_J40CWLMYJB_0,1.448654,103.590528,126,4588
shape_J40CWLMYJB_0,1.44905,103.59066,127,4634
shape_J40CWLMYJB_0,1.4492089229068923,103.59073674049283,128,4654
shape_J40CWLMYJB_0,1.44931,103.59066,129,4668
shape_J40CWLMYJB_0,1.449331,103.590791,130,4683
shape_J40CWLMYJB_0,1.449888,103.591076,131,4753
shape_J40CWLMYJB_0,1.450621,103.591509,132,4848
shape_J40CWLMYJB_0,1.450782,103.591596,133,4868
shape_J40CWLMYJB_0,1.4508834067454943,103.59169498528483,134,4884
shape_J40CWLMYJB_0,1.4510106703372392,103.59187402331355,135,4908
shape_J40CWLMYJB_0,1.451070055058308,103.59218026256562,136,4943
shape_J40CWLMYJB_0,1.4510745271859167,103.59232166195395,137,4959
shape_J40CWLMYJB_0,1.451079,103.592425,138,4970
shape_J40CWLMYJB_0,1.451097,103.592499,139,4978
shape_J40CWLMYJB_0,1.451111,103.592735,140,5004
shape_J40CWLMYJB_0,1.4511002966279285,103.59287102331355,141,5019
shape_J40CWLMYJB_0,1.451065,103.593191,142,5055
shape_J40CWLMYJB_0,1.4509052071550375,103.59419648392912,143,5168
shape_J40CWLMYJB_0,1.45091,103.59426,144,5175
shape_J40CWLMYJB_0,1.450861,103.594445,145,5196
shape_J40CWLMYJB_0,1.450812,103.594849,146,5241
shape_J40CWLMYJB_0,1.4507834618057165,103.59515723007681,147,5275
shape_J40CWLMYJB_0,1.45088,103.59521,148,5287
shape_J40CWLMYJB_0,1.450789,103.595324,149,5303
shape_J40CWLMYJB_0,1.4508054728174182,103.59551591840265,150,5324
shape_J40CWLMYJB_0,1.45091413214164,103.59584994171622,151,5363
shape_J40CWLMYJB_0,1.4511788244991726,103.59638005828383,152,5429
shape_J40CWLMYJB_0,1.451423,103.596768,153,5480
shape_J40CWLMYJB_0,1.451726,103.597189,154,5538
shape_J40CWLMYJB_0,1.452311,103.597957,155,5645
shape_J40CWLMYJB_0,1.4528385169419638,103.59859428241731,156,5737
shape_J40CWLMYJB_0,1.45298,103.59857,157,5753
shape_J40CWLMYJB_0,1.453,103.598808,158,5780
shape_J40CWLMYJB_0,1.453535,103.599486,159,5876
shape_J40CWLMYJB_0,1.453865,103.599936,160,5938
shape_J40CWLMYJB_0,1.45407,103.60023,161,5978
shape_J40CWLMYJB_0,1.454189,103.600434,162,6004
shape_J40CWLMYJB_0,1.454404,103.600888,163,6060
shape_J40CWLMYJB_0,1.45459,103.60136,164,6116
shape_J40CWLMYJB_0,1.454708,103.601625,165,6148
shape_J40CWLMYJB_0,1.4548,103.601885,166,6179
shape_J40CWLMYJB_0,1.454948714368888,103.60238335276127,167,6237
shape_J40CWLMYJB_0,1.455033,103.602704,168,6274
shape_J40CWLMYJB_0,1.4550528464659918,103.6029109325409,169,6297
shape_J40CWLMYJB_0,1.4550607253765688,103.60326355646608,170,6336
shape_J40CWLMYJB_0,1.4550407253766806,103.60381921288015,171,6398
shape_J40CWLMYJB_0,1.455086,103.60401,172,6420
shape_J40CWLMYJB_0,1.455133,103.604174,173,6439
shape_J40CWLMYJB_0,1.4553989148056228,103.60463871081114,174,6499
shape_J40CWLMYJB_0,1.4559440770512688,103.60550798834322,175,6613
shape_J40CWLMYJB_0,1.456303,103.606053,176,6686
shape_J40CWLMYJB_0,1.4564,103.606206,177,6706
shape_J40CWLMYJB_0,1.4566686593288873,103.60653804662705,178,6753
shape_J40CWLMYJB_0,1.457095,103.607035,179,6826
shape_J40CWLMYJB_0,1.457519,103.607543,180,6900
shape_J40CWLMYJB_0,1.457711,103.607782,181,6934
shape_J40CWLMYJB_0,1.457845,103.607947,182,6958
shape_J40CWLMYJB_0,1.458291,103.60847,183,7034
shape_J40CWLMYJB_0,1.458622,103.608859,184,7091
shape_J40CWLMYJB_0,1.459108,103.609461,185,7177
shape_J40CWLMYJB_0,1.4593033516738452,103.60968731779099,186,7210
shape_J40CWLMYJB_0,1.4594220110042004,103.60980000000002,187,7228
shape_J40CWLMYJB_0,1.460373,103.610411,188,7354
shape_J40CWLMYJB_0,1.460919494708901,103.6107412245369,189,7425
shape_J40CWLMYJB_0,1.461604,103.611074,190,7510
shape_J40CWLMYJB_0,1.461665,103.611151,191,7521
shape_J40CWLMYJB_0,1.462323,103.611452,192,7601
shape_J40CWLMYJB_0,1.4628560330034008,103.61172743435863,193,7668
shape_J40CWLMYJB_0,1.463062626329872,103.61187603497028,194,7696
shape_J40CWLMYJB_0,1.4632419559968792,103.61207005828378,195,7725
shape_J40CWLMYJB_0,1.4635099449972908,103.61244078711988,196,7776
shape_J40CWLMYJB_0,1.463811,103.612924,197,7839
shape_J40CWLMYJB_0,1.464083,103.613365,198,7897
shape_J40CWLMYJB_0,1.464282,103.613706,199,7941
shape_J40CWLMYJB_0,1.4645752526697235,103.61425274049283,200,8010
shape_J40CWLMYJB_0,1.464807,103.614764,201,8072
shape_J40CWLMYJB_0,1.465072,103.615447,202,8153
shape_J40CWLMYJB_0,1.4651728463181244,103.61564790062904,203,8178
shape_J40CWLMYJB_0,1.4652997146310043,103.61582192394256,204,8202
shape_J40CWLMYJB_0,1.4654625609408218,103.6159465595245,205,8225
shape_J40CWLMYJB_0,1.4657304845251113,103.61604125339029,206,8257
shape_J40CWLMYJB_0,1.465994,103.616087,207,8287
shape_J40CWLMYJB_0,1.466144,103.616105,208,8304
shape_J40CWLMYJB_0,1.467004,103.616225,209,8401
shape_J40CWLMYJB_0,1.467985,103.616377,210,8511
shape_J40CWLMYJB_0,1.468200240608445,103.61642361417293,211,8535
shape_J40CWLMYJB_0,1.46834,103.61644,212,8551
shape_J40CWLMYJB_0,1.468551,103.616467,213,8575
shape_J40CWLMYJB_0,1.46911,103.61647,214,8637
shape_J40CWLMYJB_0,1.4693589448342153,103.61643938773155,215,8665
shape_J40CWLMYJB_0,1.4696274835991776,103.61632647238731,216,8697
shape_J40CWLMYJB_0,1.46968,103.61611,217,8722
shape_J40CWLMYJB_0,1.469883,103.616153,218,8745
shape_J40CWLMYJB_0,1.4701649122123919,103.6158892128801,219,8788
shape_J40CWLMYJB_0,1.4707967033133367,103.61522469386577,220,8890
shape_J40CWLMYJB_0,1.4709905054241645,103.61506279877663,221,8918
shape_J40CWLMYJB_0,1.471126,103.615001,222,8935
shape_J40CWLMYJB_0,1.472849,103.614614,223,9131
shape_J40CWLMYJB_0,1.474,103.61436,224,9262
shape_J40CWLMYJB_0,1.474166,103.614349,225,9280
shape_J40CWLMYJB_0,1.47432357146805,103.61438067055225,226,9298
shape_J40CWLMYJB_0,1.474568,103.614462,227,9327
shape_J40CWLMYJB_0,1.474759,103.614531,228,9350
shape_J40CWLMYJB_0,1.474887033011151,103.61454682209015,229,9364
shape_J40CWLMYJB_0,1.475154175910152,103.61454798834323,230,9394
shape_J40CWLMYJB_0,1.475488714288989,103.61453346932885,231,9431
shape_J40CWLMYJB_0,1.4759525055116063,103.61462967915055,232,9484
shape_J40CWLMYJB_0,1.4764317802170668,103.61472693865777,233,9538
shape_J40CWLMYJB_0,1.47691,103.61476,234,9591
shape_J40CWLMYJB_0,1.47724,103.61476,235,9628
shape_J40CWLMYJB_0,1.477399,103.614807,236,9646
shape_J40CWLMYJB_0,1.478141725217,103.61488548098563,237,9729
shape_J40CWLMYJB_0,1.4783710548805153,103.61487944601535,238,9755
shape_J40CWLMYJB_0,1.478656,103.61481,239,9788
shape_J40CWLMYJB_0,1.4791767032880891,103.61469029141904,240,9847
shape_J40CWLMYJB_0,1.47937,103.614654,241,9869
shape_J40CWLMYJB_0,1.479811,103.614648,242,9918
shape_J40CWLMYJB_0,1.4801344390264077,103.6146477840614,243,9954
shape_J40CWLMYJB_0,1.480431208392331,103.6146524196434,244,9987
shape_J40CWLMYJB_0,1.4806186481249324,103.6146823613596,245,10008
shape_J40CWLMYJB_0,1.480809340532705,103.614757171793,246,10031
shape_J40CWLMYJB_0,1.48114421918036,103.61491892088416,247,10072
shape_J40CWLMYJB_0,1.481757,103.615126,248,10144
shape_J40CWLMYJB_0,1.481983,103.615192,249,10170
shape_J40CWLMYJB_0,1.4820568131176304,103.615202682209,250,10178
shape_J40CWLMYJB_0,1.48216,103.61516,251,10190
shape_J40CWLMYJB_0,1.482273,103.615263,252,10207
shape_J40CWLMYJB_0,1.483147,103.61547,253,10307
shape_J40CWLMYJB_0,1.4838350217585392,103.61558743435857,254,10385
shape_J40CWLMYJB_0,1.484014,103.615618,255,10405
shape_J40CWLMYJB_0,1.48441,103.615589,256,10449
shape_J40CWLMYJB_0,1.4847609219879714,103.61555702637197,257,10488
shape_J40CWLMYJB_0,1.485689,103.615483,258,10592
shape_J40CWLMYJB_0,1.486125,103.615453,259,10641
shape_J40CWLMYJB_0,1.4863860329396246,103.61545352761269,260,10670
shape_J40CWLMYJB_0,1.486937,103.615463,261,10731
shape_J40CWLMYJB_0,1.487504,103.615465,262,10794
shape_J40CWLMYJB_0,1.4879098237074537,103.61545206994059,263,10839
shape_J40CWLMYJB_0,1.488424,103.615435,264,10896
shape_J40CWLMYJB_0,1.4886415485571785,103.61544358589647,265,10920
shape_J40CWLMYJB_0,1.4887359231559525,103.6154560349703,266,10931
shape_J40CWLMYJB_0,1.488959,103.61556,267,10958
shape_J40CWLMYJB_0,1.489345,103.615802,268,11009
shape_J40CWLMYJB_0,1.4896246139864109,103.61596897916793,269,11045
shape_J40CWLMYJB_0,1.49043,103.61645,270,11149
shape_J40CWLMYJB_0,1.49054,103.6165,271,11162
shape_J40CWLMYJB_0,1.490711,103.616525,272,11181
shape_J40CWLMYJB_0,1.49108,103.616512,273,11222
shape_J40CWLMYJB_0,1.491528,103.616511,274,11272
shape_J40CWLMYJB_0,1.491875,103.61651,275,11311
shape_J40CWLMYJB_0,1.492194,103.616462,276,11347
shape_J40CWLMYJB_0,1.4926075026016443,103.61636244907378,277,11394
shape_J40CWLMYJB_0,1.4930282474927228,103.61623921288013,278,11443
shape_J40CWLMYJB_0,1.493244570630299,103.61617938773153,279,11468
shape_J40CWLMYJB_0,1.493466,103.616162,280,11493
shape_J40CWLMYJB_0,1.494178,103.616193,281,11572
shape_J40CWLMYJB_0,1.494692,103.616194,282,11629
shape_J40CWLMYJB_0,1.495378,103.616239,283,11705
shape_J40CWLMYJB_0,1.4956378712116691,103.61625069940567,284,11734
shape_J40CWLMYJB_0,1.49566,103.61615,285,11745
shape_J40CWLMYJB_0,1.495806,103.61627,286,11766
shape_J40CWLMYJB_0,1.496314,103.61632,287,11823
shape_J40CWLMYJB_0,1.496715,103.616349,288,11868
shape_J40CWLMYJB_0,1.4976053406464176,103.61640670552252,289,11967
shape_J40CWLMYJB_0,1.497991,103.616449,290,12010
shape_J40CWLMYJB_0,1.498187,103.61649,291,12032
shape_J40CWLMYJB_0,1.4983700426602975,103.61654370246409,292,12053
shape_J40CWLMYJB_0,1.4986190432592772,103.61662705522538,293,12082
shape_J40CWLMYJB_0,1.4989105606387134,103.61677688037393,294,12118
shape_J40CWLMYJB_0,1.499094,103.616899,295,12143
shape_J40CWLMYJB_0,1.499604,103.617321,296,12217
shape_J40CWLMYJB_0,1.499833,103.617498,297,12249
shape_J40CWLMYJB_0,1.5004456424492851,103.6180143135786,298,12338
shape_J40CWLMYJB_0,1.50059,103.61805,299,12355
shape_J40CWLMYJB_0,1.500612,103.618179,300,12370
shape_J40CWLMYJB_0,1.50085,103.61847,301,12412
shape_J40CWLMYJB_0,1.50105,103.61875,302,12450
shape_J40CWLMYJB_0,1.501632,103.619663,303,12570
shape_J40CWLMYJB_0,1.501904,103.620042,304,12622
shape_J40CWLMYJB_0,1.5020219437522098,103.62020253621101,305,12644
shape_J40CWLMYJB_0,1.5022511513715444,103.62045104910852,306,12682
shape_J40CWLMYJB_0,1.5025014927106408,103.62068795891285,307,12720
shape_J40CWLMYJB_0,1.5026725592152652,103.62082705522536,308,12745
shape_J40CWLMYJB_0,1.5030858859347214,103.62105177794456,309,12797
shape_J40CWLMYJB_0,1.503941,103.62145,310,12902
shape_J40CWLMYJB_0,1.5041517243694429,103.62158230307578,311,12930
shape_J40CWLMYJB_0,1.50418,103.62169,312,12942
shape_J40CWLMYJB_0,1.5043,103.621699,313,12955
shape_J40CWLMYJB_0,1.50444,103.621839,314,12977
shape_J40CWLMYJB_0,1.504925,103.622416,315,13061
shape_J40CWLMYJB_0,1.505517,103.62313,316,13164
shape_J40CWLMYJB_0,1.5058405903259193,103.6235433227539,317,13222
shape_J40CWLMYJB_0,1.506242,103.624087,318,13297
shape_J40CWLMYJB_0,1.507092209115934,103.62539438882173,319,13470
shape_J40CWLMYJB_0,1.50719,103.62545,320,13483
shape_J40CWLMYJB_0,1.507281,103.625664,321,13509
shape_J40CWLMYJB_0,1.5075912858382037,103.62606005828384,322,13565
shape_J40CWLMYJB_0,1.507726,103.626201,323,13587
shape_J40CWLMYJB_0,1.508008,103.626487,324,13632
shape_J40CWLMYJB_0,1.508819,103.62725,325,13756
shape_J40CWLMYJB_0,1.509252,103.627648,326,13821
shape_J40CWLMYJB_0,1.509957,103.628303,327,13928
shape_J40CWLMYJB_0,1.510543,103.628839,328,14016
shape_J40CWLMYJB_0,1.510936,103.629217,329,14077
shape_J40CWLMYJB_0,1.511282,103.629591,330,14134
shape_J40CWLMYJB_0,1.511793,103.630133,331,14217
shape_J40CWLMYJB_0,1.511969,103.63034,332,14247
shape_J40CWLMYJB_0,1.512641,103.630923,333,14346
shape_J40CWLMYJB_0,1.512864,103.631128,334,14380
shape_J40CWLMYJB_0,1.5129022218613162,103.63117520688057,335,14387
shape_J40CWLMYJB_0,1.51299,103.63123,336,14399
shape_J40CWLMYJB_0,1.513087,103.63134,337,14415
shape_J40CWLMYJB_0,1.513528,103.631776,338,14484
shape_J40CWLMYJB_0,1.51371,103.63197,339,14514
shape_J40CWLMYJB_0,1.513905,103.632177,340,14546
shape_J40CWLMYJB_0,1.513822,103.632272,341,14560
shape_J40CWLMYJB_0,1.513722,103.632405,342,14578
shape_J40CWLMYJB_0,1.513522,103.632617,343,14610
shape_J40CWLMYJB_0,1.513064619050694,103.63307686454147,344,14682
shape_J40CWLMYJB_0,1.51305,103.63318,345,14694
shape_J40CWLMYJB_0,1.512932,103.633213,346,14708
shape_J40CWLMYJB_0,1.51235,103.6338,347,14800
shape_J40CWLMYJB_0,1.512255,103.633921,348,14817
shape_J40CWLMYJB_0,1.512031,103.634208,349,14857
shape_J40CWLMYJB_0,1.5118803416260107,103.63446792948247,350,14890
shape_J40CWLMYJB_0,1.5117606155360503,103.6347060055399,351,14920
shape_J40CWLMYJB_0,1.5116028456265473,103.63492766749381,352,14950
shape_J40CWLMYJB_0,1.511411,103.635133,353,14981
shape_J40CWLMYJB_0,1.510378,103.636154,354,15142
shape_J40CWLMYJB_0,1.5099,103.63665,355,15219
shape_J40CWLMYJB_0,1.5094636511692434,103.63711131827377,356,15290
shape_J40CWLMYJB_0,1.5095,103.6372,357,15301
shape_J40CWLMYJB_0,1.509327,103.637253,358,15321
shape_J40CWLMYJB_0,1.5090577150649054,103.63753036868214,359,15364
shape_J40CWLMYJB_0,1.508038,103.638579,360,15527
shape_J40CWLMYJB_0,1.507664,103.638979,361,15588
shape_J40CWLMYJB_0,1.5073544118846334,103.63928798834323,362,15637
shape_J40CWLMYJB_0,1.5073137415646887,103.63934826533556,363,15645
shape_J40CWLMYJB_0,1.507311,103.639361,364,15646
shape_J40CWLMYJB_0,1.507308,103.639391,365,15649
shape_J40CWLMYJB_0,1.507312,103.639437,366,15654
shape_J40CWLMYJB_0,1.507316,103.639501,367,15661
shape_J40CWLMYJB_0,1.507326,103.639529,368,15664
shape_J40CWLMYJB_0,1.507366,103.639595,369,15673
shape_J40CWLMYJB_0,1.5074340640419586,103.63966569911717,370,15684
shape_J40CWLMYJB_0,1.5074745088062016,103.63970618039134,371,15690
shape_J40CWLMYJB_0,1.50751,103.63973,372,15695
shape_J40CWLMYJB_0,1.508124,103.640329,373,15790
shape_J40CWLMYJB_0,1.509079,103.641225,374,15936
shape_J40CWLMYJB_0,1.510095,103.64216,375,16090
shape_J40CWLMYJB_0,1.51017,103.64219,376,16099
shape_J40CWLMYJB_0,1.510222,103.642291,377,16112
shape_J40CWLMYJB_0,1.512094,103.644028,378,16396
shape_J40CWLMYJB_0,1.5121513824759383,103.64403428934098,379,16402
shape_J40CWLMYJB_0,1.512189,103.644124,380,16413
shape_J40CWLMYJB_0,1.512708,103.64462,381,16493
shape_J40CWLMYJB_0,1.5127449890443472,103.64465031779099,382,16498
shape_J40CWLMYJB_0,1.512579,103.64482,383,16524
shape_J40CWLMYJB_0,1.512302,103.645111,384,16569
shape_J40CWLMYJB_0,1.5120126264934852,103.64542375382189,385,16616
shape_J40CWLMYJB_0,1.5120098485988966,103.64548448612211,386,16623
shape_J40CWLMYJB_0,1.511964,103.645479,387,16628
shape_J40CWLMYJB_0,1.51172,103.645742,388,16668
shape_J40CWLMYJB_0,1.511373,103.646097,389,16723
shape_J40CWLMYJB_0,1.510977,103.646505,390,16786
shape_J40CWLMYJB_0,1.510657,103.646829,391,16837
shape_J40CWLMYJB_0,1.510064,103.647452,392,16933
shape_J40CWLMYJB_0,1.509741,103.647774,393,16984
shape_J40CWLMYJB_0,1.509482,103.648037,394,17025
shape_J40CWLMYJB_0,1.5091342630164588,103.64840472606613,395,17081
shape_J40CWLMYJB_0,1.50913,103.64846,396,17087
shape_J40CWLMYJB_0,1.509082,103.648458,397,17092
shape_J40CWLMYJB_0,1.508818,103.648737,398,17135
shape_J40CWLMYJB_0,1.508232,103.649364,399,17230
shape_J40CWLMYJB_0,1.507916,103.649696,400,17281
shape_J40CWLMYJB_0,1.507656,103.65005,401,17330
shape_J40CWLMYJB_0,1.5075212985326658,103.65024483928681,402,17356
shape_J40CWLMYJB_0,1.5074729679833183,103.65038772577762,403,17373
shape_J40CWLMYJB_0,1.5074117917491656,103.65063309019568,404,17401
shape_J40CWLMYJB_0,1.5073758684726788,103.65086475406376,405,17427
shape_J40CWLMYJB_0,1.507385,103.651052,406,17448
shape_J40CWLMYJB_0,1.507432,103.651355,407,17482
shape_J40CWLMYJB_0,1.507522,103.651591,408,17510
shape_J40CWLMYJB_0,1.5075613406403272,103.651656009125,409,17518
shape_J40CWLMYJB_0,1.50759,103.65168,410,17522
shape_J40CWLMYJB_0,1.507614,103.651733,411,17528
shape_J40CWLMYJB_0,1.507686,103.651815,412,17540
shape_J40CWLMYJB_0,1.507851,103.651984,413,17566
shape_J40CWLMYJB_0,1.507901,103.652037,414,17574
shape_J40CWLMYJB_0,1.507947,103.6521,415,17583
shape_J40CWLMYJB_0,1.507996,103.652154,416,17591
shape_J40CWLMYJB_0,1.508038,103.6522,417,17598
shape_J40CWLMYJB_0,1.50821,103.65237,418,17625
shape_J40CWLMYJB_0,1.508278,103.652435,419,17635
shape_J40CWLMYJB_0,1.508384,103.652326,420,17652
shape_J40CWLMYJB_0,1.508512,103.652205,421,17672
shape_J40CWLMYJB_0,1.508655,103.652052,422,17695
shape_J40CWLMYJB_0,1.508650175351359,103.65198827116392,423,17702
shape_J40CWLMYJB_0,1.50867,103.65189,424,17713
shape_J40CWLMYJB_0,1.508803,103.651891,425,17728
shape_J40CWLMYJB_0,1.509268,103.651403,426,17803
shape_J40CWLMYJB_0,1.509473,103.651153,427,17839
shape_J40CWLMYJB_0,1.5096293844732145,103.65099417790985,428,17864
shape_J40CWLMYJB_0,1.5097,103.65098,429,17872
shape_J40CWLMYJB_0,1.509697,103.650922,430,17878
shape_J40CWLMYJB_0,1.510002,103.650639,431,17924
shape_J40CWLMYJB_0,1.5102608456468256,103.6504668484621,432,17959
shape_J40CWLMYJB_0,1.5104885240857482,103.65037965029717,433,17986
shape_J40CWLMYJB_0,1.510578482138837,103.65034664723872,434,17997
shape_J40CWLMYJB_0,1.5108156912773762,103.65032615153791,435,18023
shape_J40CWLMYJB_0,1.5111265936190257,103.65035078711988,436,18058
shape_J40CWLMYJB_0,1.511322,103.650415,437,18081
shape_J40CWLMYJB_0,1.5114265936208735,103.65045822147846,438,18094
shape_J40CWLMYJB_0,1.51146,103.65047,439,18098
shape_J40CWLMYJB_0,1.511538,103.650526,440,18109
shape_J40CWLMYJB_0,1.511618,103.650574,441,18119
shape_J40CWLMYJB_0,1.511687,103.650625,442,18129
shape_J40CWLMYJB_0,1.512089,103.650971,443,18188
shape_J40CWLMYJB_0,1.51248,103.65131,444,18246
shape_J40CWLMYJB_0,1.512973,103.651766,445,18321
shape_J40CWLMYJB_0,1.513388,103.652147,446,18384
shape_J40CWLMYJB_0,1.513633,103.652384,447,18422
shape_J40CWLMYJB_0,1.5136648680792897,103.65242999538421,448,18428
shape_J40CWLMYJB_0,1.51371,103.65247,449,18435
shape_J40CWLMYJB_0,1.513805,103.652552,450,18449
shape_J40CWLMYJB_0,1.514058,103.652803,451,18489
shape_J40CWLMYJB_0,1.514089,103.652834,452,18494
shape_J40CWLMYJB_0,1.514048,103.652883,453,18501
shape_J40CWLMYJB_0,1.513993,103.652944,454,18510
shape_J40CWLMYJB_0,1.513837,103.653114,455,18536
shape_J40CWLMYJB_0,1.513711,103.653246,456,18556
shape_J40CWLMYJB_0,1.513583,103.653385,457,18577
shape_J40CWLMYJB_0,1.513478,103.6535,458,18594
shape_J40CWLMYJB_0,1.51337,103.653614,459,18611
shape_J40CWLMYJB_0,1.513277,103.65372,460,18627
shape_J40CWLMYJB_0,1.513164,103.653844,461,18646
shape_J40CWLMYJB_0,1.513067,103.653951,462,18662
shape_J40CWLMYJB_0,1.512966,103.65406,463,18679
shape_J40CWLMYJB_0,1.512886,103.654149,464,18692
shape_J40CWLMYJB_0,1.512781,103.65426,465,18709
shape_J40CWLMYJB_0,1.512658,103.654382,466,18728
shape_J40CWLMYJB_0,1.512495,103.654552,467,18754
shape_J40CWLMYJB_0,1.512386974187744,103.65465322025857,468,18770
shape_J40CWLMYJB_0,1.51234,103.65465,469,18775
shape_J40CWLMYJB_0,1.512302,103.654737,470,18786
shape_J40CWLMYJB_0,1.511945,103.655112,471,18844
shape_J40CWLMYJB_0,1.511727,103.65534,472,18879
shape_J40CWLMYJB_0,1.5115803522913744,103.65550339431049,473,18903
shape_J40CWLMYJB_0,1.511741,103.655663,474,18928
shape_J40CWLMYJB_0,1.511944,103.655857,475,18959
shape_J40CWLMYJB_0,1.512043,103.655959,476,18975
shape_J40CWLMYJB_0,1.512227,103.656137,477,19003
shape_J40CWLMYJB_0,1.51231,103.656207,478,19015
shape_J40CWLMYJB_0,1.512653,103.656473,479,19063
shape_J40CWLMYJB_0,1.5128093974451744,103.65660384442327,480,19086
shape_J40CWLMYJB_0,1.51284,103.65662,481,19090
shape_J40CWLMYJB_0,1.512883,103.656668,482,19097
shape_J40CWLMYJB_0,1.513025,103.656787,483,19118
shape_J40CWLMYJB_0,1.51329,103.657057,484,19160
shape_J40CWLMYJB_0,1.513418,103.657187,485,19180
shape_J40CWLMYJB_0,1.513522,103.657285,486,19196
shape_J40CWLMYJB_0,1.513726,103.657072,487,19229
shape_J40CWLMYJB_0,1.51377205477354,103.65701894171622,488,19237
shape_J40CWLMYJB_0,1.51378,103.65693,489,19247
shape_J40CWLMYJB_0,1.513898,103.656901,490,19261
shape_J40CWLMYJB_0,1.514152,103.656635,491,19302
shape_J40CWLMYJB_0,1.514484,103.656287,492,19355
shape_J40CWLMYJB_0,1.514647,103.656126,493,19380
shape_J40CWLMYJB_0,1.514697,103.656187,494,19389
shape_J40CWLMYJB_0,1.51479,103.656282,495,19404
shape_J40CWLMYJB_0,1.515205,103.656687,496,19468
shape_J40CWLMYJB_0,1.515621,103.657089,497,19532
shape_J40CWLMYJB_0,1.515796517259638,103.65726585723401,498,19560
shape_J40CWLMYJB_0,1.51587,103.65726,499,19568
shape_J40CWLMYJB_0,1.515886978094531,103.6573480116568,500,19578
shape_J40CWLMYJB_0,1.516402,103.657848,501,19658
shape_J40CWLMYJB_0,1.51701,103.658384,502,19748
shape_J40CWLMYJB_0,1.517841,103.659175,503,19876
shape_J40CWLMYJB_0,1.5179,103.65916,504,19883
shape_J40CWLMYJB_0,1.517953,103.659286,505,19898
shape_J40CWLMYJB_0,1.51872,103.660004,506,20015
shape_J40CWLMYJB_0,1.519675,103.660872,507,20158
shape_J40CWLMYJB_0,1.51975,103.66089,508,20167
shape_J40CWLMYJB_0,1.519783,103.660975,509,20177
shape_J40CWLMYJB_0,1.52054,103.661691,510,20293
shape_J40CWLMYJB_0,1.52075,103.66191,511,20327
shape_J40CWLMYJB_0,1.5215892749470623,103.66268548098563,512,20454
shape_J40CWLMYJB_0,1.5222829144460703,103.66332026141168,513,20559
shape_J40CWLMYJB_0,1.52242,103.66333,514,20574
shape_J40CWLMYJB_0,1.522483,103.663523,515,20597
shape_J40CWLMYJB_0,1.524019,103.664953,516,20830
shape_J40CWLMYJB_0,1.52406,103.66498,517,20835
shape_J40CWLMYJB_0,1.524139,103.665064,518,20848
shape_J40CWLMYJB_0,1.524564,103.665465,519,20913
shape_J40CWLMYJB_0,1.525038,103.665912,520,20985
shape_J40CWLMYJB_0,1.52526,103.66603,521,21013
shape_J40CWLMYJB_0,1.52533,103.66605,522,21021
shape_J40CWLMYJB_0,1.5254,103.66603,523,21029
shape_J40CWLMYJB_0,1.5256147469203465,103.6659347521496,524,21055
shape_J40CWLMYJB_0,1.5258073187420018,103.66575559755323,525,21084
shape_J40CWLMYJB_0,1.5260014500621213,103.66558341104506,526,21113
shape_J40CWLMYJB_0,1.5262747469158064,103.66543743435857,527,21147
shape_J40CWLMYJB_0,1.52719,103.66507,528,21257
shape_J40CWLMYJB_0,1.527362,103.665036,529,21276
shape_J40CWLMYJB_0,1.528366,103.664733,530,21393
shape_J40CWLMYJB_0,1.528942,103.66452,531,21461
shape_J40CWLMYJB_0,1.52917611445495,103.66443189508915,532,21489
shape_J40CWLMYJB_0,1.5292635703727318,103.66440459172486,533,21499
shape_J40CWLMYJB_0,1.52948,103.665,534,21569
shape_J40CWLMYJB_0,1.52955,103.665251,535,21598
shape_J40CWLMYJB_0,1.529656,103.665584,536,21637
shape_J40CWLMYJB_0,1.529795,103.666074,537,21694
shape_J40CWLMYJB_0,1.529875,103.666347,538,21726
shape_J40CWLMYJB_0,1.5299604375857523,103.66666099082471,539,21762
shape_J40CWLMYJB_0,1.5300008891049464,103.66687670552254,540,21786
shape_J40CWLMYJB_0,1.5300594937797385,103.66712195337297,541,21814
shape_J40CWLMYJB_0,1.530120109394667,103.6672986588955,542,21835
shape_J40CWLMYJB_0,1.530256,103.667532,543,21865
shape_J40CWLMYJB_0,1.530528,103.667914,544,21917
shape_J40CWLMYJB_0,1.530692954725528,103.66814090368744,545,21948
shape_J40CWLMYJB_0,1.530447,103.668344,546,21983
shape_J40CWLMYJB_0,1.530087,103.668655,547,22036
shape_J40CWLMYJB_0,1.529592,103.669094,548,22110
shape_J40CWLMYJB_0,1.5294102327099923,103.66926696751115,549,22138
shape_J40CWLMYJB_0,1.5291821750456218,103.66950778406145,550,22175
shape_J40CWLMYJB_0,1.528809,103.669946,551,22239
shape_J40CWLMYJB_0,1.528455,103.670436,552,22306
shape_J40CWLMYJB_0,1.528331,103.670596,553,22329
shape_J40CWLMYJB_0,1.528177,103.67073,554,22352
shape_J40CWLMYJB_0,1.52814,103.670772,555,22358
shape_J40CWLMYJB_0,1.5281091046211124,103.67081972127676,556,22364
shape_J40CWLMYJB_0,1.52811,103.67087,557,22370
shape_J40CWLMYJB_0,1.528059,103.670914,558,22377
shape_J40CWLMYJB_0,1.527928,103.671198,559,22412
shape_J40CWLMYJB_0,1.527767,103.67157,560,22457
shape_J40CWLMYJB_0,1.527679,103.671827,561,22487
shape_J40CWLMYJB_0,1.527462,103.672391,562,22554
shape_J40CWLMYJB_0,1.527228,103.673004,563,22627
shape_J40CWLMYJB_0,1.527023,103.673546,564,22691
shape_J40CWLMYJB_0,1.526734,103.674297,565,22780
shape_J40CWLMYJB_0,1.526465,103.675015,566,22865
shape_J40CWLMYJB_0,1.526286,103.675449,567,22917
shape_J40CWLMYJB_0,1.526197,103.675644,568,22941
shape_J40CWLMYJB_0,1.5261421203751078,103.67574174909116,569,22953
shape_J40CWLMYJB_0,1.526002,103.675998,570,22985
shape_J40CWLMYJB_0,1.525842,103.676283,571,23021
shape_J40CWLMYJB_0,1.525638,103.676609,572,23064
shape_J40CWLMYJB_0,1.5254985499330989,103.67683046627046,573,23093
shape_J40CWLMYJB_0,1.5253096169625795,103.67710428530214,574,23130
shape_J40CWLMYJB_0,1.525041,103.677449,575,23179
shape_J40CWLMYJB_0,1.524552,103.678,576,23261
shape_J40CWLMYJB_0,1.52427,103.67832,577,23308
shape_J40CWLMYJB_0,1.524062,103.678494,578,23338
shape_J40CWLMYJB_0,1.523678,103.678813,579,23394
shape_J40CWLMYJB_0,1.523149,103.679211,580,23468
shape_J40CWLMYJB_0,1.522921,103.679369,581,23499
shape_J40CWLMYJB_0,1.522717,103.679484,582,23525
shape_J40CWLMYJB_0,1.5225969083946653,103.67957706457425,583,23542
shape_J40CWLMYJB_0,1.52261,103.67966,584,23551
shape_J40CWLMYJB_0,1.522422,103.679667,585,23572
shape_J40CWLMYJB_0,1.522067,103.679917,586,23620
shape_J40CWLMYJB_0,1.521422,103.680401,587,23710
shape_J40CWLMYJB_0,1.520225,103.681286,588,23876
shape_J40CWLMYJB_0,1.518963,103.682169,589,24047
shape_J40CWLMYJB_0,1.518685,103.682338,590,24083
shape_J40CWLMYJB_0,1.518281,103.682566,591,24135
shape_J40CWLMYJB_0,1.517668,103.682983,592,24217
shape_J40CWLMYJB_0,1.516641,103.6837,593,24356
shape_J40CWLMYJB_0,1.516392895875949,103.68388361970759,594,24390
shape_J40CWLMYJB_0,1.516388,103.6839,595,24392
shape_J40CWLMYJB_0,1.516383,103.683913,596,24394
shape_J40CWLMYJB_0,1.516376,103.683927,597,24396
shape_J40CWLMYJB_0,1.516369,103.683941,598,24398
shape_J40CWLMYJB_0,1.516355,103.683957,599,24400
shape_J40CWLMYJB_0,1.516297,103.68402,600,24410
shape_J40CWLMYJB_0,1.516279,103.684036,601,24413
shape_J40CWLMYJB_0,1.516207,103.684139,602,24427
shape_J40CWLMYJB_0,1.516152,103.684203,603,24436
shape_J40CWLMYJB_0,1.516126,103.684235,604,24441
shape_J40CWLMYJB_0,1.516095,103.684259,605,24445
shape_J40CWLMYJB_0,1.515904,103.684407,606,24472
shape_J40CWLMYJB_0,1.515707,103.68456,607,24500
shape_J40CWLMYJB_0,1.515435,103.684765,608,24538
shape_J40CWLMYJB_0,1.515221,103.684911,609,24567
shape_J40CWLMYJB_0,1.515182,103.684934,610,24572
shape_J40CWLMYJB_0,1.51513,103.68491,611,24578
shape_J40CWLMYJB_0,1.515083,103.685003,612,24590
shape_J40CWLMYJB_0,1.514747,103.685229,613,24635
shape_J40CWLMYJB_0,1.514386,103.685465,614,24683
shape_J40CWLMYJB_0,1.51422,103.6856,615,24707
shape_J40CWLMYJB_0,1.5141096538865562,103.68566602914188,616,24721
shape_J40CWLMYJB_0,1.5139823077728392,103.68572301165675,617,24737
shape_J40CWLMYJB_0,1.513966,103.685715,618,24739
shape_J40CWLMYJB_0,1.5139399397500295,103.6856989766865,619,24742
shape_J40CWLMYJB_0,1.513892,103.685661,620,24749
shape_J40CWLMYJB_0,1.513823,103.685706,621,24758
shape_J40CWLMYJB_0,1.513689,103.6858,622,24776
shape_J40CWLMYJB_0,1.513513,103.68592,623,24800
shape_J40CWLMYJB_0,1.513282,103.686078,624,24831
shape_J40CWLMYJB_0,1.51311,103.686208,625,24855
shape_J40CWLMYJB_0,1.513093,103.686228,626,24858
shape_J40CWLMYJB_0,1.513087,103.686242,627,24860
shape_J40CWLMYJB_0,1.513071,103.686275,628,24864
shape_J40CWLMYJB_0,1.513027,103.686345,629,24873
shape_J40CWLMYJB_0,1.513004,103.686387,630,24878
shape_J40CWLMYJB_0,1.512989,103.686408,631,24881
shape_J40CWLMYJB_0,1.512973,103.686418,632,24883
shape_J40CWLMYJB_0,1.512915,103.686458,633,24891
shape_J40CWLMYJB_0,1.512848,103.686511,634,24900
shape_J40CWLMYJB_0,1.512588,103.686702,635,24936
shape_J40CWLMYJB_0,1.511938,103.687165,636,25025
shape_J40CWLMYJB_0,1.511547,103.687459,637,25079
shape_J40CWLMYJB_0,1.51153,103.68748,638,25082
shape_J40CWLMYJB_0,1.511355,103.687596,639,25105
shape_J40CWLMYJB_0,1.511071,103.687799,640,25144
shape_J40CWLMYJB_0,1.510827,103.687974,641,25177
shape_J40CWLMYJB_0,1.51053,103.688177,642,25217
shape_J40CWLMYJB_0,1.510079,103.688477,643,25277
shape_J40CWLMYJB_0,1.509706,103.688722,644,25327
shape_J40CWLMYJB_0,1.509352,103.688949,645,25374
shape_J40CWLMYJB_0,1.5092556027414226,103.68900925644871,646,25387
shape_J40CWLMYJB_0,1.509217031965023,103.68901956258298,647,25391
shape_J40CWLMYJB_0,1.509167,103.689059,648,25398
shape_J40CWLMYJB_0,1.508773,103.689286,649,25449
shape_J40CWLMYJB_0,1.508383,103.689504,650,25499
shape_J40CWLMYJB_0,1.508082,103.689674,651,25537
shape_J40CWLMYJB_0,1.507681,103.6899,652,25588
shape_J40CWLMYJB_0,1.507531,103.689983,653,25607
shape_J40CWLMYJB_0,1.507472,103.690011,654,25614
shape_J40CWLMYJB_0,1.507437,103.690026,655,25618
shape_J40CWLMYJB_0,1.50741,103.690034,656,25621
shape_J40CWLMYJB_0,1.507382,103.690036,657,25624
shape_J40CWLMYJB_0,1.507349,103.690028,658,25628
shape_J40CWLMYJB_0,1.507191,103.690108,659,25648
shape_J40CWLMYJB_0,1.506814,103.690336,660,25697
shape_J40CWLMYJB_0,1.506509,103.690524,661,25737
shape_J40CWLMYJB_0,1.506218,103.690698,662,25775
shape_J40CWLMYJB_0,1.505935,103.690877,663,25812
shape_J40CWLMYJB_0,1.5055521583590696,103.69112772520066,664,25863
shape_J40CWLMYJB_0,1.505155,103.691432,665,25919
shape_J40CWLMYJB_0,1.5047,103.691806,666,25984
shape_J40CWLMYJB_0,1.504399,103.692061,667,26028
shape_J40CWLMYJB_0,1.503975,103.692431,668,26091
shape_J40CWLMYJB_0,1.50375,103.692613,669,26123
shape_J40CWLMYJB_0,1.503406,103.692906,670,26173
shape_J40CWLMYJB_0,1.5028939970704942,103.6933916913843,671,26251
shape_J40CWLMYJB_0,1.50265,103.693624,672,26288
shape_J40CWLMYJB_0,1.502401,103.69387,673,26327
shape_J40CWLMYJB_0,1.501935,103.694414,674,26407
shape_J40CWLMYJB_0,1.5016,103.694797,675,26464
shape_J40CWLMYJB_0,1.501212,103.695295,676,26534
shape_J40CWLMYJB_0,1.5009104756632943,103.69569921172618,677,26590
shape_J40CWLMYJB_0,1.50081,103.69585,678,26610
shape_J40CWLMYJB_0,1.500679,103.696011,679,26633
shape_J40CWLMYJB_0,1.500175,103.696686,680,26727
shape_J40CWLMYJB_0,1.499681,103.697427,681,26826
shape_J40CWLMYJB_0,1.499019,103.698358,682,26953
shape_J40CWLMYJB_0,1.498893205677001,103.69854518668177,683,26978
shape_J40CWLMYJB_0,1.4988998053666278,103.69859639217377,684,26984
shape_J40CWLMYJB_0,1.498842,103.698618,685,26991
shape_J40CWLMYJB_0,1.498415,103.69925,686,27076
shape_J40CWLMYJB_0,1.497955,103.699905,687,27165
shape_J40CWLMYJB_0,1.497554,103.700495,688,27244
shape_J40CWLMYJB_0,1.497499,103.700568,689,27254
shape_J40CWLMYJB_0,1.497491,103.700588,690,27256
shape_J40CWLMYJB_0,1.497491,103.700606,691,27258
shape_J40CWLMYJB_0,1.497491,103.700629,692,27261
shape_J40CWLMYJB_0,1.49749,103.700658,693,27264
shape_J40CWLMYJB_0,1.497486,103.700685,694,27267
shape_J40CWLMYJB_0,1.497476,103.700741,695,27273
shape_J40CWLMYJB_0,1.497454,103.700796,696,27280
shape_J40CWLMYJB_0,1.497417,103.700873,697,27289
shape_J40CWLMYJB_0,1.497208,103.701217,698,27334
shape_J40CWLMYJB_0,1.497033,103.701496,699,27371
shape_J40CWLMYJB_0,1.4969354184381132,103.70151146228787,700,27382
shape_J40CWLMYJB_0,1.496936,103.701654,701,27398
shape_J40CWLMYJB_0,1.49635,103.702508,702,27513
shape_J40CWLMYJB_0,1.496003,103.703035,703,27583
shape_J40CWLMYJB_0,1.495886,103.703226,704,27608
shape_J40CWLMYJB_0,1.4958213730972296,103.70324224998471,705,27615
shape_J40CWLMYJB_0,1.495796,103.703367,706,27629
shape_J40CWLMYJB_0,1.495457,103.703868,707,27696
shape_J40CWLMYJB_0,1.494978,103.704541,708,27788
shape_J40CWLMYJB_0,1.494636,103.705071,709,27858
shape_J40CWLMYJB_0,1.494572,103.705163,710,27870
shape_J40CWLMYJB_0,1.4944689671196503,103.70527039875508,711,27887
shape_J40CWLMYJB_0,1.49445869277074,103.70531843712851,712,27892
shape_J40CWLMYJB_0,1.494148,103.705727,713,27949
shape_J40CWLMYJB_0,1.493848,103.706104,714,28003
shape_J40CWLMYJB_0,1.493592,103.70642,715,28048
shape_J40CWLMYJB_0,1.493203,103.706937,716,28120
shape_J40CWLMYJB_0,1.492818,103.707417,717,28188
shape_J40CWLMYJB_0,1.4926502912657493,103.70765680183507,718,28221
shape_J40CWLMYJB_0,1.4926318259306814,103.70768555023193,719,28225
shape_J40CWLMYJB_0,1.492557,103.707772,720,28238
shape_J40CWLMYJB_0,1.492251,103.708238,721,28300
shape_J40CWLMYJB_0,1.491611,103.709185,722,28427
shape_J40CWLMYJB_0,1.491349,103.709538,723,28476
shape_J40CWLMYJB_0,1.491233,103.709651,724,28494
shape_J40CWLMYJB_0,1.491146,103.709721,725,28506
shape_J40CWLMYJB_0,1.4911,103.709765,726,28513
shape_J40CWLMYJB_0,1.491054,103.70979,727,28519
shape_J40CWLMYJB_0,1.4907,103.710292,728,28587
shape_J40CWLMYJB_0,1.49041,103.710704,729,28643
shape_J40CWLMYJB_0,1.49009,103.71116,730,28705
shape_J40CWLMYJB_0,1.4898813783256146,103.71146291009283,731,28746
shape_J40CWLMYJB_0,1.489884,103.71147,732,28747
shape_J40CWLMYJB_0,1.489889,103.71148,733,28748
shape_J40CWLMYJB_0,1.489894,103.711497,734,28750
shape_J40CWLMYJB_0,1.489898,103.711507,735,28751
shape_J40CWLMYJB_0,1.489896,103.711522,736,28753
shape_J40CWLMYJB_0,1.489892,103.711539,737,28755
shape_J40CWLMYJB_0,1.489883,103.711569,738,28758
shape_J40CWLMYJB_0,1.489877,103.711591,739,28761
shape_J40CWLMYJB_0,1.489854,103.711624,740,28765
shape_J40CWLMYJB_0,1.489688,103.71188,741,28799
shape_J40CWLMYJB_0,1.4896029725576567,103.71201636441803,742,28817
shape_J40CWLMYJB_0,1.4895890697858858,103.71204647226574,743,28821
shape_J40CWLMYJB_0,1.489555,103.712084,744,28827
shape_J40CWLMYJB_0,1.489503,103.712161,745,28837
shape_J40CWLMYJB_0,1.489458,103.712216,746,28845
shape_J40CWLMYJB_0,1.489414,103.71226,747,28852
shape_J40CWLMYJB_0,1.489388,103.712279,748,28856
shape_J40CWLMYJB_0,1.489363,103.712301,749,28860
shape_J40CWLMYJB_0,1.489342,103.712313,750,28863
shape_J40CWLMYJB_0,1.489323,103.71232,751,28865
shape_J40CWLMYJB_0,1.489302,103.712329,752,28868
shape_J40CWLMYJB_0,1.489171,103.712511,753,28893
shape_J40CWLMYJB_0,1.488959,103.712812,754,28934
shape_J40CWLMYJB_0,1.488884,103.71292,755,28949
shape_J40CWLMYJB_0,1.488727,103.71315,756,28980
shape_J40CWLMYJB_0,1.488242,103.713801,757,29070
shape_J40CWLMYJB_0,1.487688,103.714554,758,29174
shape_J40CWLMYJB_0,1.487596,103.714697,759,29193
shape_J40CWLMYJB_0,1.4874859231479693,103.71491775463105,760,29220
shape_J40CWLMYJB_0,1.4874213955472935,103.71506550983906,761,29238
shape_J40CWLMYJB_0,1.487389043611985,103.71520399446013,762,29254
shape_J40CWLMYJB_0,1.487383681001417,103.71537355704305,763,29273
shape_J40CWLMYJB_0,1.4874,103.715626,764,29301
shape_J40CWLMYJB_0,1.487441615125985,103.71583454786777,765,29325
shape_J40CWLMYJB_0,1.487567,103.716229,766,29371
shape_J40CWLMYJB_0,1.48764,103.71649,767,29401
shape_J40CWLMYJB_0,1.487682,103.716675,768,29422
shape_J40CWLMYJB_0,1.487693,103.716721,769,29427
shape_J40CWLMYJB_0,1.487708,103.717387,770,29501
shape_J40CWLMYJB_0,1.487737,103.718102,771,29581
shape_J40CWLMYJB_0,1.487758,103.718534,772,29629
shape_J40CWLMYJB_0,1.4877507252193845,103.7186840815973,773,29646
shape_J40CWLMYJB_0,1.4877321207652139,103.71884804662702,774,29664
shape_J40CWLMYJB_0,1.487686867942897,103.71897860061168,775,29679
shape_J40CWLMYJB_0,1.4875974833766787,103.71912469386578,776,29698
shape_J40CWLMYJB_0,1.4874636809991124,103.71927793005943,777,29721
shape_J40CWLMYJB_0,1.4873437907932558,103.71936329447749,778,29737
shape_J40CWLMYJB_0,1.487239,103.719422,779,29750
shape_J40CWLMYJB_0,1.487025,103.71952,780,29776
shape_J40CWLMYJB_0,1.4868801646915264,103.71958408159735,781,29794
shape_J40CWLMYJB_0,1.4867207252243828,103.71970285706041,782,29816
shape_J40CWLMYJB_0,1.4866213955514327,103.71980682209012,783,29832
shape_J40CWLMYJB_0,1.486539439470841,103.71994536441805,784,29850
shape_J40CWLMYJB_0,1.4864920109797766,103.72005278279677,785,29863
shape_J40CWLMYJB_0,1.48645,103.720168,786,29877
shape_J40CWLMYJB_0,1.486427,103.720255,787,29887
shape_J40CWLMYJB_0,1.486419,103.720307,788,29893
shape_J40CWLMYJB_0,1.48643,103.72037,789,29900
shape_J40CWLMYJB_0,1.4864414504515349,103.72057475214959,790,29923
shape_J40CWLMYJB_0,1.486505,103.721402,791,30015
shape_J40CWLMYJB_0,1.486586,103.722393,792,30126
shape_J40CWLMYJB_0,1.486665,103.723215,793,30218
shape_J40CWLMYJB_0,1.486688,103.723375,794,30236
shape_J40CWLMYJB_0,1.4867181537141683,103.72355341104507,795,30256
shape_J40CWLMYJB_0,1.4867661976317623,103.72377650124072,796,30281
shape_J40CWLMYJB_0,1.486825,103.723985,797,30305
shape_J40CWLMYJB_0,1.486897,103.724177,798,30328
shape_J40CWLMYJB_0,1.487121823152766,103.7246604362631,799,30387
shape_J40CWLMYJB_0,1.4872,103.72468,800,30396
shape_J40CWLMYJB_0,1.487192,103.724786,801,30408
shape_J40CWLMYJB_0,1.487305,103.724947,802,30430
shape_J40CWLMYJB_0,1.4874069777374255,103.72509431473257,803,30450
shape_J40CWLMYJB_0,1.487625,103.725421,804,30494
shape_J40CWLMYJB_0,1.48785,103.725759,805,30539
shape_J40CWLMYJB_0,1.4879791533784406,103.72595233192922,806,30565
shape_J40CWLMYJB_0,1.488063,103.726097,807,30584
shape_J40CWLMYJB_0,1.48812,103.726205,808,30598
shape_J40CWLMYJB_0,1.488227,103.726427,809,30625
shape_J40CWLMYJB_0,1.488321,103.726639,810,30651
shape_J40CWLMYJB_0,1.488473,103.727032,811,30698
shape_J40CWLMYJB_0,1.488593,103.727365,812,30737
shape_J40CWLMYJB_0,1.488658,103.727561,813,30760
shape_J40CWLMYJB_0,1.4886978210201764,103.72763168734551,814,30769
shape_J40CWLMYJB_0,1.48875,103.72764,815,30775
shape_J40CWLMYJB_0,1.488731,103.72777,816,30790
shape_J40CWLMYJB_0,1.488913,103.728263,817,30848
shape_J40CWLMYJB_0,1.489359329674295,103.72953134110449,818,30997
shape_J40CWLMYJB_0,1.489473,103.729863,819,31036
shape_J40CWLMYJB_0,1.489578,103.730169,820,31072
shape_J40CWLMYJB_0,1.489714,103.730554,821,31117
shape_J40CWLMYJB_0,1.48982,103.730835,822,31150
shape_J40CWLMYJB_0,1.48992,103.731143,823,31186
shape_J40CWLMYJB_0,1.489994,103.731397,824,31215
shape_J40CWLMYJB_0,1.490056,103.731644,825,31243
shape_J40CWLMYJB_0,1.4900917445472663,103.73187116163733,826,31269
shape_J40CWLMYJB_0,1.4901815681621255,103.73285486179354,827,31379
shape_J40CWLMYJB_0,1.49022,103.7333,828,31429
shape_J40CWLMYJB_0,1.490241,103.733525,829,31454
shape_J40CWLMYJB_0,1.490274,103.733885,830,31494
shape_J40CWLMYJB_0,1.490333,103.734654,831,31580
shape_J40CWLMYJB_0,1.490368,103.735141,832,31634
shape_J40CWLMYJB_0,1.4903786438415823,103.73544721680643,833,31668
shape_J40CWLMYJB_0,1.490359,103.735814,834,31709
shape_J40CWLMYJB_0,1.49032,103.736176,835,31749
shape_J40CWLMYJB_0,1.490272,103.736502,836,31786
shape_J40CWLMYJB_0,1.490199,103.736865,837,31827
shape_J40CWLMYJB_0,1.490131,103.737117,838,31856
shape_J40CWLMYJB_0,1.49004012948336,103.73744341784075,839,31894
shape_J40CWLMYJB_0,1.489883,103.737851,840,31943
shape_J40CWLMYJB_0,1.489757,103.738175,841,31982
shape_J40CWLMYJB_0,1.489571,103.73859,842,32033
shape_J40CWLMYJB_0,1.489384,103.739,843,32083
shape_J40CWLMYJB_0,1.489228,103.739338,844,32124
shape_J40CWLMYJB_0,1.489137,103.739564,845,32151
shape_J40CWLMYJB_0,1.489098,103.739713,846,32168
shape_J40CWLMYJB_0,1.4890303186967346,103.74001501165677,847,32202
shape_J40CWLMYJB_0,1.489002,103.740156,848,32218
shape_J40CWLMYJB_0,1.488961,103.740311,849,32236
shape_J40CWLMYJB_0,1.488925,103.740457,850,32253
shape_J40CWLMYJB_0,1.4888764440848377,103.74078481274607,851,32290
shape_J40CWLMYJB_0,1.4888443077188744,103.74097255092619,852,32311
shape_J40CWLMYJB_0,1.488851,103.741005,853,32315
shape_J40CWLMYJB_0,1.48887,103.741054,854,32321
shape_J40CWLMYJB_0,1.4888885099504197,103.74111606555941,855,32328
shape_J40CWLMYJB_0,1.488932,103.74121,856,32340
shape_J40CWLMYJB_0,1.488967,103.741288,857,32350
shape_J40CWLMYJB_0,1.489004,103.741351,858,32358
shape_J40CWLMYJB_0,1.489052,103.741417,859,32367
shape_J40CWLMYJB_0,1.4890979867729048,103.74147733434478,860,32375
shape_J40CWLMYJB_0,1.489155,103.74154,861,32384
shape_J40CWLMYJB_0,1.489187,103.741571,862,32389
shape_J40CWLMYJB_0,1.48921,103.741592,863,32392
shape_J40CWLMYJB_0,1.48925,103.741614,864,32397
shape_J40CWLMYJB_0,1.489283,103.741628,865,32401
shape_J40CWLMYJB_0,1.489334,103.741641,866,32407
shape_J40CWLMYJB_0,1.489364,103.741644,867,32410
shape_J40CWLMYJB_0,1.489416,103.741646,868,32416
shape_J40CWLMYJB_0,1.489515,103.741635,869,32427
shape_J40CWLMYJB_0,1.4895802861332228,103.74161128591614,870,32435
shape_J40CWLMYJB_0,1.489676,103.74157,871,32447
shape_J40CWLMYJB_0,1.489745,103.741543,872,32455
shape_J40CWLMYJB_0,1.489805515541224,103.74149863313751,873,32463
shape_J40CWLMYJB_0,1.489852,103.741451,874,32470
shape_J40CWLMYJB_0,1.489892,103.741405,875,32477
shape_J40CWLMYJB_0,1.489921,103.741337,876,32485
shape_J40CWLMYJB_0,1.4899395806540947,103.74126796316223,877,32493
shape_J40CWLMYJB_0,1.489949,103.741207,878,32500
shape_J40CWLMYJB_0,1.489951,103.741136,879,32508
shape_J40CWLMYJB_0,1.489943,103.741066,880,32516
shape_J40CWLMYJB_0,1.489931,103.740973,881,32526
shape_J40CWLMYJB_0,1.4899013720977479,103.74089379500465,882,32535
shape_J40CWLMYJB_0,1.489868,103.740825,883,32543
shape_J40CWLMYJB_0,1.489803,103.740766,884,32553
shape_J40CWLMYJB_0,1.4897409945115994,103.74072562975357,885,32561
shape_J40CWLMYJB_0,1.489672,103.740687,886,32570
shape_J40CWLMYJB_0,1.4896,103.740654,887,32579
shape_J40CWLMYJB_0,1.489529,103.740612,888,32588
shape_J40CWLMYJB_0,1.48949,103.740589,889,32593
shape_J40CWLMYJB_0,1.489448,103.740573,890,32598
shape_J40CWLMYJB_0,1.489397,103.74056,891,32604
shape_J40CWLMYJB_0,1.489118,103.740485,892,32636
shape_J40CWLMYJB_0,1.488991,103.740448,893,32651
shape_J40CWLMYJB_0,1.488862,103.740398,894,32666
shape_J40CWLMYJB_0,1.488725,103.740349,895,32682
shape_J40CWLMYJB_0,1.488592,103.740297,896,32698
shape_J40CWLMYJB_0,1.488453,103.740251,897,32714
shape_J40CWLMYJB_0,1.488322,103.740201,898,32730
shape_J40CWLMYJB_0,1.4882373900539871,103.7401800058284,899,32740
shape_J40CWLMYJB_0,1.488227,103.740185,900,32741
shape_J40CWLMYJB_0,1.488212,103.740187,901,32743
shape_J40CWLMYJB_0,1.488178,103.740191,902,32747
shape_J40CWLMYJB_0,1.488139,103.740199,903,32751
shape_J40CWLMYJB_0,1.488099,103.740202,904,32755
shape_J40CWLMYJB_0,1.488068,103.740207,905,32758
shape_J40CWLMYJB_0,1.488019,103.740217,906,32764
shape_J40CWLMYJB_0,1.48799,103.740227,907,32767
shape_J40CWLMYJB_0,1.48797,103.740233,908,32769
shape_J40CWLMYJB_0,1.487944,103.74024,909,32772
shape_J40CWLMYJB_0,1.487919,103.740249,910,32775
shape_J40CWLMYJB_0,1.487902,103.740253,911,32777
shape_J40CWLMYJB_0,1.487887,103.740261,912,32779
shape_J40CWLMYJB_0,1.487869,103.740271,913,32781
shape_J40CWLMYJB_0,1.487846,103.74029,914,32784
shape_J40CWLMYJB_0,1.487825,103.740311,915,32787
shape_J40CWLMYJB_0,1.487807,103.740332,916,32790
shape_J40CWLMYJB_0,1.487778,103.740365,917,32795
shape_J40CWLMYJB_0,1.487757,103.740387,918,32798
shape_J40CWLMYJB_0,1.487728,103.740424,919,32803
shape_J40CWLMYJB_0,1.487707,103.740453,920,32807
shape_J40CWLMYJB_0,1.487687,103.74049,921,32812
shape_J40CWLMYJB_0,1.487671,103.740522,922,32816
shape_J40CWLMYJB_0,1.487657,103.740552,923,32820
shape_J40CWLMYJB_0,1.487647,103.74058,924,32823
shape_J40CWLMYJB_0,1.487642,103.740609,925,32826
shape_J40CWLMYJB_0,1.487634,103.740647,926,32830
shape_J40CWLMYJB_0,1.487633,103.740675,927,32833
shape_J40CWLMYJB_0,1.487632,103.74072,928,32838
shape_J40CWLMYJB_0,1.487631,103.740754,929,32842
shape_J40CWLMYJB_0,1.487636,103.74084,930,32852
shape_J40CWLMYJB_0,1.487641,103.740873,931,32856
shape_J40CWLMYJB_0,1.487648,103.740919,932,32861
shape_J40CWLMYJB_0,1.487662,103.740969,933,32867
shape_J40CWLMYJB_0,1.487669,103.740996,934,32870
shape_J40CWLMYJB_0,1.487691,103.741036,935,32875
shape_J40CWLMYJB_0,1.487703,103.741066,936,32879
shape_J40CWLMYJB_0,1.487722,103.741105,937,32884
shape_J40CWLMYJB_0,1.487736,103.741136,938,32888
shape_J40CWLMYJB_0,1.487763,103.741168,939,32893
shape_J40CWLMYJB_0,1.487787,103.741207,940,32898
shape_J40CWLMYJB_0,1.487804,103.741236,941,32902
shape_J40CWLMYJB_0,1.487827,103.74126,942,32906
shape_J40CWLMYJB_0,1.487838,103.741271,943,32908
shape_J40CWLMYJB_0,1.487859,103.741288,944,32911
shape_J40CWLMYJB_0,1.487877,103.7413,945,32913
shape_J40CWLMYJB_0,1.487898,103.741318,946,32916
shape_J40CWLMYJB_0,1.487919,103.741333,947,32919
shape_J40CWLMYJB_0,1.48795,103.741347,948,32923
shape_J40CWLMYJB_0,1.487971,103.741358,949,32926
shape_J40CWLMYJB_0,1.488015,103.741373,950,32931
shape_J40CWLMYJB_0,1.488043,103.741383,951,32934
shape_J40CWLMYJB_0,1.488081,103.741391,952,32938
shape_J40CWLMYJB_0,1.4881037526634584,103.74139734693289,953,32941
shape_J40CWLMYJB_0,1.488127,103.741401,954,32944
shape_J40CWLMYJB_0,1.488156,103.741405,955,32947
shape_J40CWLMYJB_0,1.488189,103.741408,956,32951
shape_J40CWLMYJB_0,1.48822,103.741405,957,32954
shape_J40CWLMYJB_0,1.488262,103.741406,958,32959
shape_J40CWLMYJB_0,1.488285,103.7414,959,32962
shape_J40CWLMYJB_0,1.488357,103.741375,960,32970
shape_J40CWLMYJB_0,1.488399,103.741357,961,32975
shape_J40CWLMYJB_0,1.488427,103.741338,962,32979
shape_J40CWLMYJB_0,1.488469,103.741314,963,32984
shape_J40CWLMYJB_0,1.488497,103.741295,964,32988
shape_J40CWLMYJB_0,1.488522,103.741275,965,32992
shape_J40CWLMYJB_0,1.488541,103.741256,966,32995
shape_J40CWLMYJB_0,1.488564,103.741229,967,32999
shape_J40CWLMYJB_0,1.488589,103.7412,968,33003
shape_J40CWLMYJB_0,1.48861,103.741178,969,33006
shape_J40CWLMYJB_0,1.48863,103.741151,970,33010
shape_J40CWLMYJB_0,1.488651,103.741112,971,33015
shape_J40CWLMYJB_0,1.488667,103.741067,972,33020
shape_J40CWLMYJB_0,1.488702,103.740962,973,33032
shape_J40CWLMYJB_0,1.48873,103.740882,974,33041
shape_J40CWLMYJB_0,1.488756,103.740808,975,33050
shape_J40CWLMYJB_0,1.488772,103.740762,976,33055
shape_J40CWLMYJB_0,1.488779,103.740703,977,33062
shape_J40CWLMYJB_0,1.488823,103.740455,978,33090
shape_J40CWLMYJB_0,1.48886,103.740229,979,33115
shape_J40CWLMYJB_0,1.489014,103.740279,980,33133
shape_J40CWLMYJB_0,1.489161,103.740328,981,33150
shape_J40CWLMYJB_0,1.489379,103.7404,982,33176
shape_J40CWLMYJB_0,1.489733,103.740525,983,33218
shape_J40CWLMYJB_0,1.4897894277271402,103.74054376672821,984,33225
shape_J40CWLMYJB_0,1.490032,103.74064,985,33254
shape_J40CWLMYJB_0,1.490305,103.740724,986,33286
shape_J40CWLMYJB_0,1.49061,103.740785,987,33321
shape_J40CWLMYJB_0,1.490858,103.74079,988,33349
shape_J40CWLMYJB_0,1.491166,103.740791,989,33383
shape_J40CWLMYJB_0,1.4915293178639086,103.74074842576024,990,33424
shape_J40CWLMYJB_0,1.49164,103.74065,991,33440
shape_J40CWLMYJB_0,1.491756,103.740688,992,33454
shape_J40CWLMYJB_0,1.492183,103.740563,993,33503
shape_J40CWLMYJB_0,1.492551,103.740453,994,33546
shape_J40CWLMYJB_0,1.49267,103.74043,995,33559
shape_J40CWLMYJB_0,1.4927744119806938,103.74039440244678,996,33571
shape_J40CWLMYJB_0,1.492785,103.7404,997,33572
shape_J40CWLMYJB_0,1.492798,103.740407,998,33574
shape_J40CWLMYJB_0,1.492813,103.740411,999,33576
shape_J40CWLMYJB_0,1.49283,103.740413,1000,33578
shape_J40CWLMYJB_0,1.492852,103.740408,1001,33581
shape_J40CWLMYJB_0,1.492920,103.740401,1002,33589
shape_J40CWLMYJB_0,1.493085,103.740357,1003,33608
shape_J40CWLMYJB_0,1.493163,103.740339,1004,33617
shape_J40CWLMYJB_0,1.4932391042494528,103.74032704079869,1005,33626
shape_J40CWLMYJB_0,1.493263,103.740336,1006,33629
shape_J40CWLMYJB_0,1.493294,103.740357,1007,33633
shape_J40CWLMYJB_0,1.4933054723318466,103.74040224479195,1008,33638
shape_J40CWLMYJB_0,1.493366,103.740618,1009,33663
shape_J40CWLMYJB_0,1.493386,103.740708,1010,33673
shape_J40CWLMYJB_0,1.493461,103.740950,1011,33701
shape_J40CWLMYJB_0,1.493525,103.741156,1012,33725
shape_J40CWLMYJB_0,1.4935976479016932,103.74133803162334,1013,33747
shape_J40CWLMYJB_0,1.493622,103.741390,1014,33753
shape_J40CWLMYJB_0,1.493696,103.741532,1015,33771
shape_J40CWLMYJB_0,1.493801,103.741762,1016,33799
shape_J40CWLMYJB_0,1.4938520658383712,103.74187392117264,1017,33813
shape_J40CWLMYJB_0,1.493950,103.742079,1018,33838
shape_J40CWLMYJB_0,1.494024,103.742237,1019,33857
shape_J40CWLMYJB_0,1.494076,103.742345,1020,33870
shape_J40CWLMYJB_0,1.494158,103.742514,1021,33891
shape_J40CWLMYJB_0,1.494227,103.742649,1022,33908
shape_J40CWLMYJB_0,1.4945573406482713,103.74335969692419,1023,33995
shape_J40CWLMYJB_0,1.4950018683361086,103.7432407521496,1024,34046
shape_J40CWLMYJB_0,1.494905145142643,103.74270104737761,1025,34107
shape_J40CWLMYJB_0,1.49487,103.74263,1026,34116